experiment,population,head,target,horizon_min,event_class,split,n_samples,n_positive,n_days,decision_threshold,metric,value,ci95_low,ci95_high
E1,common,in_flare,flare in progress,0,>=C1.0 (GOES-18 XRS flare list),test,104186,8386,162,0.337,ROC_AUC,0.945792,0.9407,0.9508
E1,common,in_flare,flare in progress,0,>=C1.0 (GOES-18 XRS flare list),test,104186,8386,162,0.337,TSS,0.771079,0.7593,0.7828
E1,common,in_flare,flare in progress,0,>=C1.0 (GOES-18 XRS flare list),test,104186,8386,162,0.337,POD_recall,0.839733,,
E1,common,in_flare,flare in progress,0,>=C1.0 (GOES-18 XRS flare list),test,104186,8386,162,0.337,precision,0.517072,,
E1,common,in_flare,flare in progress,0,>=C1.0 (GOES-18 XRS flare list),test,104186,8386,162,0.337,F1,0.640036,,
E1,common,in_flare,flare in progress,0,>=C1.0 (GOES-18 XRS flare list),test,104186,8386,162,0.337,false_alarm_ratio,0.482928,,
E1,common,in_flare,flare in progress,0,>=C1.0 (GOES-18 XRS flare list),test,104186,8386,162,0.337,false_positive_rate,0.068653,,
E1,common,in_flare,flare in progress,0,>=C1.0 (GOES-18 XRS flare list),test,104186,8386,162,0.337,HSS,0.600204,,
E1,common,in_flare,flare in progress,0,>=C1.0 (GOES-18 XRS flare list),test,104186,8386,162,0.337,frequency_bias,1.624016,,
E1,common,in_flare,flare in progress,0,>=C1.0 (GOES-18 XRS flare list),test,104186,8386,162,0.337,accuracy,0.923973,,
E1,common,in_flare,flare in progress,0,>=C1.0 (GOES-18 XRS flare list),test,104186,8386,162,0.337,TP,7042.0,,
E1,common,in_flare,flare in progress,0,>=C1.0 (GOES-18 XRS flare list),test,104186,8386,162,0.337,FP,6577.0,,
E1,common,in_flare,flare in progress,0,>=C1.0 (GOES-18 XRS flare list),test,104186,8386,162,0.337,FN,1344.0,,
E1,common,in_flare,flare in progress,0,>=C1.0 (GOES-18 XRS flare list),test,104186,8386,162,0.337,TN,89223.0,,
E1,common,in_flare,flare in progress,0,>=C1.0 (GOES-18 XRS flare list),test,104186,8386,162,0.337,Brier_raw,0.059324,,
E1,common,in_flare,flare in progress,0,>=C1.0 (GOES-18 XRS flare list),test,104186,8386,162,0.337,BSS_raw,0.198453,,
E1,common,in_flare,flare in progress,0,>=C1.0 (GOES-18 XRS flare list),test,104186,8386,162,0.337,Brier_calibrated,0.029396,,
E1,common,in_flare,flare in progress,0,>=C1.0 (GOES-18 XRS flare list),test,104186,8386,162,0.337,BSS_calibrated,0.602823,0.5762,0.6252
E1,common,flare_within_15min,flare starts or is in progress within the horizon,15,>=C1.0 (GOES-18 XRS flare list),test,104186,14347,162,0.411,ROC_AUC,0.809275,0.7961,0.8233
E1,common,flare_within_15min,flare starts or is in progress within the horizon,15,>=C1.0 (GOES-18 XRS flare list),test,104186,14347,162,0.411,TSS,0.472518,0.4559,0.4901
E1,common,flare_within_15min,flare starts or is in progress within the horizon,15,>=C1.0 (GOES-18 XRS flare list),test,104186,14347,162,0.411,POD_recall,0.553774,,
E1,common,flare_within_15min,flare starts or is in progress within the horizon,15,>=C1.0 (GOES-18 XRS flare list),test,104186,14347,162,0.411,precision,0.521154,,
E1,common,flare_within_15min,flare starts or is in progress within the horizon,15,>=C1.0 (GOES-18 XRS flare list),test,104186,14347,162,0.411,F1,0.536969,,
E1,common,flare_within_15min,flare starts or is in progress within the horizon,15,>=C1.0 (GOES-18 XRS flare list),test,104186,14347,162,0.411,false_alarm_ratio,0.478846,,
E1,common,flare_within_15min,flare starts or is in progress within the horizon,15,>=C1.0 (GOES-18 XRS flare list),test,104186,14347,162,0.411,false_positive_rate,0.081256,,
E1,common,flare_within_15min,flare starts or is in progress within the horizon,15,>=C1.0 (GOES-18 XRS flare list),test,104186,14347,162,0.411,HSS,0.46041,,
E1,common,flare_within_15min,flare starts or is in progress within the horizon,15,>=C1.0 (GOES-18 XRS flare list),test,104186,14347,162,0.411,frequency_bias,1.062591,,
E1,common,flare_within_15min,flare starts or is in progress within the horizon,15,>=C1.0 (GOES-18 XRS flare list),test,104186,14347,162,0.411,accuracy,0.868485,,
E1,common,flare_within_15min,flare starts or is in progress within the horizon,15,>=C1.0 (GOES-18 XRS flare list),test,104186,14347,162,0.411,TP,7945.0,,
E1,common,flare_within_15min,flare starts or is in progress within the horizon,15,>=C1.0 (GOES-18 XRS flare list),test,104186,14347,162,0.411,FP,7300.0,,
E1,common,flare_within_15min,flare starts or is in progress within the horizon,15,>=C1.0 (GOES-18 XRS flare list),test,104186,14347,162,0.411,FN,6402.0,,
E1,common,flare_within_15min,flare starts or is in progress within the horizon,15,>=C1.0 (GOES-18 XRS flare list),test,104186,14347,162,0.411,TN,82539.0,,
E1,common,flare_within_15min,flare starts or is in progress within the horizon,15,>=C1.0 (GOES-18 XRS flare list),test,104186,14347,162,0.411,Brier_raw,0.131364,,
E1,common,flare_within_15min,flare starts or is in progress within the horizon,15,>=C1.0 (GOES-18 XRS flare list),test,104186,14347,162,0.411,BSS_raw,-0.106292,,
E1,common,flare_within_15min,flare starts or is in progress within the horizon,15,>=C1.0 (GOES-18 XRS flare list),test,104186,14347,162,0.411,Brier_calibrated,0.07815,,
E1,common,flare_within_15min,flare starts or is in progress within the horizon,15,>=C1.0 (GOES-18 XRS flare list),test,104186,14347,162,0.411,BSS_calibrated,0.341853,0.3211,0.3598
E1,common,flare_within_30min,flare starts or is in progress within the horizon,30,>=C1.0 (GOES-18 XRS flare list),test,104186,19678,162,0.451,ROC_AUC,0.750305,0.7325,0.7677
E1,common,flare_within_30min,flare starts or is in progress within the horizon,30,>=C1.0 (GOES-18 XRS flare list),test,104186,19678,162,0.451,TSS,0.357825,0.3389,0.3765
E1,common,flare_within_30min,flare starts or is in progress within the horizon,30,>=C1.0 (GOES-18 XRS flare list),test,104186,19678,162,0.451,POD_recall,0.471542,,
E1,common,flare_within_30min,flare starts or is in progress within the horizon,30,>=C1.0 (GOES-18 XRS flare list),test,104186,19678,162,0.451,precision,0.491238,,
E1,common,flare_within_30min,flare starts or is in progress within the horizon,30,>=C1.0 (GOES-18 XRS flare list),test,104186,19678,162,0.451,F1,0.481189,,
E1,common,flare_within_30min,flare starts or is in progress within the horizon,30,>=C1.0 (GOES-18 XRS flare list),test,104186,19678,162,0.451,false_alarm_ratio,0.508762,,
E1,common,flare_within_30min,flare starts or is in progress within the horizon,30,>=C1.0 (GOES-18 XRS flare list),test,104186,19678,162,0.451,false_positive_rate,0.113717,,
E1,common,flare_within_30min,flare starts or is in progress within the horizon,30,>=C1.0 (GOES-18 XRS flare list),test,104186,19678,162,0.451,HSS,0.363414,,
E1,common,flare_within_30min,flare starts or is in progress within the horizon,30,>=C1.0 (GOES-18 XRS flare list),test,104186,19678,162,0.451,frequency_bias,0.959904,,
E1,common,flare_within_30min,flare starts or is in progress within the horizon,30,>=C1.0 (GOES-18 XRS flare list),test,104186,19678,162,0.451,accuracy,0.807949,,
E1,common,flare_within_30min,flare starts or is in progress within the horizon,30,>=C1.0 (GOES-18 XRS flare list),test,104186,19678,162,0.451,TP,9279.0,,
E1,common,flare_within_30min,flare starts or is in progress within the horizon,30,>=C1.0 (GOES-18 XRS flare list),test,104186,19678,162,0.451,FP,9610.0,,
E1,common,flare_within_30min,flare starts or is in progress within the horizon,30,>=C1.0 (GOES-18 XRS flare list),test,104186,19678,162,0.451,FN,10399.0,,
E1,common,flare_within_30min,flare starts or is in progress within the horizon,30,>=C1.0 (GOES-18 XRS flare list),test,104186,19678,162,0.451,TN,74898.0,,
E1,common,flare_within_30min,flare starts or is in progress within the horizon,30,>=C1.0 (GOES-18 XRS flare list),test,104186,19678,162,0.451,Brier_raw,0.168402,,
E1,common,flare_within_30min,flare starts or is in progress within the horizon,30,>=C1.0 (GOES-18 XRS flare list),test,104186,19678,162,0.451,BSS_raw,-0.099229,,
E1,common,flare_within_30min,flare starts or is in progress within the horizon,30,>=C1.0 (GOES-18 XRS flare list),test,104186,19678,162,0.451,Brier_calibrated,0.116603,,
E1,common,flare_within_30min,flare starts or is in progress within the horizon,30,>=C1.0 (GOES-18 XRS flare list),test,104186,19678,162,0.451,BSS_calibrated,0.238884,0.2182,0.2567
E1,common,flare_within_60min,flare starts or is in progress within the horizon,60,>=C1.0 (GOES-18 XRS flare list),test,104186,28802,162,0.535,ROC_AUC,0.694862,0.6748,0.7194
E1,common,flare_within_60min,flare starts or is in progress within the horizon,60,>=C1.0 (GOES-18 XRS flare list),test,104186,28802,162,0.535,TSS,0.256709,0.2341,0.2779
E1,common,flare_within_60min,flare starts or is in progress within the horizon,60,>=C1.0 (GOES-18 XRS flare list),test,104186,28802,162,0.535,POD_recall,0.363933,,
E1,common,flare_within_60min,flare starts or is in progress within the horizon,60,>=C1.0 (GOES-18 XRS flare list),test,104186,28802,162,0.535,precision,0.564611,,
E1,common,flare_within_60min,flare starts or is in progress within the horizon,60,>=C1.0 (GOES-18 XRS flare list),test,104186,28802,162,0.535,F1,0.442587,,
E1,common,flare_within_60min,flare starts or is in progress within the horizon,60,>=C1.0 (GOES-18 XRS flare list),test,104186,28802,162,0.535,false_alarm_ratio,0.435389,,
E1,common,flare_within_60min,flare starts or is in progress within the horizon,60,>=C1.0 (GOES-18 XRS flare list),test,104186,28802,162,0.535,false_positive_rate,0.107224,,
E1,common,flare_within_60min,flare starts or is in progress within the horizon,60,>=C1.0 (GOES-18 XRS flare list),test,104186,28802,162,0.535,HSS,0.288377,,
E1,common,flare_within_60min,flare starts or is in progress within the horizon,60,>=C1.0 (GOES-18 XRS flare list),test,104186,28802,162,0.535,frequency_bias,0.644573,,
E1,common,flare_within_60min,flare starts or is in progress within the horizon,60,>=C1.0 (GOES-18 XRS flare list),test,104186,28802,162,0.535,accuracy,0.746578,,
E1,common,flare_within_60min,flare starts or is in progress within the horizon,60,>=C1.0 (GOES-18 XRS flare list),test,104186,28802,162,0.535,TP,10482.0,,
E1,common,flare_within_60min,flare starts or is in progress within the horizon,60,>=C1.0 (GOES-18 XRS flare list),test,104186,28802,162,0.535,FP,8083.0,,
E1,common,flare_within_60min,flare starts or is in progress within the horizon,60,>=C1.0 (GOES-18 XRS flare list),test,104186,28802,162,0.535,FN,18320.0,,
E1,common,flare_within_60min,flare starts or is in progress within the horizon,60,>=C1.0 (GOES-18 XRS flare list),test,104186,28802,162,0.535,TN,67301.0,,
E1,common,flare_within_60min,flare starts or is in progress within the horizon,60,>=C1.0 (GOES-18 XRS flare list),test,104186,28802,162,0.535,Brier_raw,0.213294,,
E1,common,flare_within_60min,flare starts or is in progress within the horizon,60,>=C1.0 (GOES-18 XRS flare list),test,104186,28802,162,0.535,BSS_raw,-0.06634,,
E1,common,flare_within_60min,flare starts or is in progress within the horizon,60,>=C1.0 (GOES-18 XRS flare list),test,104186,28802,162,0.535,Brier_calibrated,0.170679,,
E1,common,flare_within_60min,flare starts or is in progress within the horizon,60,>=C1.0 (GOES-18 XRS flare list),test,104186,28802,162,0.535,BSS_calibrated,0.14671,0.1179,0.1667
E1,native,in_flare,flare in progress,0,>=C1.0 (GOES-18 XRS flare list),test,106570,8679,162,0.337,ROC_AUC,0.945762,0.9409,0.9507
E1,native,in_flare,flare in progress,0,>=C1.0 (GOES-18 XRS flare list),test,106570,8679,162,0.337,TSS,0.771866,0.7602,0.783
E1,native,in_flare,flare in progress,0,>=C1.0 (GOES-18 XRS flare list),test,106570,8679,162,0.337,POD_recall,0.840535,,
E1,native,in_flare,flare in progress,0,>=C1.0 (GOES-18 XRS flare list),test,106570,8679,162,0.337,precision,0.520439,,
E1,native,in_flare,flare in progress,0,>=C1.0 (GOES-18 XRS flare list),test,106570,8679,162,0.337,F1,0.642845,,
E1,native,in_flare,flare in progress,0,>=C1.0 (GOES-18 XRS flare list),test,106570,8679,162,0.337,false_alarm_ratio,0.479561,,
E1,native,in_flare,flare in progress,0,>=C1.0 (GOES-18 XRS flare list),test,106570,8679,162,0.337,false_positive_rate,0.068668,,
E1,native,in_flare,flare in progress,0,>=C1.0 (GOES-18 XRS flare list),test,106570,8679,162,0.337,HSS,0.602899,,
E1,native,in_flare,flare in progress,0,>=C1.0 (GOES-18 XRS flare list),test,106570,8679,162,0.337,frequency_bias,1.615048,,
E1,native,in_flare,flare in progress,0,>=C1.0 (GOES-18 XRS flare list),test,106570,8679,162,0.337,accuracy,0.923937,,
E1,native,in_flare,flare in progress,0,>=C1.0 (GOES-18 XRS flare list),test,106570,8679,162,0.337,TP,7295.0,,
E1,native,in_flare,flare in progress,0,>=C1.0 (GOES-18 XRS flare list),test,106570,8679,162,0.337,FP,6722.0,,
E1,native,in_flare,flare in progress,0,>=C1.0 (GOES-18 XRS flare list),test,106570,8679,162,0.337,FN,1384.0,,
E1,native,in_flare,flare in progress,0,>=C1.0 (GOES-18 XRS flare list),test,106570,8679,162,0.337,TN,91169.0,,
E1,native,in_flare,flare in progress,0,>=C1.0 (GOES-18 XRS flare list),test,106570,8679,162,0.337,Brier_raw,0.059526,,
E1,native,in_flare,flare in progress,0,>=C1.0 (GOES-18 XRS flare list),test,106570,8679,162,0.337,BSS_raw,0.204273,,
E1,native,in_flare,flare in progress,0,>=C1.0 (GOES-18 XRS flare list),test,106570,8679,162,0.337,Brier_calibrated,0.029676,,
E1,native,in_flare,flare in progress,0,>=C1.0 (GOES-18 XRS flare list),test,106570,8679,162,0.337,BSS_calibrated,0.603298,0.5766,0.6265
E1,native,flare_within_15min,flare starts or is in progress within the horizon,15,>=C1.0 (GOES-18 XRS flare list),test,106570,14846,162,0.411,ROC_AUC,0.810925,0.7972,0.8253
E1,native,flare_within_15min,flare starts or is in progress within the horizon,15,>=C1.0 (GOES-18 XRS flare list),test,106570,14846,162,0.411,TSS,0.473904,0.4567,0.4908
E1,native,flare_within_15min,flare starts or is in progress within the horizon,15,>=C1.0 (GOES-18 XRS flare list),test,106570,14846,162,0.411,POD_recall,0.555638,,
E1,native,flare_within_15min,flare starts or is in progress within the horizon,15,>=C1.0 (GOES-18 XRS flare list),test,106570,14846,162,0.411,precision,0.523879,,
E1,native,flare_within_15min,flare starts or is in progress within the horizon,15,>=C1.0 (GOES-18 XRS flare list),test,106570,14846,162,0.411,F1,0.539291,,
E1,native,flare_within_15min,flare starts or is in progress within the horizon,15,>=C1.0 (GOES-18 XRS flare list),test,106570,14846,162,0.411,false_alarm_ratio,0.476121,,
E1,native,flare_within_15min,flare starts or is in progress within the horizon,15,>=C1.0 (GOES-18 XRS flare list),test,106570,14846,162,0.411,false_positive_rate,0.081734,,
E1,native,flare_within_15min,flare starts or is in progress within the horizon,15,>=C1.0 (GOES-18 XRS flare list),test,106570,14846,162,0.411,HSS,0.462162,,
E1,native,flare_within_15min,flare starts or is in progress within the horizon,15,>=C1.0 (GOES-18 XRS flare list),test,106570,14846,162,0.411,frequency_bias,1.060622,,
E1,native,flare_within_15min,flare starts or is in progress within the horizon,15,>=C1.0 (GOES-18 XRS flare list),test,106570,14846,162,0.411,accuracy,0.867749,,
E1,native,flare_within_15min,flare starts or is in progress within the horizon,15,>=C1.0 (GOES-18 XRS flare list),test,106570,14846,162,0.411,TP,8249.0,,
E1,native,flare_within_15min,flare starts or is in progress within the horizon,15,>=C1.0 (GOES-18 XRS flare list),test,106570,14846,162,0.411,FP,7497.0,,
E1,native,flare_within_15min,flare starts or is in progress within the horizon,15,>=C1.0 (GOES-18 XRS flare list),test,106570,14846,162,0.411,FN,6597.0,,
E1,native,flare_within_15min,flare starts or is in progress within the horizon,15,>=C1.0 (GOES-18 XRS flare list),test,106570,14846,162,0.411,TN,84227.0,,
E1,native,flare_within_15min,flare starts or is in progress within the horizon,15,>=C1.0 (GOES-18 XRS flare list),test,106570,14846,162,0.411,Brier_raw,0.131674,,
E1,native,flare_within_15min,flare starts or is in progress within the horizon,15,>=C1.0 (GOES-18 XRS flare list),test,106570,14846,162,0.411,BSS_raw,-0.098193,,
E1,native,flare_within_15min,flare starts or is in progress within the horizon,15,>=C1.0 (GOES-18 XRS flare list),test,106570,14846,162,0.411,Brier_calibrated,0.078806,,
E1,native,flare_within_15min,flare starts or is in progress within the horizon,15,>=C1.0 (GOES-18 XRS flare list),test,106570,14846,162,0.411,BSS_calibrated,0.342738,0.3222,0.3605
E1,native,flare_within_30min,flare starts or is in progress within the horizon,30,>=C1.0 (GOES-18 XRS flare list),test,106570,20365,162,0.451,ROC_AUC,0.753357,0.7365,0.7715
E1,native,flare_within_30min,flare starts or is in progress within the horizon,30,>=C1.0 (GOES-18 XRS flare list),test,106570,20365,162,0.451,TSS,0.361666,0.3414,0.3815
E1,native,flare_within_30min,flare starts or is in progress within the horizon,30,>=C1.0 (GOES-18 XRS flare list),test,106570,20365,162,0.451,POD_recall,0.475964,,
E1,native,flare_within_30min,flare starts or is in progress within the horizon,30,>=C1.0 (GOES-18 XRS flare list),test,106570,20365,162,0.451,precision,0.495907,,
E1,native,flare_within_30min,flare starts or is in progress within the horizon,30,>=C1.0 (GOES-18 XRS flare list),test,106570,20365,162,0.451,F1,0.485731,,
E1,native,flare_within_30min,flare starts or is in progress within the horizon,30,>=C1.0 (GOES-18 XRS flare list),test,106570,20365,162,0.451,false_alarm_ratio,0.504093,,
E1,native,flare_within_30min,flare starts or is in progress within the horizon,30,>=C1.0 (GOES-18 XRS flare list),test,106570,20365,162,0.451,false_positive_rate,0.114297,,
E1,native,flare_within_30min,flare starts or is in progress within the horizon,30,>=C1.0 (GOES-18 XRS flare list),test,106570,20365,162,0.451,HSS,0.367307,,
E1,native,flare_within_30min,flare starts or is in progress within the horizon,30,>=C1.0 (GOES-18 XRS flare list),test,106570,20365,162,0.451,frequency_bias,0.959784,,
E1,native,flare_within_30min,flare starts or is in progress within the horizon,30,>=C1.0 (GOES-18 XRS flare list),test,106570,20365,162,0.451,accuracy,0.807404,,
E1,native,flare_within_30min,flare starts or is in progress within the horizon,30,>=C1.0 (GOES-18 XRS flare list),test,106570,20365,162,0.451,TP,9693.0,,
E1,native,flare_within_30min,flare starts or is in progress within the horizon,30,>=C1.0 (GOES-18 XRS flare list),test,106570,20365,162,0.451,FP,9853.0,,
E1,native,flare_within_30min,flare starts or is in progress within the horizon,30,>=C1.0 (GOES-18 XRS flare list),test,106570,20365,162,0.451,FN,10672.0,,
E1,native,flare_within_30min,flare starts or is in progress within the horizon,30,>=C1.0 (GOES-18 XRS flare list),test,106570,20365,162,0.451,TN,76352.0,,
E1,native,flare_within_30min,flare starts or is in progress within the horizon,30,>=C1.0 (GOES-18 XRS flare list),test,106570,20365,162,0.451,Brier_raw,0.168597,,
E1,native,flare_within_30min,flare starts or is in progress within the horizon,30,>=C1.0 (GOES-18 XRS flare list),test,106570,20365,162,0.451,BSS_raw,-0.090696,,
E1,native,flare_within_30min,flare starts or is in progress within the horizon,30,>=C1.0 (GOES-18 XRS flare list),test,106570,20365,162,0.451,Brier_calibrated,0.117326,,
E1,native,flare_within_30min,flare starts or is in progress within the horizon,30,>=C1.0 (GOES-18 XRS flare list),test,106570,20365,162,0.451,BSS_calibrated,0.240991,0.2203,0.2575
E1,native,flare_within_60min,flare starts or is in progress within the horizon,60,>=C1.0 (GOES-18 XRS flare list),test,106570,29732,162,0.535,ROC_AUC,0.699192,0.6779,0.7226
E1,native,flare_within_60min,flare starts or is in progress within the horizon,60,>=C1.0 (GOES-18 XRS flare list),test,106570,29732,162,0.535,TSS,0.262538,0.2384,0.2851
E1,native,flare_within_60min,flare starts or is in progress within the horizon,60,>=C1.0 (GOES-18 XRS flare list),test,106570,29732,162,0.535,POD_recall,0.369972,,
E1,native,flare_within_60min,flare starts or is in progress within the horizon,60,>=C1.0 (GOES-18 XRS flare list),test,106570,29732,162,0.535,precision,0.57128,,
E1,native,flare_within_60min,flare starts or is in progress within the horizon,60,>=C1.0 (GOES-18 XRS flare list),test,106570,29732,162,0.535,F1,0.449099,,
E1,native,flare_within_60min,flare starts or is in progress within the horizon,60,>=C1.0 (GOES-18 XRS flare list),test,106570,29732,162,0.535,false_alarm_ratio,0.42872,,
E1,native,flare_within_60min,flare starts or is in progress within the horizon,60,>=C1.0 (GOES-18 XRS flare list),test,106570,29732,162,0.535,false_positive_rate,0.107434,,
E1,native,flare_within_60min,flare starts or is in progress within the horizon,60,>=C1.0 (GOES-18 XRS flare list),test,106570,29732,162,0.535,HSS,0.29433,,
E1,native,flare_within_60min,flare starts or is in progress within the horizon,60,>=C1.0 (GOES-18 XRS flare list),test,106570,29732,162,0.535,frequency_bias,0.647619,,
E1,native,flare_within_60min,flare starts or is in progress within the horizon,60,>=C1.0 (GOES-18 XRS flare list),test,106570,29732,162,0.535,accuracy,0.746767,,
E1,native,flare_within_60min,flare starts or is in progress within the horizon,60,>=C1.0 (GOES-18 XRS flare list),test,106570,29732,162,0.535,TP,11000.0,,
E1,native,flare_within_60min,flare starts or is in progress within the horizon,60,>=C1.0 (GOES-18 XRS flare list),test,106570,29732,162,0.535,FP,8255.0,,
E1,native,flare_within_60min,flare starts or is in progress within the horizon,60,>=C1.0 (GOES-18 XRS flare list),test,106570,29732,162,0.535,FN,18732.0,,
E1,native,flare_within_60min,flare starts or is in progress within the horizon,60,>=C1.0 (GOES-18 XRS flare list),test,106570,29732,162,0.535,TN,68583.0,,
E1,native,flare_within_60min,flare starts or is in progress within the horizon,60,>=C1.0 (GOES-18 XRS flare list),test,106570,29732,162,0.535,Brier_raw,0.213047,,
E1,native,flare_within_60min,flare starts or is in progress within the horizon,60,>=C1.0 (GOES-18 XRS flare list),test,106570,29732,162,0.535,BSS_raw,-0.059118,,
E1,native,flare_within_60min,flare starts or is in progress within the horizon,60,>=C1.0 (GOES-18 XRS flare list),test,106570,29732,162,0.535,Brier_calibrated,0.17092,,
E1,native,flare_within_60min,flare starts or is in progress within the horizon,60,>=C1.0 (GOES-18 XRS flare list),test,106570,29732,162,0.535,BSS_calibrated,0.150305,0.1227,0.1703
E2,common,in_flare,flare in progress,0,>=C1.0 (GOES-18 XRS flare list),test,104186,8386,162,0.38,ROC_AUC,0.920279,0.9149,0.9261
E2,common,in_flare,flare in progress,0,>=C1.0 (GOES-18 XRS flare list),test,104186,8386,162,0.38,TSS,0.727285,0.7103,0.7428
E2,common,in_flare,flare in progress,0,>=C1.0 (GOES-18 XRS flare list),test,104186,8386,162,0.38,POD_recall,0.808371,,
E2,common,in_flare,flare in progress,0,>=C1.0 (GOES-18 XRS flare list),test,104186,8386,162,0.38,precision,0.466007,,
E2,common,in_flare,flare in progress,0,>=C1.0 (GOES-18 XRS flare list),test,104186,8386,162,0.38,F1,0.5912,,
E2,common,in_flare,flare in progress,0,>=C1.0 (GOES-18 XRS flare list),test,104186,8386,162,0.38,false_alarm_ratio,0.533993,,
E2,common,in_flare,flare in progress,0,>=C1.0 (GOES-18 XRS flare list),test,104186,8386,162,0.38,false_positive_rate,0.081086,,
E2,common,in_flare,flare in progress,0,>=C1.0 (GOES-18 XRS flare list),test,104186,8386,162,0.38,HSS,0.544709,,
E2,common,in_flare,flare in progress,0,>=C1.0 (GOES-18 XRS flare list),test,104186,8386,162,0.38,frequency_bias,1.734677,,
E2,common,in_flare,flare in progress,0,>=C1.0 (GOES-18 XRS flare list),test,104186,8386,162,0.38,accuracy,0.910017,,
E2,common,in_flare,flare in progress,0,>=C1.0 (GOES-18 XRS flare list),test,104186,8386,162,0.38,TP,6779.0,,
E2,common,in_flare,flare in progress,0,>=C1.0 (GOES-18 XRS flare list),test,104186,8386,162,0.38,FP,7768.0,,
E2,common,in_flare,flare in progress,0,>=C1.0 (GOES-18 XRS flare list),test,104186,8386,162,0.38,FN,1607.0,,
E2,common,in_flare,flare in progress,0,>=C1.0 (GOES-18 XRS flare list),test,104186,8386,162,0.38,TN,88032.0,,
E2,common,in_flare,flare in progress,0,>=C1.0 (GOES-18 XRS flare list),test,104186,8386,162,0.38,Brier_raw,0.081068,,
E2,common,in_flare,flare in progress,0,>=C1.0 (GOES-18 XRS flare list),test,104186,8386,162,0.38,BSS_raw,-0.095333,,
E2,common,in_flare,flare in progress,0,>=C1.0 (GOES-18 XRS flare list),test,104186,8386,162,0.38,Brier_calibrated,0.037235,,
E2,common,in_flare,flare in progress,0,>=C1.0 (GOES-18 XRS flare list),test,104186,8386,162,0.38,BSS_calibrated,0.496899,0.4743,0.5196
E2,common,flare_within_15min,flare starts or is in progress within the horizon,15,>=C1.0 (GOES-18 XRS flare list),test,104186,14347,162,0.446,ROC_AUC,0.762757,0.7502,0.7754
E2,common,flare_within_15min,flare starts or is in progress within the horizon,15,>=C1.0 (GOES-18 XRS flare list),test,104186,14347,162,0.446,TSS,0.445487,0.4255,0.4652
E2,common,flare_within_15min,flare starts or is in progress within the horizon,15,>=C1.0 (GOES-18 XRS flare list),test,104186,14347,162,0.446,POD_recall,0.526242,,
E2,common,flare_within_15min,flare starts or is in progress within the horizon,15,>=C1.0 (GOES-18 XRS flare list),test,104186,14347,162,0.446,precision,0.509963,,
E2,common,flare_within_15min,flare starts or is in progress within the horizon,15,>=C1.0 (GOES-18 XRS flare list),test,104186,14347,162,0.446,F1,0.517975,,
E2,common,flare_within_15min,flare starts or is in progress within the horizon,15,>=C1.0 (GOES-18 XRS flare list),test,104186,14347,162,0.446,false_alarm_ratio,0.490037,,
E2,common,flare_within_15min,flare starts or is in progress within the horizon,15,>=C1.0 (GOES-18 XRS flare list),test,104186,14347,162,0.446,false_positive_rate,0.080756,,
E2,common,flare_within_15min,flare starts or is in progress within the horizon,15,>=C1.0 (GOES-18 XRS flare list),test,104186,14347,162,0.446,HSS,0.439591,,
E2,common,flare_within_15min,flare starts or is in progress within the horizon,15,>=C1.0 (GOES-18 XRS flare list),test,104186,14347,162,0.446,frequency_bias,1.031923,,
E2,common,flare_within_15min,flare starts or is in progress within the horizon,15,>=C1.0 (GOES-18 XRS flare list),test,104186,14347,162,0.446,accuracy,0.865126,,
E2,common,flare_within_15min,flare starts or is in progress within the horizon,15,>=C1.0 (GOES-18 XRS flare list),test,104186,14347,162,0.446,TP,7550.0,,
E2,common,flare_within_15min,flare starts or is in progress within the horizon,15,>=C1.0 (GOES-18 XRS flare list),test,104186,14347,162,0.446,FP,7255.0,,
E2,common,flare_within_15min,flare starts or is in progress within the horizon,15,>=C1.0 (GOES-18 XRS flare list),test,104186,14347,162,0.446,FN,6797.0,,
E2,common,flare_within_15min,flare starts or is in progress within the horizon,15,>=C1.0 (GOES-18 XRS flare list),test,104186,14347,162,0.446,TN,82584.0,,
E2,common,flare_within_15min,flare starts or is in progress within the horizon,15,>=C1.0 (GOES-18 XRS flare list),test,104186,14347,162,0.446,Brier_raw,0.165882,,
E2,common,flare_within_15min,flare starts or is in progress within the horizon,15,>=C1.0 (GOES-18 XRS flare list),test,104186,14347,162,0.446,BSS_raw,-0.396989,,
E2,common,flare_within_15min,flare starts or is in progress within the horizon,15,>=C1.0 (GOES-18 XRS flare list),test,104186,14347,162,0.446,Brier_calibrated,0.085326,,
E2,common,flare_within_15min,flare starts or is in progress within the horizon,15,>=C1.0 (GOES-18 XRS flare list),test,104186,14347,162,0.446,BSS_calibrated,0.281422,0.2634,0.2992
E2,common,flare_within_30min,flare starts or is in progress within the horizon,30,>=C1.0 (GOES-18 XRS flare list),test,104186,19678,162,0.482,ROC_AUC,0.686254,0.6696,0.7006
E2,common,flare_within_30min,flare starts or is in progress within the horizon,30,>=C1.0 (GOES-18 XRS flare list),test,104186,19678,162,0.482,TSS,0.331935,0.3123,0.3513
E2,common,flare_within_30min,flare starts or is in progress within the horizon,30,>=C1.0 (GOES-18 XRS flare list),test,104186,19678,162,0.482,POD_recall,0.424281,,
E2,common,flare_within_30min,flare starts or is in progress within the horizon,30,>=C1.0 (GOES-18 XRS flare list),test,104186,19678,162,0.482,precision,0.51687,,
E2,common,flare_within_30min,flare starts or is in progress within the horizon,30,>=C1.0 (GOES-18 XRS flare list),test,104186,19678,162,0.482,F1,0.466021,,
E2,common,flare_within_30min,flare starts or is in progress within the horizon,30,>=C1.0 (GOES-18 XRS flare list),test,104186,19678,162,0.482,false_alarm_ratio,0.48313,,
E2,common,flare_within_30min,flare starts or is in progress within the horizon,30,>=C1.0 (GOES-18 XRS flare list),test,104186,19678,162,0.482,false_positive_rate,0.092346,,
E2,common,flare_within_30min,flare starts or is in progress within the horizon,30,>=C1.0 (GOES-18 XRS flare list),test,104186,19678,162,0.482,HSS,0.356425,,
E2,common,flare_within_30min,flare starts or is in progress within the horizon,30,>=C1.0 (GOES-18 XRS flare list),test,104186,19678,162,0.482,frequency_bias,0.820866,,
E2,common,flare_within_30min,flare starts or is in progress within the horizon,30,>=C1.0 (GOES-18 XRS flare list),test,104186,19678,162,0.482,accuracy,0.816357,,
E2,common,flare_within_30min,flare starts or is in progress within the horizon,30,>=C1.0 (GOES-18 XRS flare list),test,104186,19678,162,0.482,TP,8349.0,,
E2,common,flare_within_30min,flare starts or is in progress within the horizon,30,>=C1.0 (GOES-18 XRS flare list),test,104186,19678,162,0.482,FP,7804.0,,
E2,common,flare_within_30min,flare starts or is in progress within the horizon,30,>=C1.0 (GOES-18 XRS flare list),test,104186,19678,162,0.482,FN,11329.0,,
E2,common,flare_within_30min,flare starts or is in progress within the horizon,30,>=C1.0 (GOES-18 XRS flare list),test,104186,19678,162,0.482,TN,76704.0,,
E2,common,flare_within_30min,flare starts or is in progress within the horizon,30,>=C1.0 (GOES-18 XRS flare list),test,104186,19678,162,0.482,Brier_raw,0.203808,,
E2,common,flare_within_30min,flare starts or is in progress within the horizon,30,>=C1.0 (GOES-18 XRS flare list),test,104186,19678,162,0.482,BSS_raw,-0.330333,,
E2,common,flare_within_30min,flare starts or is in progress within the horizon,30,>=C1.0 (GOES-18 XRS flare list),test,104186,19678,162,0.482,Brier_calibrated,0.124203,,
E2,common,flare_within_30min,flare starts or is in progress within the horizon,30,>=C1.0 (GOES-18 XRS flare list),test,104186,19678,162,0.482,BSS_calibrated,0.189275,0.1692,0.2042
E2,common,flare_within_60min,flare starts or is in progress within the horizon,60,>=C1.0 (GOES-18 XRS flare list),test,104186,28802,162,0.558,ROC_AUC,0.60979,0.5903,0.6274
E2,common,flare_within_60min,flare starts or is in progress within the horizon,60,>=C1.0 (GOES-18 XRS flare list),test,104186,28802,162,0.558,TSS,0.22671,0.2063,0.2473
E2,common,flare_within_60min,flare starts or is in progress within the horizon,60,>=C1.0 (GOES-18 XRS flare list),test,104186,28802,162,0.558,POD_recall,0.346191,,
E2,common,flare_within_60min,flare starts or is in progress within the horizon,60,>=C1.0 (GOES-18 XRS flare list),test,104186,28802,162,0.558,precision,0.525398,,
E2,common,flare_within_60min,flare starts or is in progress within the horizon,60,>=C1.0 (GOES-18 XRS flare list),test,104186,28802,162,0.558,F1,0.417371,,
E2,common,flare_within_60min,flare starts or is in progress within the horizon,60,>=C1.0 (GOES-18 XRS flare list),test,104186,28802,162,0.558,false_alarm_ratio,0.474602,,
E2,common,flare_within_60min,flare starts or is in progress within the horizon,60,>=C1.0 (GOES-18 XRS flare list),test,104186,28802,162,0.558,false_positive_rate,0.119482,,
E2,common,flare_within_60min,flare starts or is in progress within the horizon,60,>=C1.0 (GOES-18 XRS flare list),test,104186,28802,162,0.558,HSS,0.253416,,
E2,common,flare_within_60min,flare starts or is in progress within the horizon,60,>=C1.0 (GOES-18 XRS flare list),test,104186,28802,162,0.558,frequency_bias,0.658913,,
E2,common,flare_within_60min,flare starts or is in progress within the horizon,60,>=C1.0 (GOES-18 XRS flare list),test,104186,28802,162,0.558,accuracy,0.732805,,
E2,common,flare_within_60min,flare starts or is in progress within the horizon,60,>=C1.0 (GOES-18 XRS flare list),test,104186,28802,162,0.558,TP,9971.0,,
E2,common,flare_within_60min,flare starts or is in progress within the horizon,60,>=C1.0 (GOES-18 XRS flare list),test,104186,28802,162,0.558,FP,9007.0,,
E2,common,flare_within_60min,flare starts or is in progress within the horizon,60,>=C1.0 (GOES-18 XRS flare list),test,104186,28802,162,0.558,FN,18831.0,,
E2,common,flare_within_60min,flare starts or is in progress within the horizon,60,>=C1.0 (GOES-18 XRS flare list),test,104186,28802,162,0.558,TN,66377.0,,
E2,common,flare_within_60min,flare starts or is in progress within the horizon,60,>=C1.0 (GOES-18 XRS flare list),test,104186,28802,162,0.558,Brier_raw,0.251951,,
E2,common,flare_within_60min,flare starts or is in progress within the horizon,60,>=C1.0 (GOES-18 XRS flare list),test,104186,28802,162,0.558,BSS_raw,-0.259602,,
E2,common,flare_within_60min,flare starts or is in progress within the horizon,60,>=C1.0 (GOES-18 XRS flare list),test,104186,28802,162,0.558,Brier_calibrated,0.17997,,
E2,common,flare_within_60min,flare starts or is in progress within the horizon,60,>=C1.0 (GOES-18 XRS flare list),test,104186,28802,162,0.558,BSS_calibrated,0.100259,0.0737,0.114
E2,native,in_flare,flare in progress,0,>=C1.0 (GOES-18 XRS flare list),test,114785,9221,171,0.38,ROC_AUC,0.918146,0.9112,0.923
E2,native,in_flare,flare in progress,0,>=C1.0 (GOES-18 XRS flare list),test,114785,9221,171,0.38,TSS,0.723279,0.7042,0.7393
E2,native,in_flare,flare in progress,0,>=C1.0 (GOES-18 XRS flare list),test,114785,9221,171,0.38,POD_recall,0.800672,,
E2,native,in_flare,flare in progress,0,>=C1.0 (GOES-18 XRS flare list),test,114785,9221,171,0.38,precision,0.474699,,
E2,native,in_flare,flare in progress,0,>=C1.0 (GOES-18 XRS flare list),test,114785,9221,171,0.38,F1,0.596028,,
E2,native,in_flare,flare in progress,0,>=C1.0 (GOES-18 XRS flare list),test,114785,9221,171,0.38,false_alarm_ratio,0.525301,,
E2,native,in_flare,flare in progress,0,>=C1.0 (GOES-18 XRS flare list),test,114785,9221,171,0.38,false_positive_rate,0.077394,,
E2,native,in_flare,flare in progress,0,>=C1.0 (GOES-18 XRS flare list),test,114785,9221,171,0.38,HSS,0.55071,,
E2,native,in_flare,flare in progress,0,>=C1.0 (GOES-18 XRS flare list),test,114785,9221,171,0.38,frequency_bias,1.686693,,
E2,native,in_flare,flare in progress,0,>=C1.0 (GOES-18 XRS flare list),test,114785,9221,171,0.38,accuracy,0.912811,,
E2,native,in_flare,flare in progress,0,>=C1.0 (GOES-18 XRS flare list),test,114785,9221,171,0.38,TP,7383.0,,
E2,native,in_flare,flare in progress,0,>=C1.0 (GOES-18 XRS flare list),test,114785,9221,171,0.38,FP,8170.0,,
E2,native,in_flare,flare in progress,0,>=C1.0 (GOES-18 XRS flare list),test,114785,9221,171,0.38,FN,1838.0,,
E2,native,in_flare,flare in progress,0,>=C1.0 (GOES-18 XRS flare list),test,114785,9221,171,0.38,TN,97394.0,,
E2,native,in_flare,flare in progress,0,>=C1.0 (GOES-18 XRS flare list),test,114785,9221,171,0.38,Brier_raw,0.080894,,
E2,native,in_flare,flare in progress,0,>=C1.0 (GOES-18 XRS flare list),test,114785,9221,171,0.38,BSS_raw,-0.094949,,
E2,native,in_flare,flare in progress,0,>=C1.0 (GOES-18 XRS flare list),test,114785,9221,171,0.38,Brier_calibrated,0.037631,,
E2,native,in_flare,flare in progress,0,>=C1.0 (GOES-18 XRS flare list),test,114785,9221,171,0.38,BSS_calibrated,0.490639,0.4667,0.51
E2,native,flare_within_15min,flare starts or is in progress within the horizon,15,>=C1.0 (GOES-18 XRS flare list),test,114785,15728,171,0.446,ROC_AUC,0.760565,0.7473,0.7709
E2,native,flare_within_15min,flare starts or is in progress within the horizon,15,>=C1.0 (GOES-18 XRS flare list),test,114785,15728,171,0.446,TSS,0.443223,0.4241,0.4611
E2,native,flare_within_15min,flare starts or is in progress within the horizon,15,>=C1.0 (GOES-18 XRS flare list),test,114785,15728,171,0.446,POD_recall,0.520219,,
E2,native,flare_within_15min,flare starts or is in progress within the horizon,15,>=C1.0 (GOES-18 XRS flare list),test,114785,15728,171,0.446,precision,0.517553,,
E2,native,flare_within_15min,flare starts or is in progress within the horizon,15,>=C1.0 (GOES-18 XRS flare list),test,114785,15728,171,0.446,F1,0.518883,,
E2,native,flare_within_15min,flare starts or is in progress within the horizon,15,>=C1.0 (GOES-18 XRS flare list),test,114785,15728,171,0.446,false_alarm_ratio,0.482447,,
E2,native,flare_within_15min,flare starts or is in progress within the horizon,15,>=C1.0 (GOES-18 XRS flare list),test,114785,15728,171,0.446,false_positive_rate,0.076996,,
E2,native,flare_within_15min,flare starts or is in progress within the horizon,15,>=C1.0 (GOES-18 XRS flare list),test,114785,15728,171,0.446,HSS,0.442265,,
E2,native,flare_within_15min,flare starts or is in progress within the horizon,15,>=C1.0 (GOES-18 XRS flare list),test,114785,15728,171,0.446,frequency_bias,1.00515,,
E2,native,flare_within_15min,flare starts or is in progress within the horizon,15,>=C1.0 (GOES-18 XRS flare list),test,114785,15728,171,0.446,accuracy,0.867814,,
E2,native,flare_within_15min,flare starts or is in progress within the horizon,15,>=C1.0 (GOES-18 XRS flare list),test,114785,15728,171,0.446,TP,8182.0,,
E2,native,flare_within_15min,flare starts or is in progress within the horizon,15,>=C1.0 (GOES-18 XRS flare list),test,114785,15728,171,0.446,FP,7627.0,,
E2,native,flare_within_15min,flare starts or is in progress within the horizon,15,>=C1.0 (GOES-18 XRS flare list),test,114785,15728,171,0.446,FN,7546.0,,
E2,native,flare_within_15min,flare starts or is in progress within the horizon,15,>=C1.0 (GOES-18 XRS flare list),test,114785,15728,171,0.446,TN,91430.0,,
E2,native,flare_within_15min,flare starts or is in progress within the horizon,15,>=C1.0 (GOES-18 XRS flare list),test,114785,15728,171,0.446,Brier_raw,0.16572,,
E2,native,flare_within_15min,flare starts or is in progress within the horizon,15,>=C1.0 (GOES-18 XRS flare list),test,114785,15728,171,0.446,BSS_raw,-0.401476,,
E2,native,flare_within_15min,flare starts or is in progress within the horizon,15,>=C1.0 (GOES-18 XRS flare list),test,114785,15728,171,0.446,Brier_calibrated,0.085247,,
E2,native,flare_within_15min,flare starts or is in progress within the horizon,15,>=C1.0 (GOES-18 XRS flare list),test,114785,15728,171,0.446,BSS_calibrated,0.279072,0.2615,0.2939
E2,native,flare_within_30min,flare starts or is in progress within the horizon,30,>=C1.0 (GOES-18 XRS flare list),test,114785,21513,171,0.482,ROC_AUC,0.685254,0.6687,0.6977
E2,native,flare_within_30min,flare starts or is in progress within the horizon,30,>=C1.0 (GOES-18 XRS flare list),test,114785,21513,171,0.482,TSS,0.332061,0.3132,0.3497
E2,native,flare_within_30min,flare starts or is in progress within the horizon,30,>=C1.0 (GOES-18 XRS flare list),test,114785,21513,171,0.482,POD_recall,0.420908,,
E2,native,flare_within_30min,flare starts or is in progress within the horizon,30,>=C1.0 (GOES-18 XRS flare list),test,114785,21513,171,0.482,precision,0.522143,,
E2,native,flare_within_30min,flare starts or is in progress within the horizon,30,>=C1.0 (GOES-18 XRS flare list),test,114785,21513,171,0.482,F1,0.466092,,
E2,native,flare_within_30min,flare starts or is in progress within the horizon,30,>=C1.0 (GOES-18 XRS flare list),test,114785,21513,171,0.482,false_alarm_ratio,0.477857,,
E2,native,flare_within_30min,flare starts or is in progress within the horizon,30,>=C1.0 (GOES-18 XRS flare list),test,114785,21513,171,0.482,false_positive_rate,0.088848,,
E2,native,flare_within_30min,flare starts or is in progress within the horizon,30,>=C1.0 (GOES-18 XRS flare list),test,114785,21513,171,0.482,HSS,0.358822,,
E2,native,flare_within_30min,flare starts or is in progress within the horizon,30,>=C1.0 (GOES-18 XRS flare list),test,114785,21513,171,0.482,frequency_bias,0.806117,,
E2,native,flare_within_30min,flare starts or is in progress within the horizon,30,>=C1.0 (GOES-18 XRS flare list),test,114785,21513,171,0.482,accuracy,0.819271,,
E2,native,flare_within_30min,flare starts or is in progress within the horizon,30,>=C1.0 (GOES-18 XRS flare list),test,114785,21513,171,0.482,TP,9055.0,,
E2,native,flare_within_30min,flare starts or is in progress within the horizon,30,>=C1.0 (GOES-18 XRS flare list),test,114785,21513,171,0.482,FP,8287.0,,
E2,native,flare_within_30min,flare starts or is in progress within the horizon,30,>=C1.0 (GOES-18 XRS flare list),test,114785,21513,171,0.482,FN,12458.0,,
E2,native,flare_within_30min,flare starts or is in progress within the horizon,30,>=C1.0 (GOES-18 XRS flare list),test,114785,21513,171,0.482,TN,84985.0,,
E2,native,flare_within_30min,flare starts or is in progress within the horizon,30,>=C1.0 (GOES-18 XRS flare list),test,114785,21513,171,0.482,Brier_raw,0.203659,,
E2,native,flare_within_30min,flare starts or is in progress within the horizon,30,>=C1.0 (GOES-18 XRS flare list),test,114785,21513,171,0.482,BSS_raw,-0.33728,,
E2,native,flare_within_30min,flare starts or is in progress within the horizon,30,>=C1.0 (GOES-18 XRS flare list),test,114785,21513,171,0.482,Brier_calibrated,0.123578,,
E2,native,flare_within_30min,flare starts or is in progress within the horizon,30,>=C1.0 (GOES-18 XRS flare list),test,114785,21513,171,0.482,BSS_calibrated,0.188552,0.1714,0.2013
E2,native,flare_within_60min,flare starts or is in progress within the horizon,60,>=C1.0 (GOES-18 XRS flare list),test,114785,31353,171,0.558,ROC_AUC,0.609641,0.5927,0.6248
E2,native,flare_within_60min,flare starts or is in progress within the horizon,60,>=C1.0 (GOES-18 XRS flare list),test,114785,31353,171,0.558,TSS,0.230121,0.2096,0.2505
E2,native,flare_within_60min,flare starts or is in progress within the horizon,60,>=C1.0 (GOES-18 XRS flare list),test,114785,31353,171,0.558,POD_recall,0.345677,,
E2,native,flare_within_60min,flare starts or is in progress within the horizon,60,>=C1.0 (GOES-18 XRS flare list),test,114785,31353,171,0.558,precision,0.529225,,
E2,native,flare_within_60min,flare starts or is in progress within the horizon,60,>=C1.0 (GOES-18 XRS flare list),test,114785,31353,171,0.558,F1,0.418197,,
E2,native,flare_within_60min,flare starts or is in progress within the horizon,60,>=C1.0 (GOES-18 XRS flare list),test,114785,31353,171,0.558,false_alarm_ratio,0.470775,,
E2,native,flare_within_60min,flare starts or is in progress within the horizon,60,>=C1.0 (GOES-18 XRS flare list),test,114785,31353,171,0.558,false_positive_rate,0.115555,,
E2,native,flare_within_60min,flare starts or is in progress within the horizon,60,>=C1.0 (GOES-18 XRS flare list),test,114785,31353,171,0.558,HSS,0.258055,,
E2,native,flare_within_60min,flare starts or is in progress within the horizon,60,>=C1.0 (GOES-18 XRS flare list),test,114785,31353,171,0.558,frequency_bias,0.653175,,
E2,native,flare_within_60min,flare starts or is in progress within the horizon,60,>=C1.0 (GOES-18 XRS flare list),test,114785,31353,171,0.558,accuracy,0.737283,,
E2,native,flare_within_60min,flare starts or is in progress within the horizon,60,>=C1.0 (GOES-18 XRS flare list),test,114785,31353,171,0.558,TP,10838.0,,
E2,native,flare_within_60min,flare starts or is in progress within the horizon,60,>=C1.0 (GOES-18 XRS flare list),test,114785,31353,171,0.558,FP,9641.0,,
E2,native,flare_within_60min,flare starts or is in progress within the horizon,60,>=C1.0 (GOES-18 XRS flare list),test,114785,31353,171,0.558,FN,20515.0,,
E2,native,flare_within_60min,flare starts or is in progress within the horizon,60,>=C1.0 (GOES-18 XRS flare list),test,114785,31353,171,0.558,TN,73791.0,,
E2,native,flare_within_60min,flare starts or is in progress within the horizon,60,>=C1.0 (GOES-18 XRS flare list),test,114785,31353,171,0.558,Brier_raw,0.252175,,
E2,native,flare_within_60min,flare starts or is in progress within the horizon,60,>=C1.0 (GOES-18 XRS flare list),test,114785,31353,171,0.558,BSS_raw,-0.270167,,
E2,native,flare_within_60min,flare starts or is in progress within the horizon,60,>=C1.0 (GOES-18 XRS flare list),test,114785,31353,171,0.558,Brier_calibrated,0.178831,,
E2,native,flare_within_60min,flare starts or is in progress within the horizon,60,>=C1.0 (GOES-18 XRS flare list),test,114785,31353,171,0.558,BSS_calibrated,0.099255,0.077,0.1134
E4,common,in_flare,flare in progress,0,>=C1.0 (GOES-18 XRS flare list),test,104186,8386,162,0.361,ROC_AUC,0.951282,0.9462,0.9558
E4,common,in_flare,flare in progress,0,>=C1.0 (GOES-18 XRS flare list),test,104186,8386,162,0.361,TSS,0.779719,0.7647,0.7917
E4,common,in_flare,flare in progress,0,>=C1.0 (GOES-18 XRS flare list),test,104186,8386,162,0.361,POD_recall,0.84331,,
E4,common,in_flare,flare in progress,0,>=C1.0 (GOES-18 XRS flare list),test,104186,8386,162,0.361,precision,0.537223,,
E4,common,in_flare,flare in progress,0,>=C1.0 (GOES-18 XRS flare list),test,104186,8386,162,0.361,F1,0.656334,,
E4,common,in_flare,flare in progress,0,>=C1.0 (GOES-18 XRS flare list),test,104186,8386,162,0.361,false_alarm_ratio,0.462777,,
E4,common,in_flare,flare in progress,0,>=C1.0 (GOES-18 XRS flare list),test,104186,8386,162,0.361,false_positive_rate,0.063591,,
E4,common,in_flare,flare in progress,0,>=C1.0 (GOES-18 XRS flare list),test,104186,8386,162,0.361,HSS,0.618853,,
E4,common,in_flare,flare in progress,0,>=C1.0 (GOES-18 XRS flare list),test,104186,8386,162,0.361,frequency_bias,1.569759,,
E4,common,in_flare,flare in progress,0,>=C1.0 (GOES-18 XRS flare list),test,104186,8386,162,0.361,accuracy,0.928916,,
E4,common,in_flare,flare in progress,0,>=C1.0 (GOES-18 XRS flare list),test,104186,8386,162,0.361,TP,7072.0,,
E4,common,in_flare,flare in progress,0,>=C1.0 (GOES-18 XRS flare list),test,104186,8386,162,0.361,FP,6092.0,,
E4,common,in_flare,flare in progress,0,>=C1.0 (GOES-18 XRS flare list),test,104186,8386,162,0.361,FN,1314.0,,
E4,common,in_flare,flare in progress,0,>=C1.0 (GOES-18 XRS flare list),test,104186,8386,162,0.361,TN,89708.0,,
E4,common,in_flare,flare in progress,0,>=C1.0 (GOES-18 XRS flare list),test,104186,8386,162,0.361,Brier_raw,0.058027,,
E4,common,in_flare,flare in progress,0,>=C1.0 (GOES-18 XRS flare list),test,104186,8386,162,0.361,BSS_raw,0.215976,,
E4,common,in_flare,flare in progress,0,>=C1.0 (GOES-18 XRS flare list),test,104186,8386,162,0.361,Brier_calibrated,0.027957,,
E4,common,in_flare,flare in progress,0,>=C1.0 (GOES-18 XRS flare list),test,104186,8386,162,0.361,BSS_calibrated,0.622259,0.5966,0.6433
E4,common,flare_within_15min,flare starts or is in progress within the horizon,15,>=C1.0 (GOES-18 XRS flare list),test,104186,14347,162,0.418,ROC_AUC,0.830777,0.8152,0.8474
E4,common,flare_within_15min,flare starts or is in progress within the horizon,15,>=C1.0 (GOES-18 XRS flare list),test,104186,14347,162,0.418,TSS,0.488847,0.4665,0.5098
E4,common,flare_within_15min,flare starts or is in progress within the horizon,15,>=C1.0 (GOES-18 XRS flare list),test,104186,14347,162,0.418,POD_recall,0.560954,,
E4,common,flare_within_15min,flare starts or is in progress within the horizon,15,>=C1.0 (GOES-18 XRS flare list),test,104186,14347,162,0.418,precision,0.554041,,
E4,common,flare_within_15min,flare starts or is in progress within the horizon,15,>=C1.0 (GOES-18 XRS flare list),test,104186,14347,162,0.418,F1,0.557476,,
E4,common,flare_within_15min,flare starts or is in progress within the horizon,15,>=C1.0 (GOES-18 XRS flare list),test,104186,14347,162,0.418,false_alarm_ratio,0.445959,,
E4,common,flare_within_15min,flare starts or is in progress within the horizon,15,>=C1.0 (GOES-18 XRS flare list),test,104186,14347,162,0.418,false_positive_rate,0.072107,,
E4,common,flare_within_15min,flare starts or is in progress within the horizon,15,>=C1.0 (GOES-18 XRS flare list),test,104186,14347,162,0.418,HSS,0.486298,,
E4,common,flare_within_15min,flare starts or is in progress within the horizon,15,>=C1.0 (GOES-18 XRS flare list),test,104186,14347,162,0.418,frequency_bias,1.012476,,
E4,common,flare_within_15min,flare starts or is in progress within the horizon,15,>=C1.0 (GOES-18 XRS flare list),test,104186,14347,162,0.418,accuracy,0.877364,,
E4,common,flare_within_15min,flare starts or is in progress within the horizon,15,>=C1.0 (GOES-18 XRS flare list),test,104186,14347,162,0.418,TP,8048.0,,
E4,common,flare_within_15min,flare starts or is in progress within the horizon,15,>=C1.0 (GOES-18 XRS flare list),test,104186,14347,162,0.418,FP,6478.0,,
E4,common,flare_within_15min,flare starts or is in progress within the horizon,15,>=C1.0 (GOES-18 XRS flare list),test,104186,14347,162,0.418,FN,6299.0,,
E4,common,flare_within_15min,flare starts or is in progress within the horizon,15,>=C1.0 (GOES-18 XRS flare list),test,104186,14347,162,0.418,TN,83361.0,,
E4,common,flare_within_15min,flare starts or is in progress within the horizon,15,>=C1.0 (GOES-18 XRS flare list),test,104186,14347,162,0.418,Brier_raw,0.122124,,
E4,common,flare_within_15min,flare starts or is in progress within the horizon,15,>=C1.0 (GOES-18 XRS flare list),test,104186,14347,162,0.418,BSS_raw,-0.028471,,
E4,common,flare_within_15min,flare starts or is in progress within the horizon,15,>=C1.0 (GOES-18 XRS flare list),test,104186,14347,162,0.418,Brier_calibrated,0.075279,,
E4,common,flare_within_15min,flare starts or is in progress within the horizon,15,>=C1.0 (GOES-18 XRS flare list),test,104186,14347,162,0.418,BSS_calibrated,0.366031,0.3466,0.3839
E4,common,flare_within_30min,flare starts or is in progress within the horizon,30,>=C1.0 (GOES-18 XRS flare list),test,104186,19678,162,0.456,ROC_AUC,0.785159,0.7656,0.8065
E4,common,flare_within_30min,flare starts or is in progress within the horizon,30,>=C1.0 (GOES-18 XRS flare list),test,104186,19678,162,0.456,TSS,0.393652,0.3685,0.4229
E4,common,flare_within_30min,flare starts or is in progress within the horizon,30,>=C1.0 (GOES-18 XRS flare list),test,104186,19678,162,0.456,POD_recall,0.493749,,
E4,common,flare_within_30min,flare starts or is in progress within the horizon,30,>=C1.0 (GOES-18 XRS flare list),test,104186,19678,162,0.456,precision,0.53458,,
E4,common,flare_within_30min,flare starts or is in progress within the horizon,30,>=C1.0 (GOES-18 XRS flare list),test,104186,19678,162,0.456,F1,0.513354,,
E4,common,flare_within_30min,flare starts or is in progress within the horizon,30,>=C1.0 (GOES-18 XRS flare list),test,104186,19678,162,0.456,false_alarm_ratio,0.46542,,
E4,common,flare_within_30min,flare starts or is in progress within the horizon,30,>=C1.0 (GOES-18 XRS flare list),test,104186,19678,162,0.456,false_positive_rate,0.100097,,
E4,common,flare_within_30min,flare starts or is in progress within the horizon,30,>=C1.0 (GOES-18 XRS flare list),test,104186,19678,162,0.456,HSS,0.405533,,
E4,common,flare_within_30min,flare starts or is in progress within the horizon,30,>=C1.0 (GOES-18 XRS flare list),test,104186,19678,162,0.456,frequency_bias,0.92362,,
E4,common,flare_within_30min,flare starts or is in progress within the horizon,30,>=C1.0 (GOES-18 XRS flare list),test,104186,19678,162,0.456,accuracy,0.823191,,
E4,common,flare_within_30min,flare starts or is in progress within the horizon,30,>=C1.0 (GOES-18 XRS flare list),test,104186,19678,162,0.456,TP,9716.0,,
E4,common,flare_within_30min,flare starts or is in progress within the horizon,30,>=C1.0 (GOES-18 XRS flare list),test,104186,19678,162,0.456,FP,8459.0,,
E4,common,flare_within_30min,flare starts or is in progress within the horizon,30,>=C1.0 (GOES-18 XRS flare list),test,104186,19678,162,0.456,FN,9962.0,,
E4,common,flare_within_30min,flare starts or is in progress within the horizon,30,>=C1.0 (GOES-18 XRS flare list),test,104186,19678,162,0.456,TN,76049.0,,
E4,common,flare_within_30min,flare starts or is in progress within the horizon,30,>=C1.0 (GOES-18 XRS flare list),test,104186,19678,162,0.456,Brier_raw,0.157578,,
E4,common,flare_within_30min,flare starts or is in progress within the horizon,30,>=C1.0 (GOES-18 XRS flare list),test,104186,19678,162,0.456,BSS_raw,-0.028576,,
E4,common,flare_within_30min,flare starts or is in progress within the horizon,30,>=C1.0 (GOES-18 XRS flare list),test,104186,19678,162,0.456,Brier_calibrated,0.111437,,
E4,common,flare_within_30min,flare starts or is in progress within the horizon,30,>=C1.0 (GOES-18 XRS flare list),test,104186,19678,162,0.456,BSS_calibrated,0.272606,0.2539,0.2916
E4,common,flare_within_60min,flare starts or is in progress within the horizon,60,>=C1.0 (GOES-18 XRS flare list),test,104186,28802,162,0.527,ROC_AUC,0.747117,0.7231,0.7743
E4,common,flare_within_60min,flare starts or is in progress within the horizon,60,>=C1.0 (GOES-18 XRS flare list),test,104186,28802,162,0.527,TSS,0.318517,0.2857,0.3531
E4,common,flare_within_60min,flare starts or is in progress within the horizon,60,>=C1.0 (GOES-18 XRS flare list),test,104186,28802,162,0.527,POD_recall,0.433581,,
E4,common,flare_within_60min,flare starts or is in progress within the horizon,60,>=C1.0 (GOES-18 XRS flare list),test,104186,28802,162,0.527,precision,0.590114,,
E4,common,flare_within_60min,flare starts or is in progress within the horizon,60,>=C1.0 (GOES-18 XRS flare list),test,104186,28802,162,0.527,F1,0.49988,,
E4,common,flare_within_60min,flare starts or is in progress within the horizon,60,>=C1.0 (GOES-18 XRS flare list),test,104186,28802,162,0.527,false_alarm_ratio,0.409886,,
E4,common,flare_within_60min,flare starts or is in progress within the horizon,60,>=C1.0 (GOES-18 XRS flare list),test,104186,28802,162,0.527,false_positive_rate,0.115064,,
E4,common,flare_within_60min,flare starts or is in progress within the horizon,60,>=C1.0 (GOES-18 XRS flare list),test,104186,28802,162,0.527,HSS,0.346951,,
E4,common,flare_within_60min,flare starts or is in progress within the horizon,60,>=C1.0 (GOES-18 XRS flare list),test,104186,28802,162,0.527,frequency_bias,0.734741,,
E4,common,flare_within_60min,flare starts or is in progress within the horizon,60,>=C1.0 (GOES-18 XRS flare list),test,104186,28802,162,0.527,accuracy,0.76016,,
E4,common,flare_within_60min,flare starts or is in progress within the horizon,60,>=C1.0 (GOES-18 XRS flare list),test,104186,28802,162,0.527,TP,12488.0,,
E4,common,flare_within_60min,flare starts or is in progress within the horizon,60,>=C1.0 (GOES-18 XRS flare list),test,104186,28802,162,0.527,FP,8674.0,,
E4,common,flare_within_60min,flare starts or is in progress within the horizon,60,>=C1.0 (GOES-18 XRS flare list),test,104186,28802,162,0.527,FN,16314.0,,
E4,common,flare_within_60min,flare starts or is in progress within the horizon,60,>=C1.0 (GOES-18 XRS flare list),test,104186,28802,162,0.527,TN,66710.0,,
E4,common,flare_within_60min,flare starts or is in progress within the horizon,60,>=C1.0 (GOES-18 XRS flare list),test,104186,28802,162,0.527,Brier_raw,0.198803,,
E4,common,flare_within_60min,flare starts or is in progress within the horizon,60,>=C1.0 (GOES-18 XRS flare list),test,104186,28802,162,0.527,BSS_raw,0.006104,,
E4,common,flare_within_60min,flare starts or is in progress within the horizon,60,>=C1.0 (GOES-18 XRS flare list),test,104186,28802,162,0.527,Brier_calibrated,0.160797,,
E4,common,flare_within_60min,flare starts or is in progress within the horizon,60,>=C1.0 (GOES-18 XRS flare list),test,104186,28802,162,0.527,BSS_calibrated,0.196113,0.1736,0.2194
E4,native,in_flare,flare in progress,0,>=C1.0 (GOES-18 XRS flare list),test,117185,9514,171,0.361,ROC_AUC,0.946968,0.9408,0.9506
E4,native,in_flare,flare in progress,0,>=C1.0 (GOES-18 XRS flare list),test,117185,9514,171,0.361,TSS,0.767595,0.7482,0.7836
E4,native,in_flare,flare in progress,0,>=C1.0 (GOES-18 XRS flare list),test,117185,9514,171,0.361,POD_recall,0.829199,,
E4,native,in_flare,flare in progress,0,>=C1.0 (GOES-18 XRS flare list),test,117185,9514,171,0.361,precision,0.543245,,
E4,native,in_flare,flare in progress,0,>=C1.0 (GOES-18 XRS flare list),test,117185,9514,171,0.361,F1,0.656432,,
E4,native,in_flare,flare in progress,0,>=C1.0 (GOES-18 XRS flare list),test,117185,9514,171,0.361,false_alarm_ratio,0.456755,,
E4,native,in_flare,flare in progress,0,>=C1.0 (GOES-18 XRS flare list),test,117185,9514,171,0.361,false_positive_rate,0.061604,,
E4,native,in_flare,flare in progress,0,>=C1.0 (GOES-18 XRS flare list),test,117185,9514,171,0.361,HSS,0.61906,,
E4,native,in_flare,flare in progress,0,>=C1.0 (GOES-18 XRS flare list),test,117185,9514,171,0.361,frequency_bias,1.526382,,
E4,native,in_flare,flare in progress,0,>=C1.0 (GOES-18 XRS flare list),test,117185,9514,171,0.361,accuracy,0.92953,,
E4,native,in_flare,flare in progress,0,>=C1.0 (GOES-18 XRS flare list),test,117185,9514,171,0.361,TP,7889.0,,
E4,native,in_flare,flare in progress,0,>=C1.0 (GOES-18 XRS flare list),test,117185,9514,171,0.361,FP,6633.0,,
E4,native,in_flare,flare in progress,0,>=C1.0 (GOES-18 XRS flare list),test,117185,9514,171,0.361,FN,1625.0,,
E4,native,in_flare,flare in progress,0,>=C1.0 (GOES-18 XRS flare list),test,117185,9514,171,0.361,TN,101038.0,,
E4,native,in_flare,flare in progress,0,>=C1.0 (GOES-18 XRS flare list),test,117185,9514,171,0.361,Brier_raw,0.059747,,
E4,native,in_flare,flare in progress,0,>=C1.0 (GOES-18 XRS flare list),test,117185,9514,171,0.361,BSS_raw,0.199064,,
E4,native,in_flare,flare in progress,0,>=C1.0 (GOES-18 XRS flare list),test,117185,9514,171,0.361,Brier_calibrated,0.029622,,
E4,native,in_flare,flare in progress,0,>=C1.0 (GOES-18 XRS flare list),test,117185,9514,171,0.361,BSS_calibrated,0.602909,0.5744,0.6267
E4,native,flare_within_15min,flare starts or is in progress within the horizon,15,>=C1.0 (GOES-18 XRS flare list),test,117185,16227,171,0.418,ROC_AUC,0.825038,0.8105,0.8372
E4,native,flare_within_15min,flare starts or is in progress within the horizon,15,>=C1.0 (GOES-18 XRS flare list),test,117185,16227,171,0.418,TSS,0.48191,0.4604,0.5022
E4,native,flare_within_15min,flare starts or is in progress within the horizon,15,>=C1.0 (GOES-18 XRS flare list),test,117185,16227,171,0.418,POD_recall,0.552474,,
E4,native,flare_within_15min,flare starts or is in progress within the horizon,15,>=C1.0 (GOES-18 XRS flare list),test,117185,16227,171,0.418,precision,0.557213,,
E4,native,flare_within_15min,flare starts or is in progress within the horizon,15,>=C1.0 (GOES-18 XRS flare list),test,117185,16227,171,0.418,F1,0.554834,,
E4,native,flare_within_15min,flare starts or is in progress within the horizon,15,>=C1.0 (GOES-18 XRS flare list),test,117185,16227,171,0.418,false_alarm_ratio,0.442787,,
E4,native,flare_within_15min,flare starts or is in progress within the horizon,15,>=C1.0 (GOES-18 XRS flare list),test,117185,16227,171,0.418,false_positive_rate,0.070564,,
E4,native,flare_within_15min,flare starts or is in progress within the horizon,15,>=C1.0 (GOES-18 XRS flare list),test,117185,16227,171,0.418,HSS,0.483636,,
E4,native,flare_within_15min,flare starts or is in progress within the horizon,15,>=C1.0 (GOES-18 XRS flare list),test,117185,16227,171,0.418,frequency_bias,0.991496,,
E4,native,flare_within_15min,flare starts or is in progress within the horizon,15,>=C1.0 (GOES-18 XRS flare list),test,117185,16227,171,0.418,accuracy,0.877237,,
E4,native,flare_within_15min,flare starts or is in progress within the horizon,15,>=C1.0 (GOES-18 XRS flare list),test,117185,16227,171,0.418,TP,8965.0,,
E4,native,flare_within_15min,flare starts or is in progress within the horizon,15,>=C1.0 (GOES-18 XRS flare list),test,117185,16227,171,0.418,FP,7124.0,,
E4,native,flare_within_15min,flare starts or is in progress within the horizon,15,>=C1.0 (GOES-18 XRS flare list),test,117185,16227,171,0.418,FN,7262.0,,
E4,native,flare_within_15min,flare starts or is in progress within the horizon,15,>=C1.0 (GOES-18 XRS flare list),test,117185,16227,171,0.418,TN,93834.0,,
E4,native,flare_within_15min,flare starts or is in progress within the horizon,15,>=C1.0 (GOES-18 XRS flare list),test,117185,16227,171,0.418,Brier_raw,0.125081,,
E4,native,flare_within_15min,flare starts or is in progress within the horizon,15,>=C1.0 (GOES-18 XRS flare list),test,117185,16227,171,0.418,BSS_raw,-0.048467,,
E4,native,flare_within_15min,flare starts or is in progress within the horizon,15,>=C1.0 (GOES-18 XRS flare list),test,117185,16227,171,0.418,Brier_calibrated,0.076909,,
E4,native,flare_within_15min,flare starts or is in progress within the horizon,15,>=C1.0 (GOES-18 XRS flare list),test,117185,16227,171,0.418,BSS_calibrated,0.35532,0.3354,0.3724
E4,native,flare_within_30min,flare starts or is in progress within the horizon,30,>=C1.0 (GOES-18 XRS flare list),test,117185,22200,171,0.456,ROC_AUC,0.778951,0.7598,0.7949
E4,native,flare_within_30min,flare starts or is in progress within the horizon,30,>=C1.0 (GOES-18 XRS flare list),test,117185,22200,171,0.456,TSS,0.393118,0.3675,0.4164
E4,native,flare_within_30min,flare starts or is in progress within the horizon,30,>=C1.0 (GOES-18 XRS flare list),test,117185,22200,171,0.456,POD_recall,0.492207,,
E4,native,flare_within_30min,flare starts or is in progress within the horizon,30,>=C1.0 (GOES-18 XRS flare list),test,117185,22200,171,0.456,precision,0.537244,,
E4,native,flare_within_30min,flare starts or is in progress within the horizon,30,>=C1.0 (GOES-18 XRS flare list),test,117185,22200,171,0.456,F1,0.51374,,
E4,native,flare_within_30min,flare starts or is in progress within the horizon,30,>=C1.0 (GOES-18 XRS flare list),test,117185,22200,171,0.456,false_alarm_ratio,0.462756,,
E4,native,flare_within_30min,flare starts or is in progress within the horizon,30,>=C1.0 (GOES-18 XRS flare list),test,117185,22200,171,0.456,false_positive_rate,0.099089,,
E4,native,flare_within_30min,flare starts or is in progress within the horizon,30,>=C1.0 (GOES-18 XRS flare list),test,117185,22200,171,0.456,HSS,0.406163,,
E4,native,flare_within_30min,flare starts or is in progress within the horizon,30,>=C1.0 (GOES-18 XRS flare list),test,117185,22200,171,0.456,frequency_bias,0.916171,,
E4,native,flare_within_30min,flare starts or is in progress within the horizon,30,>=C1.0 (GOES-18 XRS flare list),test,117185,22200,171,0.456,accuracy,0.823484,,
E4,native,flare_within_30min,flare starts or is in progress within the horizon,30,>=C1.0 (GOES-18 XRS flare list),test,117185,22200,171,0.456,TP,10927.0,,
E4,native,flare_within_30min,flare starts or is in progress within the horizon,30,>=C1.0 (GOES-18 XRS flare list),test,117185,22200,171,0.456,FP,9412.0,,
E4,native,flare_within_30min,flare starts or is in progress within the horizon,30,>=C1.0 (GOES-18 XRS flare list),test,117185,22200,171,0.456,FN,11273.0,,
E4,native,flare_within_30min,flare starts or is in progress within the horizon,30,>=C1.0 (GOES-18 XRS flare list),test,117185,22200,171,0.456,TN,85573.0,,
E4,native,flare_within_30min,flare starts or is in progress within the horizon,30,>=C1.0 (GOES-18 XRS flare list),test,117185,22200,171,0.456,Brier_raw,0.160811,,
E4,native,flare_within_30min,flare starts or is in progress within the horizon,30,>=C1.0 (GOES-18 XRS flare list),test,117185,22200,171,0.456,BSS_raw,-0.047253,,
E4,native,flare_within_30min,flare starts or is in progress within the horizon,30,>=C1.0 (GOES-18 XRS flare list),test,117185,22200,171,0.456,Brier_calibrated,0.112848,,
E4,native,flare_within_30min,flare starts or is in progress within the horizon,30,>=C1.0 (GOES-18 XRS flare list),test,117185,22200,171,0.456,BSS_calibrated,0.265095,0.2463,0.2822
E4,native,flare_within_60min,flare starts or is in progress within the horizon,60,>=C1.0 (GOES-18 XRS flare list),test,117185,32283,171,0.527,ROC_AUC,0.739947,0.7148,0.7619
E4,native,flare_within_60min,flare starts or is in progress within the horizon,60,>=C1.0 (GOES-18 XRS flare list),test,117185,32283,171,0.527,TSS,0.32309,0.2884,0.3549
E4,native,flare_within_60min,flare starts or is in progress within the horizon,60,>=C1.0 (GOES-18 XRS flare list),test,117185,32283,171,0.527,POD_recall,0.436762,,
E4,native,flare_within_60min,flare starts or is in progress within the horizon,60,>=C1.0 (GOES-18 XRS flare list),test,117185,32283,171,0.527,precision,0.593659,,
E4,native,flare_within_60min,flare starts or is in progress within the horizon,60,>=C1.0 (GOES-18 XRS flare list),test,117185,32283,171,0.527,F1,0.503266,,
E4,native,flare_within_60min,flare starts or is in progress within the horizon,60,>=C1.0 (GOES-18 XRS flare list),test,117185,32283,171,0.527,false_alarm_ratio,0.406341,,
E4,native,flare_within_60min,flare starts or is in progress within the horizon,60,>=C1.0 (GOES-18 XRS flare list),test,117185,32283,171,0.527,false_positive_rate,0.113672,,
E4,native,flare_within_60min,flare starts or is in progress within the horizon,60,>=C1.0 (GOES-18 XRS flare list),test,117185,32283,171,0.527,HSS,0.351911,,
E4,native,flare_within_60min,flare starts or is in progress within the horizon,60,>=C1.0 (GOES-18 XRS flare list),test,117185,32283,171,0.527,frequency_bias,0.735712,,
E4,native,flare_within_60min,flare starts or is in progress within the horizon,60,>=C1.0 (GOES-18 XRS flare list),test,117185,32283,171,0.527,accuracy,0.762478,,
E4,native,flare_within_60min,flare starts or is in progress within the horizon,60,>=C1.0 (GOES-18 XRS flare list),test,117185,32283,171,0.527,TP,14100.0,,
E4,native,flare_within_60min,flare starts or is in progress within the horizon,60,>=C1.0 (GOES-18 XRS flare list),test,117185,32283,171,0.527,FP,9651.0,,
E4,native,flare_within_60min,flare starts or is in progress within the horizon,60,>=C1.0 (GOES-18 XRS flare list),test,117185,32283,171,0.527,FN,18183.0,,
E4,native,flare_within_60min,flare starts or is in progress within the horizon,60,>=C1.0 (GOES-18 XRS flare list),test,117185,32283,171,0.527,TN,75251.0,,
E4,native,flare_within_60min,flare starts or is in progress within the horizon,60,>=C1.0 (GOES-18 XRS flare list),test,117185,32283,171,0.527,Brier_raw,0.202149,,
E4,native,flare_within_60min,flare starts or is in progress within the horizon,60,>=C1.0 (GOES-18 XRS flare list),test,117185,32283,171,0.527,BSS_raw,-0.012798,,
E4,native,flare_within_60min,flare starts or is in progress within the horizon,60,>=C1.0 (GOES-18 XRS flare list),test,117185,32283,171,0.527,Brier_calibrated,0.161749,,
E4,native,flare_within_60min,flare starts or is in progress within the horizon,60,>=C1.0 (GOES-18 XRS flare list),test,117185,32283,171,0.527,BSS_calibrated,0.189609,0.1673,0.2092
"E4, SoLEXS withheld",common,in_flare,flare in progress,0,>=C1.0 (GOES-18 XRS flare list),test,104186,8386,162,0.361,ROC_AUC,0.924689,0.9185,0.9306
"E4, SoLEXS withheld",common,in_flare,flare in progress,0,>=C1.0 (GOES-18 XRS flare list),test,104186,8386,162,0.361,TSS,0.724908,0.7099,0.7406
"E4, SoLEXS withheld",common,in_flare,flare in progress,0,>=C1.0 (GOES-18 XRS flare list),test,104186,8386,162,0.361,POD_recall,0.797758,,
"E4, SoLEXS withheld",common,in_flare,flare in progress,0,>=C1.0 (GOES-18 XRS flare list),test,104186,8386,162,0.361,precision,0.489429,,
"E4, SoLEXS withheld",common,in_flare,flare in progress,0,>=C1.0 (GOES-18 XRS flare list),test,104186,8386,162,0.361,F1,0.606665,,
"E4, SoLEXS withheld",common,in_flare,flare in progress,0,>=C1.0 (GOES-18 XRS flare list),test,104186,8386,162,0.361,false_alarm_ratio,0.510571,,
"E4, SoLEXS withheld",common,in_flare,flare in progress,0,>=C1.0 (GOES-18 XRS flare list),test,104186,8386,162,0.361,false_positive_rate,0.07285,,
"E4, SoLEXS withheld",common,in_flare,flare in progress,0,>=C1.0 (GOES-18 XRS flare list),test,104186,8386,162,0.361,HSS,0.563072,,
"E4, SoLEXS withheld",common,in_flare,flare in progress,0,>=C1.0 (GOES-18 XRS flare list),test,104186,8386,162,0.361,frequency_bias,1.629979,,
"E4, SoLEXS withheld",common,in_flare,flare in progress,0,>=C1.0 (GOES-18 XRS flare list),test,104186,8386,162,0.361,accuracy,0.916735,,
"E4, SoLEXS withheld",common,in_flare,flare in progress,0,>=C1.0 (GOES-18 XRS flare list),test,104186,8386,162,0.361,TP,6690.0,,
"E4, SoLEXS withheld",common,in_flare,flare in progress,0,>=C1.0 (GOES-18 XRS flare list),test,104186,8386,162,0.361,FP,6979.0,,
"E4, SoLEXS withheld",common,in_flare,flare in progress,0,>=C1.0 (GOES-18 XRS flare list),test,104186,8386,162,0.361,FN,1696.0,,
"E4, SoLEXS withheld",common,in_flare,flare in progress,0,>=C1.0 (GOES-18 XRS flare list),test,104186,8386,162,0.361,TN,88821.0,,
"E4, SoLEXS withheld",common,in_flare,flare in progress,0,>=C1.0 (GOES-18 XRS flare list),test,104186,8386,162,0.361,Brier_raw,0.076597,,
"E4, SoLEXS withheld",common,in_flare,flare in progress,0,>=C1.0 (GOES-18 XRS flare list),test,104186,8386,162,0.361,BSS_raw,-0.034924,,
"E4, SoLEXS withheld",common,in_flare,flare in progress,0,>=C1.0 (GOES-18 XRS flare list),test,104186,8386,162,0.361,Brier_calibrated,0.037555,,
"E4, SoLEXS withheld",common,in_flare,flare in progress,0,>=C1.0 (GOES-18 XRS flare list),test,104186,8386,162,0.361,BSS_calibrated,0.492583,0.4716,0.5139
"E4, SoLEXS withheld",common,flare_within_15min,flare starts or is in progress within the horizon,15,>=C1.0 (GOES-18 XRS flare list),test,104186,14347,162,0.418,ROC_AUC,0.783121,0.7684,0.7984
"E4, SoLEXS withheld",common,flare_within_15min,flare starts or is in progress within the horizon,15,>=C1.0 (GOES-18 XRS flare list),test,104186,14347,162,0.418,TSS,0.45397,0.4314,0.4748
"E4, SoLEXS withheld",common,flare_within_15min,flare starts or is in progress within the horizon,15,>=C1.0 (GOES-18 XRS flare list),test,104186,14347,162,0.418,POD_recall,0.541716,,
"E4, SoLEXS withheld",common,flare_within_15min,flare starts or is in progress within the horizon,15,>=C1.0 (GOES-18 XRS flare list),test,104186,14347,162,0.418,precision,0.496455,,
"E4, SoLEXS withheld",common,flare_within_15min,flare starts or is in progress within the horizon,15,>=C1.0 (GOES-18 XRS flare list),test,104186,14347,162,0.418,F1,0.518099,,
"E4, SoLEXS withheld",common,flare_within_15min,flare starts or is in progress within the horizon,15,>=C1.0 (GOES-18 XRS flare list),test,104186,14347,162,0.418,false_alarm_ratio,0.503545,,
"E4, SoLEXS withheld",common,flare_within_15min,flare starts or is in progress within the horizon,15,>=C1.0 (GOES-18 XRS flare list),test,104186,14347,162,0.418,false_positive_rate,0.087746,,
"E4, SoLEXS withheld",common,flare_within_15min,flare starts or is in progress within the horizon,15,>=C1.0 (GOES-18 XRS flare list),test,104186,14347,162,0.418,HSS,0.437222,,
"E4, SoLEXS withheld",common,flare_within_15min,flare starts or is in progress within the horizon,15,>=C1.0 (GOES-18 XRS flare list),test,104186,14347,162,0.418,frequency_bias,1.091169,,
"E4, SoLEXS withheld",common,flare_within_15min,flare starts or is in progress within the horizon,15,>=C1.0 (GOES-18 XRS flare list),test,104186,14347,162,0.418,accuracy,0.861229,,
"E4, SoLEXS withheld",common,flare_within_15min,flare starts or is in progress within the horizon,15,>=C1.0 (GOES-18 XRS flare list),test,104186,14347,162,0.418,TP,7772.0,,
"E4, SoLEXS withheld",common,flare_within_15min,flare starts or is in progress within the horizon,15,>=C1.0 (GOES-18 XRS flare list),test,104186,14347,162,0.418,FP,7883.0,,
"E4, SoLEXS withheld",common,flare_within_15min,flare starts or is in progress within the horizon,15,>=C1.0 (GOES-18 XRS flare list),test,104186,14347,162,0.418,FN,6575.0,,
"E4, SoLEXS withheld",common,flare_within_15min,flare starts or is in progress within the horizon,15,>=C1.0 (GOES-18 XRS flare list),test,104186,14347,162,0.418,TN,81956.0,,
"E4, SoLEXS withheld",common,flare_within_15min,flare starts or is in progress within the horizon,15,>=C1.0 (GOES-18 XRS flare list),test,104186,14347,162,0.418,Brier_raw,0.152889,,
"E4, SoLEXS withheld",common,flare_within_15min,flare starts or is in progress within the horizon,15,>=C1.0 (GOES-18 XRS flare list),test,104186,14347,162,0.418,BSS_raw,-0.287563,,
"E4, SoLEXS withheld",common,flare_within_15min,flare starts or is in progress within the horizon,15,>=C1.0 (GOES-18 XRS flare list),test,104186,14347,162,0.418,Brier_calibrated,0.085336,,
"E4, SoLEXS withheld",common,flare_within_15min,flare starts or is in progress within the horizon,15,>=C1.0 (GOES-18 XRS flare list),test,104186,14347,162,0.418,BSS_calibrated,0.281341,0.263,0.2987
"E4, SoLEXS withheld",common,flare_within_30min,flare starts or is in progress within the horizon,30,>=C1.0 (GOES-18 XRS flare list),test,104186,19678,162,0.456,ROC_AUC,0.720534,0.7021,0.7401
"E4, SoLEXS withheld",common,flare_within_30min,flare starts or is in progress within the horizon,30,>=C1.0 (GOES-18 XRS flare list),test,104186,19678,162,0.456,TSS,0.358505,0.3304,0.3881
"E4, SoLEXS withheld",common,flare_within_30min,flare starts or is in progress within the horizon,30,>=C1.0 (GOES-18 XRS flare list),test,104186,19678,162,0.456,POD_recall,0.49009,,
"E4, SoLEXS withheld",common,flare_within_30min,flare starts or is in progress within the horizon,30,>=C1.0 (GOES-18 XRS flare list),test,104186,19678,162,0.456,precision,0.464458,,
"E4, SoLEXS withheld",common,flare_within_30min,flare starts or is in progress within the horizon,30,>=C1.0 (GOES-18 XRS flare list),test,104186,19678,162,0.456,F1,0.47693,,
"E4, SoLEXS withheld",common,flare_within_30min,flare starts or is in progress within the horizon,30,>=C1.0 (GOES-18 XRS flare list),test,104186,19678,162,0.456,false_alarm_ratio,0.535542,,
"E4, SoLEXS withheld",common,flare_within_30min,flare starts or is in progress within the horizon,30,>=C1.0 (GOES-18 XRS flare list),test,104186,19678,162,0.456,false_positive_rate,0.131585,,
"E4, SoLEXS withheld",common,flare_within_30min,flare starts or is in progress within the horizon,30,>=C1.0 (GOES-18 XRS flare list),test,104186,19678,162,0.456,HSS,0.351073,,
"E4, SoLEXS withheld",common,flare_within_30min,flare starts or is in progress within the horizon,30,>=C1.0 (GOES-18 XRS flare list),test,104186,19678,162,0.456,frequency_bias,1.055189,,
"E4, SoLEXS withheld",common,flare_within_30min,flare starts or is in progress within the horizon,30,>=C1.0 (GOES-18 XRS flare list),test,104186,19678,162,0.456,accuracy,0.796959,,
"E4, SoLEXS withheld",common,flare_within_30min,flare starts or is in progress within the horizon,30,>=C1.0 (GOES-18 XRS flare list),test,104186,19678,162,0.456,TP,9644.0,,
"E4, SoLEXS withheld",common,flare_within_30min,flare starts or is in progress within the horizon,30,>=C1.0 (GOES-18 XRS flare list),test,104186,19678,162,0.456,FP,11120.0,,
"E4, SoLEXS withheld",common,flare_within_30min,flare starts or is in progress within the horizon,30,>=C1.0 (GOES-18 XRS flare list),test,104186,19678,162,0.456,FN,10034.0,,
"E4, SoLEXS withheld",common,flare_within_30min,flare starts or is in progress within the horizon,30,>=C1.0 (GOES-18 XRS flare list),test,104186,19678,162,0.456,TN,73388.0,,
"E4, SoLEXS withheld",common,flare_within_30min,flare starts or is in progress within the horizon,30,>=C1.0 (GOES-18 XRS flare list),test,104186,19678,162,0.456,Brier_raw,0.192794,,
"E4, SoLEXS withheld",common,flare_within_30min,flare starts or is in progress within the horizon,30,>=C1.0 (GOES-18 XRS flare list),test,104186,19678,162,0.456,BSS_raw,-0.25844,,
"E4, SoLEXS withheld",common,flare_within_30min,flare starts or is in progress within the horizon,30,>=C1.0 (GOES-18 XRS flare list),test,104186,19678,162,0.456,Brier_calibrated,0.123531,,
"E4, SoLEXS withheld",common,flare_within_30min,flare starts or is in progress within the horizon,30,>=C1.0 (GOES-18 XRS flare list),test,104186,19678,162,0.456,BSS_calibrated,0.193665,0.172,0.2109
"E4, SoLEXS withheld",common,flare_within_60min,flare starts or is in progress within the horizon,60,>=C1.0 (GOES-18 XRS flare list),test,104186,28802,162,0.527,ROC_AUC,0.658186,0.6376,0.6823
"E4, SoLEXS withheld",common,flare_within_60min,flare starts or is in progress within the horizon,60,>=C1.0 (GOES-18 XRS flare list),test,104186,28802,162,0.527,TSS,0.274768,0.2388,0.3105
"E4, SoLEXS withheld",common,flare_within_60min,flare starts or is in progress within the horizon,60,>=C1.0 (GOES-18 XRS flare list),test,104186,28802,162,0.527,POD_recall,0.447365,,
"E4, SoLEXS withheld",common,flare_within_60min,flare starts or is in progress within the horizon,60,>=C1.0 (GOES-18 XRS flare list),test,104186,28802,162,0.527,precision,0.497567,,
"E4, SoLEXS withheld",common,flare_within_60min,flare starts or is in progress within the horizon,60,>=C1.0 (GOES-18 XRS flare list),test,104186,28802,162,0.527,F1,0.471132,,
"E4, SoLEXS withheld",common,flare_within_60min,flare starts or is in progress within the horizon,60,>=C1.0 (GOES-18 XRS flare list),test,104186,28802,162,0.527,false_alarm_ratio,0.502433,,
"E4, SoLEXS withheld",common,flare_within_60min,flare starts or is in progress within the horizon,60,>=C1.0 (GOES-18 XRS flare list),test,104186,28802,162,0.527,false_positive_rate,0.172596,,
"E4, SoLEXS withheld",common,flare_within_60min,flare starts or is in progress within the horizon,60,>=C1.0 (GOES-18 XRS flare list),test,104186,28802,162,0.527,HSS,0.283609,,
"E4, SoLEXS withheld",common,flare_within_60min,flare starts or is in progress within the horizon,60,>=C1.0 (GOES-18 XRS flare list),test,104186,28802,162,0.527,frequency_bias,0.899104,,
"E4, SoLEXS withheld",common,flare_within_60min,flare starts or is in progress within the horizon,60,>=C1.0 (GOES-18 XRS flare list),test,104186,28802,162,0.527,accuracy,0.722343,,
"E4, SoLEXS withheld",common,flare_within_60min,flare starts or is in progress within the horizon,60,>=C1.0 (GOES-18 XRS flare list),test,104186,28802,162,0.527,TP,12885.0,,
"E4, SoLEXS withheld",common,flare_within_60min,flare starts or is in progress within the horizon,60,>=C1.0 (GOES-18 XRS flare list),test,104186,28802,162,0.527,FP,13011.0,,
"E4, SoLEXS withheld",common,flare_within_60min,flare starts or is in progress within the horizon,60,>=C1.0 (GOES-18 XRS flare list),test,104186,28802,162,0.527,FN,15917.0,,
"E4, SoLEXS withheld",common,flare_within_60min,flare starts or is in progress within the horizon,60,>=C1.0 (GOES-18 XRS flare list),test,104186,28802,162,0.527,TN,62373.0,,
"E4, SoLEXS withheld",common,flare_within_60min,flare starts or is in progress within the horizon,60,>=C1.0 (GOES-18 XRS flare list),test,104186,28802,162,0.527,Brier_raw,0.238154,,
"E4, SoLEXS withheld",common,flare_within_60min,flare starts or is in progress within the horizon,60,>=C1.0 (GOES-18 XRS flare list),test,104186,28802,162,0.527,BSS_raw,-0.190624,,
"E4, SoLEXS withheld",common,flare_within_60min,flare starts or is in progress within the horizon,60,>=C1.0 (GOES-18 XRS flare list),test,104186,28802,162,0.527,Brier_calibrated,0.178909,,
"E4, SoLEXS withheld",common,flare_within_60min,flare starts or is in progress within the horizon,60,>=C1.0 (GOES-18 XRS flare list),test,104186,28802,162,0.527,BSS_calibrated,0.105563,0.076,0.1251
"E4, HEL1OS withheld",common,in_flare,flare in progress,0,>=C1.0 (GOES-18 XRS flare list),test,104186,8386,162,0.361,ROC_AUC,0.945719,0.9404,0.9499
"E4, HEL1OS withheld",common,in_flare,flare in progress,0,>=C1.0 (GOES-18 XRS flare list),test,104186,8386,162,0.361,TSS,0.773644,0.7601,0.7857
"E4, HEL1OS withheld",common,in_flare,flare in progress,0,>=C1.0 (GOES-18 XRS flare list),test,104186,8386,162,0.361,POD_recall,0.830909,,
"E4, HEL1OS withheld",common,in_flare,flare in progress,0,>=C1.0 (GOES-18 XRS flare list),test,104186,8386,162,0.361,precision,0.559499,,
"E4, HEL1OS withheld",common,in_flare,flare in progress,0,>=C1.0 (GOES-18 XRS flare list),test,104186,8386,162,0.361,F1,0.668714,,
"E4, HEL1OS withheld",common,in_flare,flare in progress,0,>=C1.0 (GOES-18 XRS flare list),test,104186,8386,162,0.361,false_alarm_ratio,0.440501,,
"E4, HEL1OS withheld",common,in_flare,flare in progress,0,>=C1.0 (GOES-18 XRS flare list),test,104186,8386,162,0.361,false_positive_rate,0.057265,,
"E4, HEL1OS withheld",common,in_flare,flare in progress,0,>=C1.0 (GOES-18 XRS flare list),test,104186,8386,162,0.361,HSS,0.633451,,
"E4, HEL1OS withheld",common,in_flare,flare in progress,0,>=C1.0 (GOES-18 XRS flare list),test,104186,8386,162,0.361,frequency_bias,1.485094,,
"E4, HEL1OS withheld",common,in_flare,flare in progress,0,>=C1.0 (GOES-18 XRS flare list),test,104186,8386,162,0.361,accuracy,0.933734,,
"E4, HEL1OS withheld",common,in_flare,flare in progress,0,>=C1.0 (GOES-18 XRS flare list),test,104186,8386,162,0.361,TP,6968.0,,
"E4, HEL1OS withheld",common,in_flare,flare in progress,0,>=C1.0 (GOES-18 XRS flare list),test,104186,8386,162,0.361,FP,5486.0,,
"E4, HEL1OS withheld",common,in_flare,flare in progress,0,>=C1.0 (GOES-18 XRS flare list),test,104186,8386,162,0.361,FN,1418.0,,
"E4, HEL1OS withheld",common,in_flare,flare in progress,0,>=C1.0 (GOES-18 XRS flare list),test,104186,8386,162,0.361,TN,90314.0,,
"E4, HEL1OS withheld",common,in_flare,flare in progress,0,>=C1.0 (GOES-18 XRS flare list),test,104186,8386,162,0.361,Brier_raw,0.063461,,
"E4, HEL1OS withheld",common,in_flare,flare in progress,0,>=C1.0 (GOES-18 XRS flare list),test,104186,8386,162,0.361,BSS_raw,0.142557,,
"E4, HEL1OS withheld",common,in_flare,flare in progress,0,>=C1.0 (GOES-18 XRS flare list),test,104186,8386,162,0.361,Brier_calibrated,0.028792,,
"E4, HEL1OS withheld",common,in_flare,flare in progress,0,>=C1.0 (GOES-18 XRS flare list),test,104186,8386,162,0.361,BSS_calibrated,0.610976,0.5857,0.6329
"E4, HEL1OS withheld",common,flare_within_15min,flare starts or is in progress within the horizon,15,>=C1.0 (GOES-18 XRS flare list),test,104186,14347,162,0.418,ROC_AUC,0.806855,0.7921,0.8207
"E4, HEL1OS withheld",common,flare_within_15min,flare starts or is in progress within the horizon,15,>=C1.0 (GOES-18 XRS flare list),test,104186,14347,162,0.418,TSS,0.467477,0.4491,0.4839
"E4, HEL1OS withheld",common,flare_within_15min,flare starts or is in progress within the horizon,15,>=C1.0 (GOES-18 XRS flare list),test,104186,14347,162,0.418,POD_recall,0.527985,,
"E4, HEL1OS withheld",common,flare_within_15min,flare starts or is in progress within the horizon,15,>=C1.0 (GOES-18 XRS flare list),test,104186,14347,162,0.418,precision,0.5822,,
"E4, HEL1OS withheld",common,flare_within_15min,flare starts or is in progress within the horizon,15,>=C1.0 (GOES-18 XRS flare list),test,104186,14347,162,0.418,F1,0.553769,,
"E4, HEL1OS withheld",common,flare_within_15min,flare starts or is in progress within the horizon,15,>=C1.0 (GOES-18 XRS flare list),test,104186,14347,162,0.418,false_alarm_ratio,0.4178,,
"E4, HEL1OS withheld",common,flare_within_15min,flare starts or is in progress within the horizon,15,>=C1.0 (GOES-18 XRS flare list),test,104186,14347,162,0.418,false_positive_rate,0.060508,,
"E4, HEL1OS withheld",common,flare_within_15min,flare starts or is in progress within the horizon,15,>=C1.0 (GOES-18 XRS flare list),test,104186,14347,162,0.418,HSS,0.486511,,
"E4, HEL1OS withheld",common,flare_within_15min,flare starts or is in progress within the horizon,15,>=C1.0 (GOES-18 XRS flare list),test,104186,14347,162,0.418,frequency_bias,0.906879,,
"E4, HEL1OS withheld",common,flare_within_15min,flare starts or is in progress within the horizon,15,>=C1.0 (GOES-18 XRS flare list),test,104186,14347,162,0.418,accuracy,0.882825,,
"E4, HEL1OS withheld",common,flare_within_15min,flare starts or is in progress within the horizon,15,>=C1.0 (GOES-18 XRS flare list),test,104186,14347,162,0.418,TP,7575.0,,
"E4, HEL1OS withheld",common,flare_within_15min,flare starts or is in progress within the horizon,15,>=C1.0 (GOES-18 XRS flare list),test,104186,14347,162,0.418,FP,5436.0,,
"E4, HEL1OS withheld",common,flare_within_15min,flare starts or is in progress within the horizon,15,>=C1.0 (GOES-18 XRS flare list),test,104186,14347,162,0.418,FN,6772.0,,
"E4, HEL1OS withheld",common,flare_within_15min,flare starts or is in progress within the horizon,15,>=C1.0 (GOES-18 XRS flare list),test,104186,14347,162,0.418,TN,84403.0,,
"E4, HEL1OS withheld",common,flare_within_15min,flare starts or is in progress within the horizon,15,>=C1.0 (GOES-18 XRS flare list),test,104186,14347,162,0.418,Brier_raw,0.132268,,
"E4, HEL1OS withheld",common,flare_within_15min,flare starts or is in progress within the horizon,15,>=C1.0 (GOES-18 XRS flare list),test,104186,14347,162,0.418,BSS_raw,-0.113905,,
"E4, HEL1OS withheld",common,flare_within_15min,flare starts or is in progress within the horizon,15,>=C1.0 (GOES-18 XRS flare list),test,104186,14347,162,0.418,Brier_calibrated,0.077016,,
"E4, HEL1OS withheld",common,flare_within_15min,flare starts or is in progress within the horizon,15,>=C1.0 (GOES-18 XRS flare list),test,104186,14347,162,0.418,BSS_calibrated,0.351407,0.3329,0.3688
"E4, HEL1OS withheld",common,flare_within_30min,flare starts or is in progress within the horizon,30,>=C1.0 (GOES-18 XRS flare list),test,104186,19678,162,0.456,ROC_AUC,0.752044,0.7335,0.7704
"E4, HEL1OS withheld",common,flare_within_30min,flare starts or is in progress within the horizon,30,>=C1.0 (GOES-18 XRS flare list),test,104186,19678,162,0.456,TSS,0.360381,0.3398,0.3788
"E4, HEL1OS withheld",common,flare_within_30min,flare starts or is in progress within the horizon,30,>=C1.0 (GOES-18 XRS flare list),test,104186,19678,162,0.456,POD_recall,0.452739,,
"E4, HEL1OS withheld",common,flare_within_30min,flare starts or is in progress within the horizon,30,>=C1.0 (GOES-18 XRS flare list),test,104186,19678,162,0.456,precision,0.533026,,
"E4, HEL1OS withheld",common,flare_within_30min,flare starts or is in progress within the horizon,30,>=C1.0 (GOES-18 XRS flare list),test,104186,19678,162,0.456,F1,0.489613,,
"E4, HEL1OS withheld",common,flare_within_30min,flare starts or is in progress within the horizon,30,>=C1.0 (GOES-18 XRS flare list),test,104186,19678,162,0.456,false_alarm_ratio,0.466974,,
"E4, HEL1OS withheld",common,flare_within_30min,flare starts or is in progress within the horizon,30,>=C1.0 (GOES-18 XRS flare list),test,104186,19678,162,0.456,false_positive_rate,0.092358,,
"E4, HEL1OS withheld",common,flare_within_30min,flare starts or is in progress within the horizon,30,>=C1.0 (GOES-18 XRS flare list),test,104186,19678,162,0.456,HSS,0.382479,,
"E4, HEL1OS withheld",common,flare_within_30min,flare starts or is in progress within the horizon,30,>=C1.0 (GOES-18 XRS flare list),test,104186,19678,162,0.456,frequency_bias,0.849375,,
"E4, HEL1OS withheld",common,flare_within_30min,flare starts or is in progress within the horizon,30,>=C1.0 (GOES-18 XRS flare list),test,104186,19678,162,0.456,accuracy,0.821723,,
"E4, HEL1OS withheld",common,flare_within_30min,flare starts or is in progress within the horizon,30,>=C1.0 (GOES-18 XRS flare list),test,104186,19678,162,0.456,TP,8909.0,,
"E4, HEL1OS withheld",common,flare_within_30min,flare starts or is in progress within the horizon,30,>=C1.0 (GOES-18 XRS flare list),test,104186,19678,162,0.456,FP,7805.0,,
"E4, HEL1OS withheld",common,flare_within_30min,flare starts or is in progress within the horizon,30,>=C1.0 (GOES-18 XRS flare list),test,104186,19678,162,0.456,FN,10769.0,,
"E4, HEL1OS withheld",common,flare_within_30min,flare starts or is in progress within the horizon,30,>=C1.0 (GOES-18 XRS flare list),test,104186,19678,162,0.456,TN,76703.0,,
"E4, HEL1OS withheld",common,flare_within_30min,flare starts or is in progress within the horizon,30,>=C1.0 (GOES-18 XRS flare list),test,104186,19678,162,0.456,Brier_raw,0.169548,,
"E4, HEL1OS withheld",common,flare_within_30min,flare starts or is in progress within the horizon,30,>=C1.0 (GOES-18 XRS flare list),test,104186,19678,162,0.456,BSS_raw,-0.10671,,
"E4, HEL1OS withheld",common,flare_within_30min,flare starts or is in progress within the horizon,30,>=C1.0 (GOES-18 XRS flare list),test,104186,19678,162,0.456,Brier_calibrated,0.114941,,
"E4, HEL1OS withheld",common,flare_within_30min,flare starts or is in progress within the horizon,30,>=C1.0 (GOES-18 XRS flare list),test,104186,19678,162,0.456,BSS_calibrated,0.249732,0.233,0.2651
"E4, HEL1OS withheld",common,flare_within_60min,flare starts or is in progress within the horizon,60,>=C1.0 (GOES-18 XRS flare list),test,104186,28802,162,0.527,ROC_AUC,0.700781,0.6807,0.7259
"E4, HEL1OS withheld",common,flare_within_60min,flare starts or is in progress within the horizon,60,>=C1.0 (GOES-18 XRS flare list),test,104186,28802,162,0.527,TSS,0.27074,0.247,0.2948
"E4, HEL1OS withheld",common,flare_within_60min,flare starts or is in progress within the horizon,60,>=C1.0 (GOES-18 XRS flare list),test,104186,28802,162,0.527,POD_recall,0.392264,,
"E4, HEL1OS withheld",common,flare_within_60min,flare starts or is in progress within the horizon,60,>=C1.0 (GOES-18 XRS flare list),test,104186,28802,162,0.527,precision,0.552226,,
"E4, HEL1OS withheld",common,flare_within_60min,flare starts or is in progress within the horizon,60,>=C1.0 (GOES-18 XRS flare list),test,104186,28802,162,0.527,F1,0.4587,,
"E4, HEL1OS withheld",common,flare_within_60min,flare starts or is in progress within the horizon,60,>=C1.0 (GOES-18 XRS flare list),test,104186,28802,162,0.527,false_alarm_ratio,0.447774,,
"E4, HEL1OS withheld",common,flare_within_60min,flare starts or is in progress within the horizon,60,>=C1.0 (GOES-18 XRS flare list),test,104186,28802,162,0.527,false_positive_rate,0.121524,,
"E4, HEL1OS withheld",common,flare_within_60min,flare starts or is in progress within the horizon,60,>=C1.0 (GOES-18 XRS flare list),test,104186,28802,162,0.527,HSS,0.297352,,
"E4, HEL1OS withheld",common,flare_within_60min,flare starts or is in progress within the horizon,60,>=C1.0 (GOES-18 XRS flare list),test,104186,28802,162,0.527,frequency_bias,0.710333,,
"E4, HEL1OS withheld",common,flare_within_60min,flare starts or is in progress within the horizon,60,>=C1.0 (GOES-18 XRS flare list),test,104186,28802,162,0.527,accuracy,0.744064,,
"E4, HEL1OS withheld",common,flare_within_60min,flare starts or is in progress within the horizon,60,>=C1.0 (GOES-18 XRS flare list),test,104186,28802,162,0.527,TP,11298.0,,
"E4, HEL1OS withheld",common,flare_within_60min,flare starts or is in progress within the horizon,60,>=C1.0 (GOES-18 XRS flare list),test,104186,28802,162,0.527,FP,9161.0,,
"E4, HEL1OS withheld",common,flare_within_60min,flare starts or is in progress within the horizon,60,>=C1.0 (GOES-18 XRS flare list),test,104186,28802,162,0.527,FN,17504.0,,
"E4, HEL1OS withheld",common,flare_within_60min,flare starts or is in progress within the horizon,60,>=C1.0 (GOES-18 XRS flare list),test,104186,28802,162,0.527,TN,66223.0,,
"E4, HEL1OS withheld",common,flare_within_60min,flare starts or is in progress within the horizon,60,>=C1.0 (GOES-18 XRS flare list),test,104186,28802,162,0.527,Brier_raw,0.213217,,
"E4, HEL1OS withheld",common,flare_within_60min,flare starts or is in progress within the horizon,60,>=C1.0 (GOES-18 XRS flare list),test,104186,28802,162,0.527,BSS_raw,-0.065955,,
"E4, HEL1OS withheld",common,flare_within_60min,flare starts or is in progress within the horizon,60,>=C1.0 (GOES-18 XRS flare list),test,104186,28802,162,0.527,Brier_calibrated,0.167936,,
"E4, HEL1OS withheld",common,flare_within_60min,flare starts or is in progress within the horizon,60,>=C1.0 (GOES-18 XRS flare list),test,104186,28802,162,0.527,BSS_calibrated,0.160421,0.1424,0.1757
