experiment,population,horizon_min,split,kind,units,n_samples,n_days,metric,value,ci95_low,ci95_high
E1,common,0,test,model (median),"dex (log10 W m^-2, GOES-18 XRS-B)",104186,162,MAE,0.04426,0.0418,0.0473
E1,common,0,test,model (median),"dex (log10 W m^-2, GOES-18 XRS-B)",104186,162,RMSE,0.056175,,
E1,common,0,test,model (median),"dex (log10 W m^-2, GOES-18 XRS-B)",104186,162,bias,0.0061,,
E1,common,0,test,model (median),"dex (log10 W m^-2, GOES-18 XRS-B)",104186,162,correlation,0.986516,,
E1,common,1,test,model (median),"dex (log10 W m^-2, GOES-18 XRS-B)",104143,162,MAE,0.045847,0.0434,0.0488
E1,common,1,test,model (median),"dex (log10 W m^-2, GOES-18 XRS-B)",104143,162,RMSE,0.058872,,
E1,common,1,test,model (median),"dex (log10 W m^-2, GOES-18 XRS-B)",104143,162,bias,0.008125,,
E1,common,1,test,model (median),"dex (log10 W m^-2, GOES-18 XRS-B)",104143,162,correlation,0.985604,,
E1,common,5,test,model (median),"dex (log10 W m^-2, GOES-18 XRS-B)",104047,162,MAE,0.055556,0.0531,0.0583
E1,common,5,test,model (median),"dex (log10 W m^-2, GOES-18 XRS-B)",104047,162,RMSE,0.083794,,
E1,common,5,test,model (median),"dex (log10 W m^-2, GOES-18 XRS-B)",104047,162,bias,-0.001146,,
E1,common,5,test,model (median),"dex (log10 W m^-2, GOES-18 XRS-B)",104047,162,correlation,0.968208,,
E1,common,15,test,model (median),"dex (log10 W m^-2, GOES-18 XRS-B)",103844,162,MAE,0.077199,0.0731,0.0812
E1,common,15,test,model (median),"dex (log10 W m^-2, GOES-18 XRS-B)",103844,162,RMSE,0.12978,,
E1,common,15,test,model (median),"dex (log10 W m^-2, GOES-18 XRS-B)",103844,162,bias,-0.005963,,
E1,common,15,test,model (median),"dex (log10 W m^-2, GOES-18 XRS-B)",103844,162,correlation,0.921016,,
E1,common,30,test,model (median),"dex (log10 W m^-2, GOES-18 XRS-B)",103557,162,MAE,0.098063,0.0922,0.1035
E1,common,30,test,model (median),"dex (log10 W m^-2, GOES-18 XRS-B)",103557,162,RMSE,0.16031,,
E1,common,30,test,model (median),"dex (log10 W m^-2, GOES-18 XRS-B)",103557,162,bias,0.004108,,
E1,common,30,test,model (median),"dex (log10 W m^-2, GOES-18 XRS-B)",103557,162,correlation,0.875661,,
E1,common,60,test,model (median),"dex (log10 W m^-2, GOES-18 XRS-B)",103070,162,MAE,0.118046,0.1112,0.1244
E1,common,60,test,model (median),"dex (log10 W m^-2, GOES-18 XRS-B)",103070,162,RMSE,0.185119,,
E1,common,60,test,model (median),"dex (log10 W m^-2, GOES-18 XRS-B)",103070,162,bias,0.008996,,
E1,common,60,test,model (median),"dex (log10 W m^-2, GOES-18 XRS-B)",103070,162,correlation,0.829558,,
E1,native,0,test,model (median),"dex (log10 W m^-2, GOES-18 XRS-B)",106570,162,MAE,0.044037,0.0417,0.0469
E1,native,0,test,model (median),"dex (log10 W m^-2, GOES-18 XRS-B)",106570,162,RMSE,0.055926,,
E1,native,0,test,model (median),"dex (log10 W m^-2, GOES-18 XRS-B)",106570,162,bias,0.00603,,
E1,native,0,test,model (median),"dex (log10 W m^-2, GOES-18 XRS-B)",106570,162,correlation,0.986996,,
E1,native,1,test,model (median),"dex (log10 W m^-2, GOES-18 XRS-B)",106527,162,MAE,0.045652,0.0432,0.0486
E1,native,1,test,model (median),"dex (log10 W m^-2, GOES-18 XRS-B)",106527,162,RMSE,0.058634,,
E1,native,1,test,model (median),"dex (log10 W m^-2, GOES-18 XRS-B)",106527,162,bias,0.007996,,
E1,native,1,test,model (median),"dex (log10 W m^-2, GOES-18 XRS-B)",106527,162,correlation,0.98611,,
E1,native,5,test,model (median),"dex (log10 W m^-2, GOES-18 XRS-B)",106431,162,MAE,0.055471,0.053,0.0582
E1,native,5,test,model (median),"dex (log10 W m^-2, GOES-18 XRS-B)",106431,162,RMSE,0.083758,,
E1,native,5,test,model (median),"dex (log10 W m^-2, GOES-18 XRS-B)",106431,162,bias,-0.001274,,
E1,native,5,test,model (median),"dex (log10 W m^-2, GOES-18 XRS-B)",106431,162,correlation,0.96909,,
E1,native,15,test,model (median),"dex (log10 W m^-2, GOES-18 XRS-B)",106228,162,MAE,0.077295,0.0734,0.0816
E1,native,15,test,model (median),"dex (log10 W m^-2, GOES-18 XRS-B)",106228,162,RMSE,0.129871,,
E1,native,15,test,model (median),"dex (log10 W m^-2, GOES-18 XRS-B)",106228,162,bias,-0.006145,,
E1,native,15,test,model (median),"dex (log10 W m^-2, GOES-18 XRS-B)",106228,162,correlation,0.923087,,
E1,native,30,test,model (median),"dex (log10 W m^-2, GOES-18 XRS-B)",105931,162,MAE,0.098215,0.0926,0.1037
E1,native,30,test,model (median),"dex (log10 W m^-2, GOES-18 XRS-B)",105931,162,RMSE,0.160265,,
E1,native,30,test,model (median),"dex (log10 W m^-2, GOES-18 XRS-B)",105931,162,bias,0.003889,,
E1,native,30,test,model (median),"dex (log10 W m^-2, GOES-18 XRS-B)",105931,162,correlation,0.879192,,
E1,native,60,test,model (median),"dex (log10 W m^-2, GOES-18 XRS-B)",105421,162,MAE,0.117986,0.1114,0.1245
E1,native,60,test,model (median),"dex (log10 W m^-2, GOES-18 XRS-B)",105421,162,RMSE,0.184888,,
E1,native,60,test,model (median),"dex (log10 W m^-2, GOES-18 XRS-B)",105421,162,bias,0.00873,,
E1,native,60,test,model (median),"dex (log10 W m^-2, GOES-18 XRS-B)",105421,162,correlation,0.835088,,
E2,common,0,test,model (median),"dex (log10 W m^-2, GOES-18 XRS-B)",104186,162,MAE,0.318233,0.2991,0.3397
E2,common,0,test,model (median),"dex (log10 W m^-2, GOES-18 XRS-B)",104186,162,RMSE,0.35403,,
E2,common,0,test,model (median),"dex (log10 W m^-2, GOES-18 XRS-B)",104186,162,bias,0.317622,,
E2,common,0,test,model (median),"dex (log10 W m^-2, GOES-18 XRS-B)",104186,162,correlation,0.888793,,
E2,common,1,test,model (median),"dex (log10 W m^-2, GOES-18 XRS-B)",104143,162,MAE,0.306375,0.2873,0.3278
E2,common,1,test,model (median),"dex (log10 W m^-2, GOES-18 XRS-B)",104143,162,RMSE,0.34363,,
E2,common,1,test,model (median),"dex (log10 W m^-2, GOES-18 XRS-B)",104143,162,bias,0.305239,,
E2,common,1,test,model (median),"dex (log10 W m^-2, GOES-18 XRS-B)",104143,162,correlation,0.889212,,
E2,common,5,test,model (median),"dex (log10 W m^-2, GOES-18 XRS-B)",104047,162,MAE,0.315914,0.297,0.3372
E2,common,5,test,model (median),"dex (log10 W m^-2, GOES-18 XRS-B)",104047,162,RMSE,0.353964,,
E2,common,5,test,model (median),"dex (log10 W m^-2, GOES-18 XRS-B)",104047,162,bias,0.31158,,
E2,common,5,test,model (median),"dex (log10 W m^-2, GOES-18 XRS-B)",104047,162,correlation,0.870476,,
E2,common,15,test,model (median),"dex (log10 W m^-2, GOES-18 XRS-B)",103844,162,MAE,0.336218,0.3173,0.3578
E2,common,15,test,model (median),"dex (log10 W m^-2, GOES-18 XRS-B)",103844,162,RMSE,0.377313,,
E2,common,15,test,model (median),"dex (log10 W m^-2, GOES-18 XRS-B)",103844,162,bias,0.322456,,
E2,common,15,test,model (median),"dex (log10 W m^-2, GOES-18 XRS-B)",103844,162,correlation,0.815414,,
E2,common,30,test,model (median),"dex (log10 W m^-2, GOES-18 XRS-B)",103557,162,MAE,0.337117,0.3184,0.3587
E2,common,30,test,model (median),"dex (log10 W m^-2, GOES-18 XRS-B)",103557,162,RMSE,0.381437,,
E2,common,30,test,model (median),"dex (log10 W m^-2, GOES-18 XRS-B)",103557,162,bias,0.313607,,
E2,common,30,test,model (median),"dex (log10 W m^-2, GOES-18 XRS-B)",103557,162,correlation,0.762034,,
E2,common,60,test,model (median),"dex (log10 W m^-2, GOES-18 XRS-B)",103070,162,MAE,0.350448,0.3318,0.3727
E2,common,60,test,model (median),"dex (log10 W m^-2, GOES-18 XRS-B)",103070,162,RMSE,0.396792,,
E2,common,60,test,model (median),"dex (log10 W m^-2, GOES-18 XRS-B)",103070,162,bias,0.318655,,
E2,common,60,test,model (median),"dex (log10 W m^-2, GOES-18 XRS-B)",103070,162,correlation,0.705582,,
E2,native,0,test,model (median),"dex (log10 W m^-2, GOES-18 XRS-B)",114785,171,MAE,0.323069,0.3036,0.3436
E2,native,0,test,model (median),"dex (log10 W m^-2, GOES-18 XRS-B)",114785,171,RMSE,0.359307,,
E2,native,0,test,model (median),"dex (log10 W m^-2, GOES-18 XRS-B)",114785,171,bias,0.322389,,
E2,native,0,test,model (median),"dex (log10 W m^-2, GOES-18 XRS-B)",114785,171,correlation,0.884218,,
E2,native,1,test,model (median),"dex (log10 W m^-2, GOES-18 XRS-B)",114738,171,MAE,0.31123,0.2917,0.3319
E2,native,1,test,model (median),"dex (log10 W m^-2, GOES-18 XRS-B)",114738,171,RMSE,0.34891,,
E2,native,1,test,model (median),"dex (log10 W m^-2, GOES-18 XRS-B)",114738,171,bias,0.310055,,
E2,native,1,test,model (median),"dex (log10 W m^-2, GOES-18 XRS-B)",114738,171,correlation,0.884734,,
E2,native,5,test,model (median),"dex (log10 W m^-2, GOES-18 XRS-B)",114637,171,MAE,0.320781,0.3013,0.3415
E2,native,5,test,model (median),"dex (log10 W m^-2, GOES-18 XRS-B)",114637,171,RMSE,0.359211,,
E2,native,5,test,model (median),"dex (log10 W m^-2, GOES-18 XRS-B)",114637,171,bias,0.316479,,
E2,native,5,test,model (median),"dex (log10 W m^-2, GOES-18 XRS-B)",114637,171,correlation,0.86591,,
E2,native,15,test,model (median),"dex (log10 W m^-2, GOES-18 XRS-B)",114424,171,MAE,0.34124,0.3221,0.3621
E2,native,15,test,model (median),"dex (log10 W m^-2, GOES-18 XRS-B)",114424,171,RMSE,0.382573,,
E2,native,15,test,model (median),"dex (log10 W m^-2, GOES-18 XRS-B)",114424,171,bias,0.327758,,
E2,native,15,test,model (median),"dex (log10 W m^-2, GOES-18 XRS-B)",114424,171,correlation,0.810662,,
E2,native,30,test,model (median),"dex (log10 W m^-2, GOES-18 XRS-B)",114117,171,MAE,0.342124,0.3233,0.3627
E2,native,30,test,model (median),"dex (log10 W m^-2, GOES-18 XRS-B)",114117,171,RMSE,0.386508,,
E2,native,30,test,model (median),"dex (log10 W m^-2, GOES-18 XRS-B)",114117,171,bias,0.319141,,
E2,native,30,test,model (median),"dex (log10 W m^-2, GOES-18 XRS-B)",114117,171,correlation,0.757399,,
E2,native,60,test,model (median),"dex (log10 W m^-2, GOES-18 XRS-B)",113600,171,MAE,0.3554,0.3363,0.3761
E2,native,60,test,model (median),"dex (log10 W m^-2, GOES-18 XRS-B)",113600,171,RMSE,0.401726,,
E2,native,60,test,model (median),"dex (log10 W m^-2, GOES-18 XRS-B)",113600,171,bias,0.324511,,
E2,native,60,test,model (median),"dex (log10 W m^-2, GOES-18 XRS-B)",113600,171,correlation,0.701358,,
E4,common,0,test,model (median),"dex (log10 W m^-2, GOES-18 XRS-B)",104186,162,MAE,0.044223,0.0414,0.0473
E4,common,0,test,model (median),"dex (log10 W m^-2, GOES-18 XRS-B)",104186,162,RMSE,0.056735,,
E4,common,0,test,model (median),"dex (log10 W m^-2, GOES-18 XRS-B)",104186,162,bias,-0.001307,,
E4,common,0,test,model (median),"dex (log10 W m^-2, GOES-18 XRS-B)",104186,162,correlation,0.986589,,
E4,common,1,test,model (median),"dex (log10 W m^-2, GOES-18 XRS-B)",104143,162,MAE,0.044751,0.0419,0.0478
E4,common,1,test,model (median),"dex (log10 W m^-2, GOES-18 XRS-B)",104143,162,RMSE,0.058128,,
E4,common,1,test,model (median),"dex (log10 W m^-2, GOES-18 XRS-B)",104143,162,bias,0.002113,,
E4,common,1,test,model (median),"dex (log10 W m^-2, GOES-18 XRS-B)",104143,162,correlation,0.985974,,
E4,common,5,test,model (median),"dex (log10 W m^-2, GOES-18 XRS-B)",104047,162,MAE,0.054616,0.0518,0.0577
E4,common,5,test,model (median),"dex (log10 W m^-2, GOES-18 XRS-B)",104047,162,RMSE,0.082642,,
E4,common,5,test,model (median),"dex (log10 W m^-2, GOES-18 XRS-B)",104047,162,bias,-0.002681,,
E4,common,5,test,model (median),"dex (log10 W m^-2, GOES-18 XRS-B)",104047,162,correlation,0.969796,,
E4,common,15,test,model (median),"dex (log10 W m^-2, GOES-18 XRS-B)",103844,162,MAE,0.074592,0.0704,0.0785
E4,common,15,test,model (median),"dex (log10 W m^-2, GOES-18 XRS-B)",103844,162,RMSE,0.127623,,
E4,common,15,test,model (median),"dex (log10 W m^-2, GOES-18 XRS-B)",103844,162,bias,-0.016545,,
E4,common,15,test,model (median),"dex (log10 W m^-2, GOES-18 XRS-B)",103844,162,correlation,0.925085,,
E4,common,30,test,model (median),"dex (log10 W m^-2, GOES-18 XRS-B)",103557,162,MAE,0.091578,0.086,0.0969
E4,common,30,test,model (median),"dex (log10 W m^-2, GOES-18 XRS-B)",103557,162,RMSE,0.156822,,
E4,common,30,test,model (median),"dex (log10 W m^-2, GOES-18 XRS-B)",103557,162,bias,-0.026084,,
E4,common,30,test,model (median),"dex (log10 W m^-2, GOES-18 XRS-B)",103557,162,correlation,0.884762,,
E4,common,60,test,model (median),"dex (log10 W m^-2, GOES-18 XRS-B)",103070,162,MAE,0.108842,0.1022,0.1152
E4,common,60,test,model (median),"dex (log10 W m^-2, GOES-18 XRS-B)",103070,162,RMSE,0.180472,,
E4,common,60,test,model (median),"dex (log10 W m^-2, GOES-18 XRS-B)",103070,162,bias,-0.035752,,
E4,common,60,test,model (median),"dex (log10 W m^-2, GOES-18 XRS-B)",103070,162,correlation,0.845183,,
E4,native,0,test,model (median),"dex (log10 W m^-2, GOES-18 XRS-B)",117185,171,MAE,0.075527,0.062,0.0921
E4,native,0,test,model (median),"dex (log10 W m^-2, GOES-18 XRS-B)",117185,171,RMSE,0.142519,,
E4,native,0,test,model (median),"dex (log10 W m^-2, GOES-18 XRS-B)",117185,171,bias,0.03435,,
E4,native,0,test,model (median),"dex (log10 W m^-2, GOES-18 XRS-B)",117185,171,correlation,0.91096,,
E4,native,1,test,model (median),"dex (log10 W m^-2, GOES-18 XRS-B)",117138,171,MAE,0.075171,0.0619,0.0914
E4,native,1,test,model (median),"dex (log10 W m^-2, GOES-18 XRS-B)",117138,171,RMSE,0.140424,,
E4,native,1,test,model (median),"dex (log10 W m^-2, GOES-18 XRS-B)",117138,171,bias,0.036568,,
E4,native,1,test,model (median),"dex (log10 W m^-2, GOES-18 XRS-B)",117138,171,correlation,0.914451,,
E4,native,5,test,model (median),"dex (log10 W m^-2, GOES-18 XRS-B)",117037,171,MAE,0.084742,0.0717,0.1007
E4,native,5,test,model (median),"dex (log10 W m^-2, GOES-18 XRS-B)",117037,171,RMSE,0.15256,,
E4,native,5,test,model (median),"dex (log10 W m^-2, GOES-18 XRS-B)",117037,171,bias,0.032345,,
E4,native,5,test,model (median),"dex (log10 W m^-2, GOES-18 XRS-B)",117037,171,correlation,0.895602,,
E4,native,15,test,model (median),"dex (log10 W m^-2, GOES-18 XRS-B)",116824,171,MAE,0.103888,0.091,0.1201
E4,native,15,test,model (median),"dex (log10 W m^-2, GOES-18 XRS-B)",116824,171,RMSE,0.180781,,
E4,native,15,test,model (median),"dex (log10 W m^-2, GOES-18 XRS-B)",116824,171,bias,0.019783,,
E4,native,15,test,model (median),"dex (log10 W m^-2, GOES-18 XRS-B)",116824,171,correlation,0.844678,,
E4,native,30,test,model (median),"dex (log10 W m^-2, GOES-18 XRS-B)",116507,171,MAE,0.120203,0.1066,0.1367
E4,native,30,test,model (median),"dex (log10 W m^-2, GOES-18 XRS-B)",116507,171,RMSE,0.202244,,
E4,native,30,test,model (median),"dex (log10 W m^-2, GOES-18 XRS-B)",116507,171,bias,0.011316,,
E4,native,30,test,model (median),"dex (log10 W m^-2, GOES-18 XRS-B)",116507,171,correlation,0.79973,,
E4,native,60,test,model (median),"dex (log10 W m^-2, GOES-18 XRS-B)",115967,171,MAE,0.135952,0.1225,0.1529
E4,native,60,test,model (median),"dex (log10 W m^-2, GOES-18 XRS-B)",115967,171,RMSE,0.219988,,
E4,native,60,test,model (median),"dex (log10 W m^-2, GOES-18 XRS-B)",115967,171,bias,0.002493,,
E4,native,60,test,model (median),"dex (log10 W m^-2, GOES-18 XRS-B)",115967,171,correlation,0.759375,,
reference: climatology (training mean),common,0,test,reference,"dex (log10 W m^-2, GOES-18 XRS-B)",104186,162,MAE,0.500328,0.4718,0.5307
reference: climatology (training mean),common,0,test,reference,"dex (log10 W m^-2, GOES-18 XRS-B)",104186,162,RMSE,0.556744,,
reference: climatology (training mean),common,0,test,reference,"dex (log10 W m^-2, GOES-18 XRS-B)",104186,162,bias,0.446992,,
reference: climatology (training mean),common,0,test,reference,"dex (log10 W m^-2, GOES-18 XRS-B)",104186,162,correlation,,,
reference: SoLEXS flux now (calibrated on training),common,0,test,reference,"dex (log10 W m^-2, GOES-18 XRS-B)",104186,162,MAE,0.054244,0.0518,0.0571
reference: SoLEXS flux now (calibrated on training),common,0,test,reference,"dex (log10 W m^-2, GOES-18 XRS-B)",104186,162,RMSE,0.069415,,
reference: SoLEXS flux now (calibrated on training),common,0,test,reference,"dex (log10 W m^-2, GOES-18 XRS-B)",104186,162,bias,-0.011454,,
reference: SoLEXS flux now (calibrated on training),common,0,test,reference,"dex (log10 W m^-2, GOES-18 XRS-B)",104186,162,correlation,0.979987,,
reference: climatology (training mean),common,1,test,reference,"dex (log10 W m^-2, GOES-18 XRS-B)",104143,162,MAE,0.500341,0.4718,0.5307
reference: climatology (training mean),common,1,test,reference,"dex (log10 W m^-2, GOES-18 XRS-B)",104143,162,RMSE,0.556776,,
reference: climatology (training mean),common,1,test,reference,"dex (log10 W m^-2, GOES-18 XRS-B)",104143,162,bias,0.446985,,
reference: climatology (training mean),common,1,test,reference,"dex (log10 W m^-2, GOES-18 XRS-B)",104143,162,correlation,,,
reference: SoLEXS flux now (calibrated on training),common,1,test,reference,"dex (log10 W m^-2, GOES-18 XRS-B)",104143,162,MAE,0.054012,0.0515,0.0568
reference: SoLEXS flux now (calibrated on training),common,1,test,reference,"dex (log10 W m^-2, GOES-18 XRS-B)",104143,162,RMSE,0.069201,,
reference: SoLEXS flux now (calibrated on training),common,1,test,reference,"dex (log10 W m^-2, GOES-18 XRS-B)",104143,162,bias,-0.011435,,
reference: SoLEXS flux now (calibrated on training),common,1,test,reference,"dex (log10 W m^-2, GOES-18 XRS-B)",104143,162,correlation,0.980114,,
reference: GOES flux now (persistence),common,1,test,reference,"dex (log10 W m^-2, GOES-18 XRS-B)",104143,162,MAE,0.007877,0.0073,0.0085
reference: GOES flux now (persistence),common,1,test,reference,"dex (log10 W m^-2, GOES-18 XRS-B)",104143,162,RMSE,0.021651,,
reference: GOES flux now (persistence),common,1,test,reference,"dex (log10 W m^-2, GOES-18 XRS-B)",104143,162,bias,2.1e-05,,
reference: GOES flux now (persistence),common,1,test,reference,"dex (log10 W m^-2, GOES-18 XRS-B)",104143,162,correlation,0.997873,,
reference: climatology (training mean),common,5,test,reference,"dex (log10 W m^-2, GOES-18 XRS-B)",104047,162,MAE,0.500217,0.4717,0.5306
reference: climatology (training mean),common,5,test,reference,"dex (log10 W m^-2, GOES-18 XRS-B)",104047,162,RMSE,0.55664,,
reference: climatology (training mean),common,5,test,reference,"dex (log10 W m^-2, GOES-18 XRS-B)",104047,162,bias,0.446865,,
reference: climatology (training mean),common,5,test,reference,"dex (log10 W m^-2, GOES-18 XRS-B)",104047,162,correlation,,,
reference: SoLEXS flux now (calibrated on training),common,5,test,reference,"dex (log10 W m^-2, GOES-18 XRS-B)",104047,162,MAE,0.067621,0.0651,0.0702
reference: SoLEXS flux now (calibrated on training),common,5,test,reference,"dex (log10 W m^-2, GOES-18 XRS-B)",104047,162,RMSE,0.097333,,
reference: SoLEXS flux now (calibrated on training),common,5,test,reference,"dex (log10 W m^-2, GOES-18 XRS-B)",104047,162,bias,-0.011408,,
reference: SoLEXS flux now (calibrated on training),common,5,test,reference,"dex (log10 W m^-2, GOES-18 XRS-B)",104047,162,correlation,0.959555,,
reference: GOES flux now (persistence),common,5,test,reference,"dex (log10 W m^-2, GOES-18 XRS-B)",104047,162,MAE,0.03162,0.0294,0.0341
reference: GOES flux now (persistence),common,5,test,reference,"dex (log10 W m^-2, GOES-18 XRS-B)",104047,162,RMSE,0.073107,,
reference: GOES flux now (persistence),common,5,test,reference,"dex (log10 W m^-2, GOES-18 XRS-B)",104047,162,bias,6.2e-05,,
reference: GOES flux now (persistence),common,5,test,reference,"dex (log10 W m^-2, GOES-18 XRS-B)",104047,162,correlation,0.975743,,
reference: climatology (training mean),common,15,test,reference,"dex (log10 W m^-2, GOES-18 XRS-B)",103844,162,MAE,0.499932,0.4715,0.5304
reference: climatology (training mean),common,15,test,reference,"dex (log10 W m^-2, GOES-18 XRS-B)",103844,162,RMSE,0.556309,,
reference: climatology (training mean),common,15,test,reference,"dex (log10 W m^-2, GOES-18 XRS-B)",103844,162,bias,0.446629,,
reference: climatology (training mean),common,15,test,reference,"dex (log10 W m^-2, GOES-18 XRS-B)",103844,162,correlation,,,
reference: SoLEXS flux now (calibrated on training),common,15,test,reference,"dex (log10 W m^-2, GOES-18 XRS-B)",103844,162,MAE,0.096016,0.0915,0.0999
reference: SoLEXS flux now (calibrated on training),common,15,test,reference,"dex (log10 W m^-2, GOES-18 XRS-B)",103844,162,RMSE,0.150579,,
reference: SoLEXS flux now (calibrated on training),common,15,test,reference,"dex (log10 W m^-2, GOES-18 XRS-B)",103844,162,bias,-0.011368,,
reference: SoLEXS flux now (calibrated on training),common,15,test,reference,"dex (log10 W m^-2, GOES-18 XRS-B)",103844,162,correlation,0.901577,,
reference: GOES flux now (persistence),common,15,test,reference,"dex (log10 W m^-2, GOES-18 XRS-B)",103844,162,MAE,0.065964,0.0608,0.0709
reference: GOES flux now (persistence),common,15,test,reference,"dex (log10 W m^-2, GOES-18 XRS-B)",103844,162,RMSE,0.132664,,
reference: GOES flux now (persistence),common,15,test,reference,"dex (log10 W m^-2, GOES-18 XRS-B)",103844,162,bias,0.000142,,
reference: GOES flux now (persistence),common,15,test,reference,"dex (log10 W m^-2, GOES-18 XRS-B)",103844,162,correlation,0.920061,,
reference: climatology (training mean),common,30,test,reference,"dex (log10 W m^-2, GOES-18 XRS-B)",103557,162,MAE,0.499589,0.471,0.5301
reference: climatology (training mean),common,30,test,reference,"dex (log10 W m^-2, GOES-18 XRS-B)",103557,162,RMSE,0.555912,,
reference: climatology (training mean),common,30,test,reference,"dex (log10 W m^-2, GOES-18 XRS-B)",103557,162,bias,0.446321,,
reference: climatology (training mean),common,30,test,reference,"dex (log10 W m^-2, GOES-18 XRS-B)",103557,162,correlation,,,
reference: SoLEXS flux now (calibrated on training),common,30,test,reference,"dex (log10 W m^-2, GOES-18 XRS-B)",103557,162,MAE,0.12072,0.1139,0.1271
reference: SoLEXS flux now (calibrated on training),common,30,test,reference,"dex (log10 W m^-2, GOES-18 XRS-B)",103557,162,RMSE,0.190322,,
reference: SoLEXS flux now (calibrated on training),common,30,test,reference,"dex (log10 W m^-2, GOES-18 XRS-B)",103557,162,bias,-0.011347,,
reference: SoLEXS flux now (calibrated on training),common,30,test,reference,"dex (log10 W m^-2, GOES-18 XRS-B)",103557,162,correlation,0.841943,,
reference: GOES flux now (persistence),common,30,test,reference,"dex (log10 W m^-2, GOES-18 XRS-B)",103557,162,MAE,0.093173,0.0852,0.1009
reference: GOES flux now (persistence),common,30,test,reference,"dex (log10 W m^-2, GOES-18 XRS-B)",103557,162,RMSE,0.173771,,
reference: GOES flux now (persistence),common,30,test,reference,"dex (log10 W m^-2, GOES-18 XRS-B)",103557,162,bias,0.000218,,
reference: GOES flux now (persistence),common,30,test,reference,"dex (log10 W m^-2, GOES-18 XRS-B)",103557,162,correlation,0.862707,,
reference: climatology (training mean),common,60,test,reference,"dex (log10 W m^-2, GOES-18 XRS-B)",103070,162,MAE,0.498986,0.4703,0.5297
reference: climatology (training mean),common,60,test,reference,"dex (log10 W m^-2, GOES-18 XRS-B)",103070,162,RMSE,0.555225,,
reference: climatology (training mean),common,60,test,reference,"dex (log10 W m^-2, GOES-18 XRS-B)",103070,162,bias,0.445848,,
reference: climatology (training mean),common,60,test,reference,"dex (log10 W m^-2, GOES-18 XRS-B)",103070,162,correlation,,,
reference: SoLEXS flux now (calibrated on training),common,60,test,reference,"dex (log10 W m^-2, GOES-18 XRS-B)",103070,162,MAE,0.1449,0.1364,0.1532
reference: SoLEXS flux now (calibrated on training),common,60,test,reference,"dex (log10 W m^-2, GOES-18 XRS-B)",103070,162,RMSE,0.225124,,
reference: SoLEXS flux now (calibrated on training),common,60,test,reference,"dex (log10 W m^-2, GOES-18 XRS-B)",103070,162,bias,-0.011375,,
reference: SoLEXS flux now (calibrated on training),common,60,test,reference,"dex (log10 W m^-2, GOES-18 XRS-B)",103070,162,correlation,0.777783,,
reference: GOES flux now (persistence),common,60,test,reference,"dex (log10 W m^-2, GOES-18 XRS-B)",103070,162,MAE,0.119375,0.1097,0.1293
reference: GOES flux now (persistence),common,60,test,reference,"dex (log10 W m^-2, GOES-18 XRS-B)",103070,162,RMSE,0.209343,,
reference: GOES flux now (persistence),common,60,test,reference,"dex (log10 W m^-2, GOES-18 XRS-B)",103070,162,bias,0.000292,,
reference: GOES flux now (persistence),common,60,test,reference,"dex (log10 W m^-2, GOES-18 XRS-B)",103070,162,correlation,0.800141,,
reference: climatology (training mean),native,0,test,reference,"dex (log10 W m^-2, GOES-18 XRS-B)",117185,171,MAE,0.508143,0.4781,0.5401
reference: climatology (training mean),native,0,test,reference,"dex (log10 W m^-2, GOES-18 XRS-B)",117185,171,RMSE,0.565025,,
reference: climatology (training mean),native,0,test,reference,"dex (log10 W m^-2, GOES-18 XRS-B)",117185,171,bias,0.45527,,
reference: climatology (training mean),native,0,test,reference,"dex (log10 W m^-2, GOES-18 XRS-B)",117185,171,correlation,,,
reference: SoLEXS flux now (calibrated on training),native,0,test,reference,"dex (log10 W m^-2, GOES-18 XRS-B)",106848,162,MAE,0.053885,0.0515,0.0567
reference: SoLEXS flux now (calibrated on training),native,0,test,reference,"dex (log10 W m^-2, GOES-18 XRS-B)",106848,162,RMSE,0.069063,,
reference: SoLEXS flux now (calibrated on training),native,0,test,reference,"dex (log10 W m^-2, GOES-18 XRS-B)",106848,162,bias,-0.011124,,
reference: SoLEXS flux now (calibrated on training),native,0,test,reference,"dex (log10 W m^-2, GOES-18 XRS-B)",106848,162,correlation,0.980685,,
reference: climatology (training mean),native,1,test,reference,"dex (log10 W m^-2, GOES-18 XRS-B)",117138,171,MAE,0.508169,0.4781,0.5402
reference: climatology (training mean),native,1,test,reference,"dex (log10 W m^-2, GOES-18 XRS-B)",117138,171,RMSE,0.565062,,
reference: climatology (training mean),native,1,test,reference,"dex (log10 W m^-2, GOES-18 XRS-B)",117138,171,bias,0.455279,,
reference: climatology (training mean),native,1,test,reference,"dex (log10 W m^-2, GOES-18 XRS-B)",117138,171,correlation,,,
reference: SoLEXS flux now (calibrated on training),native,1,test,reference,"dex (log10 W m^-2, GOES-18 XRS-B)",106805,162,MAE,0.053657,0.0512,0.0565
reference: SoLEXS flux now (calibrated on training),native,1,test,reference,"dex (log10 W m^-2, GOES-18 XRS-B)",106805,162,RMSE,0.068854,,
reference: SoLEXS flux now (calibrated on training),native,1,test,reference,"dex (log10 W m^-2, GOES-18 XRS-B)",106805,162,bias,-0.011101,,
reference: SoLEXS flux now (calibrated on training),native,1,test,reference,"dex (log10 W m^-2, GOES-18 XRS-B)",106805,162,correlation,0.980805,,
reference: GOES flux now (persistence),native,1,test,reference,"dex (log10 W m^-2, GOES-18 XRS-B)",117138,171,MAE,0.00785,0.0073,0.0084
reference: GOES flux now (persistence),native,1,test,reference,"dex (log10 W m^-2, GOES-18 XRS-B)",117138,171,RMSE,0.021384,,
reference: GOES flux now (persistence),native,1,test,reference,"dex (log10 W m^-2, GOES-18 XRS-B)",117138,171,bias,2.7e-05,,
reference: GOES flux now (persistence),native,1,test,reference,"dex (log10 W m^-2, GOES-18 XRS-B)",117138,171,correlation,0.997959,,
reference: climatology (training mean),native,5,test,reference,"dex (log10 W m^-2, GOES-18 XRS-B)",117037,171,MAE,0.508057,0.478,0.54
reference: climatology (training mean),native,5,test,reference,"dex (log10 W m^-2, GOES-18 XRS-B)",117037,171,RMSE,0.564941,,
reference: climatology (training mean),native,5,test,reference,"dex (log10 W m^-2, GOES-18 XRS-B)",117037,171,bias,0.455179,,
reference: climatology (training mean),native,5,test,reference,"dex (log10 W m^-2, GOES-18 XRS-B)",117037,171,correlation,,,
reference: SoLEXS flux now (calibrated on training),native,5,test,reference,"dex (log10 W m^-2, GOES-18 XRS-B)",106709,162,MAE,0.067431,0.0649,0.0702
reference: SoLEXS flux now (calibrated on training),native,5,test,reference,"dex (log10 W m^-2, GOES-18 XRS-B)",106709,162,RMSE,0.097101,,
reference: SoLEXS flux now (calibrated on training),native,5,test,reference,"dex (log10 W m^-2, GOES-18 XRS-B)",106709,162,bias,-0.011061,,
reference: SoLEXS flux now (calibrated on training),native,5,test,reference,"dex (log10 W m^-2, GOES-18 XRS-B)",106709,162,correlation,0.960748,,
reference: GOES flux now (persistence),native,5,test,reference,"dex (log10 W m^-2, GOES-18 XRS-B)",117037,171,MAE,0.031462,0.0291,0.0338
reference: GOES flux now (persistence),native,5,test,reference,"dex (log10 W m^-2, GOES-18 XRS-B)",117037,171,RMSE,0.072649,,
reference: GOES flux now (persistence),native,5,test,reference,"dex (log10 W m^-2, GOES-18 XRS-B)",117037,171,bias,8.3e-05,,
reference: GOES flux now (persistence),native,5,test,reference,"dex (log10 W m^-2, GOES-18 XRS-B)",117037,171,correlation,0.976434,,
reference: climatology (training mean),native,15,test,reference,"dex (log10 W m^-2, GOES-18 XRS-B)",116824,171,MAE,0.507781,0.4777,0.5396
reference: climatology (training mean),native,15,test,reference,"dex (log10 W m^-2, GOES-18 XRS-B)",116824,171,RMSE,0.564635,,
reference: climatology (training mean),native,15,test,reference,"dex (log10 W m^-2, GOES-18 XRS-B)",116824,171,bias,0.454941,,
reference: climatology (training mean),native,15,test,reference,"dex (log10 W m^-2, GOES-18 XRS-B)",116824,171,correlation,,,
reference: SoLEXS flux now (calibrated on training),native,15,test,reference,"dex (log10 W m^-2, GOES-18 XRS-B)",106506,162,MAE,0.095976,0.0916,0.1
reference: SoLEXS flux now (calibrated on training),native,15,test,reference,"dex (log10 W m^-2, GOES-18 XRS-B)",106506,162,RMSE,0.150359,,
reference: SoLEXS flux now (calibrated on training),native,15,test,reference,"dex (log10 W m^-2, GOES-18 XRS-B)",106506,162,bias,-0.011027,,
reference: SoLEXS flux now (calibrated on training),native,15,test,reference,"dex (log10 W m^-2, GOES-18 XRS-B)",106506,162,correlation,0.904313,,
reference: GOES flux now (persistence),native,15,test,reference,"dex (log10 W m^-2, GOES-18 XRS-B)",116824,171,MAE,0.065539,0.0604,0.0707
reference: GOES flux now (persistence),native,15,test,reference,"dex (log10 W m^-2, GOES-18 XRS-B)",116824,171,RMSE,0.131772,,
reference: GOES flux now (persistence),native,15,test,reference,"dex (log10 W m^-2, GOES-18 XRS-B)",116824,171,bias,0.000152,,
reference: GOES flux now (persistence),native,15,test,reference,"dex (log10 W m^-2, GOES-18 XRS-B)",116824,171,correlation,0.922417,,
reference: climatology (training mean),native,30,test,reference,"dex (log10 W m^-2, GOES-18 XRS-B)",116507,171,MAE,0.507404,0.4774,0.5391
reference: climatology (training mean),native,30,test,reference,"dex (log10 W m^-2, GOES-18 XRS-B)",116507,171,RMSE,0.564192,,
reference: climatology (training mean),native,30,test,reference,"dex (log10 W m^-2, GOES-18 XRS-B)",116507,171,bias,0.454597,,
reference: climatology (training mean),native,30,test,reference,"dex (log10 W m^-2, GOES-18 XRS-B)",116507,171,correlation,,,
reference: SoLEXS flux now (calibrated on training),native,30,test,reference,"dex (log10 W m^-2, GOES-18 XRS-B)",106209,162,MAE,0.120729,0.1139,0.1271
reference: SoLEXS flux now (calibrated on training),native,30,test,reference,"dex (log10 W m^-2, GOES-18 XRS-B)",106209,162,RMSE,0.189999,,
reference: SoLEXS flux now (calibrated on training),native,30,test,reference,"dex (log10 W m^-2, GOES-18 XRS-B)",106209,162,bias,-0.011001,,
reference: SoLEXS flux now (calibrated on training),native,30,test,reference,"dex (log10 W m^-2, GOES-18 XRS-B)",106209,162,correlation,0.846383,,
reference: GOES flux now (persistence),native,30,test,reference,"dex (log10 W m^-2, GOES-18 XRS-B)",116507,171,MAE,0.092475,0.0849,0.1001
reference: GOES flux now (persistence),native,30,test,reference,"dex (log10 W m^-2, GOES-18 XRS-B)",116507,171,RMSE,0.172426,,
reference: GOES flux now (persistence),native,30,test,reference,"dex (log10 W m^-2, GOES-18 XRS-B)",116507,171,bias,0.000231,,
reference: GOES flux now (persistence),native,30,test,reference,"dex (log10 W m^-2, GOES-18 XRS-B)",116507,171,correlation,0.867006,,
reference: climatology (training mean),native,60,test,reference,"dex (log10 W m^-2, GOES-18 XRS-B)",115967,171,MAE,0.506765,0.4764,0.5382
reference: climatology (training mean),native,60,test,reference,"dex (log10 W m^-2, GOES-18 XRS-B)",115967,171,RMSE,0.563494,,
reference: climatology (training mean),native,60,test,reference,"dex (log10 W m^-2, GOES-18 XRS-B)",115967,171,bias,0.454008,,
reference: climatology (training mean),native,60,test,reference,"dex (log10 W m^-2, GOES-18 XRS-B)",115967,171,correlation,,,
reference: SoLEXS flux now (calibrated on training),native,60,test,reference,"dex (log10 W m^-2, GOES-18 XRS-B)",105699,162,MAE,0.144509,0.1361,0.1529
reference: SoLEXS flux now (calibrated on training),native,60,test,reference,"dex (log10 W m^-2, GOES-18 XRS-B)",105699,162,RMSE,0.224358,,
reference: SoLEXS flux now (calibrated on training),native,60,test,reference,"dex (log10 W m^-2, GOES-18 XRS-B)",105699,162,bias,-0.011025,,
reference: SoLEXS flux now (calibrated on training),native,60,test,reference,"dex (log10 W m^-2, GOES-18 XRS-B)",105699,162,correlation,0.784813,,
reference: GOES flux now (persistence),native,60,test,reference,"dex (log10 W m^-2, GOES-18 XRS-B)",115967,171,MAE,0.118239,0.1087,0.1274
reference: GOES flux now (persistence),native,60,test,reference,"dex (log10 W m^-2, GOES-18 XRS-B)",115967,171,RMSE,0.20758,,
reference: GOES flux now (persistence),native,60,test,reference,"dex (log10 W m^-2, GOES-18 XRS-B)",115967,171,bias,0.000246,,
reference: GOES flux now (persistence),native,60,test,reference,"dex (log10 W m^-2, GOES-18 XRS-B)",115967,171,correlation,0.806713,,
"E4, SoLEXS withheld",common,0,test,model (median),"dex (log10 W m^-2, GOES-18 XRS-B)",104186,162,MAE,0.324885,0.3017,0.3502
"E4, SoLEXS withheld",common,0,test,model (median),"dex (log10 W m^-2, GOES-18 XRS-B)",104186,162,RMSE,0.370861,,
"E4, SoLEXS withheld",common,0,test,model (median),"dex (log10 W m^-2, GOES-18 XRS-B)",104186,162,bias,0.322636,,
"E4, SoLEXS withheld",common,0,test,model (median),"dex (log10 W m^-2, GOES-18 XRS-B)",104186,162,correlation,0.865119,,
"E4, SoLEXS withheld",common,1,test,model (median),"dex (log10 W m^-2, GOES-18 XRS-B)",104143,162,MAE,0.315649,0.2929,0.3406
"E4, SoLEXS withheld",common,1,test,model (median),"dex (log10 W m^-2, GOES-18 XRS-B)",104143,162,RMSE,0.361654,,
"E4, SoLEXS withheld",common,1,test,model (median),"dex (log10 W m^-2, GOES-18 XRS-B)",104143,162,bias,0.313083,,
"E4, SoLEXS withheld",common,1,test,model (median),"dex (log10 W m^-2, GOES-18 XRS-B)",104143,162,correlation,0.867547,,
"E4, SoLEXS withheld",common,5,test,model (median),"dex (log10 W m^-2, GOES-18 XRS-B)",104047,162,MAE,0.321101,0.2985,0.3456
"E4, SoLEXS withheld",common,5,test,model (median),"dex (log10 W m^-2, GOES-18 XRS-B)",104047,162,RMSE,0.367323,,
"E4, SoLEXS withheld",common,5,test,model (median),"dex (log10 W m^-2, GOES-18 XRS-B)",104047,162,bias,0.31464,,
"E4, SoLEXS withheld",common,5,test,model (median),"dex (log10 W m^-2, GOES-18 XRS-B)",104047,162,correlation,0.848052,,
"E4, SoLEXS withheld",common,15,test,model (median),"dex (log10 W m^-2, GOES-18 XRS-B)",103844,162,MAE,0.330415,0.3078,0.3542
"E4, SoLEXS withheld",common,15,test,model (median),"dex (log10 W m^-2, GOES-18 XRS-B)",103844,162,RMSE,0.378458,,
"E4, SoLEXS withheld",common,15,test,model (median),"dex (log10 W m^-2, GOES-18 XRS-B)",103844,162,bias,0.312753,,
"E4, SoLEXS withheld",common,15,test,model (median),"dex (log10 W m^-2, GOES-18 XRS-B)",103844,162,correlation,0.794002,,
"E4, SoLEXS withheld",common,30,test,model (median),"dex (log10 W m^-2, GOES-18 XRS-B)",103557,162,MAE,0.339143,0.3165,0.3624
"E4, SoLEXS withheld",common,30,test,model (median),"dex (log10 W m^-2, GOES-18 XRS-B)",103557,162,RMSE,0.38874,,
"E4, SoLEXS withheld",common,30,test,model (median),"dex (log10 W m^-2, GOES-18 XRS-B)",103557,162,bias,0.311709,,
"E4, SoLEXS withheld",common,30,test,model (median),"dex (log10 W m^-2, GOES-18 XRS-B)",103557,162,correlation,0.744159,,
"E4, SoLEXS withheld",common,60,test,model (median),"dex (log10 W m^-2, GOES-18 XRS-B)",103070,162,MAE,0.345088,0.3227,0.3676
"E4, SoLEXS withheld",common,60,test,model (median),"dex (log10 W m^-2, GOES-18 XRS-B)",103070,162,RMSE,0.395669,,
"E4, SoLEXS withheld",common,60,test,model (median),"dex (log10 W m^-2, GOES-18 XRS-B)",103070,162,bias,0.308891,,
"E4, SoLEXS withheld",common,60,test,model (median),"dex (log10 W m^-2, GOES-18 XRS-B)",103070,162,correlation,0.692918,,
"E4, HEL1OS withheld",common,0,test,model (median),"dex (log10 W m^-2, GOES-18 XRS-B)",104186,162,MAE,0.048216,0.045,0.0518
"E4, HEL1OS withheld",common,0,test,model (median),"dex (log10 W m^-2, GOES-18 XRS-B)",104186,162,RMSE,0.061696,,
"E4, HEL1OS withheld",common,0,test,model (median),"dex (log10 W m^-2, GOES-18 XRS-B)",104186,162,bias,0.010805,,
"E4, HEL1OS withheld",common,0,test,model (median),"dex (log10 W m^-2, GOES-18 XRS-B)",104186,162,correlation,0.98632,,
"E4, HEL1OS withheld",common,1,test,model (median),"dex (log10 W m^-2, GOES-18 XRS-B)",104143,162,MAE,0.049589,0.0462,0.0533
"E4, HEL1OS withheld",common,1,test,model (median),"dex (log10 W m^-2, GOES-18 XRS-B)",104143,162,RMSE,0.064218,,
"E4, HEL1OS withheld",common,1,test,model (median),"dex (log10 W m^-2, GOES-18 XRS-B)",104143,162,bias,0.013524,,
"E4, HEL1OS withheld",common,1,test,model (median),"dex (log10 W m^-2, GOES-18 XRS-B)",104143,162,correlation,0.985283,,
"E4, HEL1OS withheld",common,5,test,model (median),"dex (log10 W m^-2, GOES-18 XRS-B)",104047,162,MAE,0.060352,0.057,0.064
"E4, HEL1OS withheld",common,5,test,model (median),"dex (log10 W m^-2, GOES-18 XRS-B)",104047,162,RMSE,0.08878,,
"E4, HEL1OS withheld",common,5,test,model (median),"dex (log10 W m^-2, GOES-18 XRS-B)",104047,162,bias,0.010943,,
"E4, HEL1OS withheld",common,5,test,model (median),"dex (log10 W m^-2, GOES-18 XRS-B)",104047,162,correlation,0.968195,,
"E4, HEL1OS withheld",common,15,test,model (median),"dex (log10 W m^-2, GOES-18 XRS-B)",103844,162,MAE,0.08053,0.0762,0.0851
"E4, HEL1OS withheld",common,15,test,model (median),"dex (log10 W m^-2, GOES-18 XRS-B)",103844,162,RMSE,0.132342,,
"E4, HEL1OS withheld",common,15,test,model (median),"dex (log10 W m^-2, GOES-18 XRS-B)",103844,162,bias,0.002126,,
"E4, HEL1OS withheld",common,15,test,model (median),"dex (log10 W m^-2, GOES-18 XRS-B)",103844,162,correlation,0.921718,,
"E4, HEL1OS withheld",common,30,test,model (median),"dex (log10 W m^-2, GOES-18 XRS-B)",103557,162,MAE,0.097363,0.0913,0.1034
"E4, HEL1OS withheld",common,30,test,model (median),"dex (log10 W m^-2, GOES-18 XRS-B)",103557,162,RMSE,0.161205,,
"E4, HEL1OS withheld",common,30,test,model (median),"dex (log10 W m^-2, GOES-18 XRS-B)",103557,162,bias,-0.002534,,
"E4, HEL1OS withheld",common,30,test,model (median),"dex (log10 W m^-2, GOES-18 XRS-B)",103557,162,correlation,0.87916,,
"E4, HEL1OS withheld",common,60,test,model (median),"dex (log10 W m^-2, GOES-18 XRS-B)",103070,162,MAE,0.112682,0.1055,0.1195
"E4, HEL1OS withheld",common,60,test,model (median),"dex (log10 W m^-2, GOES-18 XRS-B)",103070,162,RMSE,0.183997,,
"E4, HEL1OS withheld",common,60,test,model (median),"dex (log10 W m^-2, GOES-18 XRS-B)",103070,162,bias,-0.007137,,
"E4, HEL1OS withheld",common,60,test,model (median),"dex (log10 W m^-2, GOES-18 XRS-B)",103070,162,correlation,0.83571,,
