experiment,population,head,horizon_min,probability,bin_low,bin_high,n_samples,mean_forecast,observed_frequency
E1,common,in_flare,0,raw,0.0,0.1,6975,0.085341,0.003011
E1,common,in_flare,0,raw,0.1,0.2,50474,0.151664,0.006716
E1,common,in_flare,0,raw,0.2,0.3,29024,0.240172,0.025014
E1,common,in_flare,0,raw,0.3,0.4,7536,0.339074,0.086385
E1,common,in_flare,0,raw,0.4,0.5,2660,0.444282,0.248496
E1,common,in_flare,0,raw,0.5,0.6,1535,0.548806,0.458632
E1,common,in_flare,0,raw,0.6,0.7,1340,0.648594,0.68209
E1,common,in_flare,0,raw,0.7,0.8,1442,0.752848,0.855756
E1,common,in_flare,0,raw,0.8,0.9,2145,0.853475,0.970163
E1,common,in_flare,0,raw,0.9,1.0,1055,0.925675,1.0
E1,common,in_flare,0,calibrated,0.0,0.1,90565,0.018131,0.01484
E1,common,in_flare,0,calibrated,0.1,0.2,3305,0.127991,0.111346
E1,common,in_flare,0,calibrated,0.2,0.3,1658,0.218839,0.203257
E1,common,in_flare,0,calibrated,0.3,0.4,1114,0.34273,0.305206
E1,common,in_flare,0,calibrated,0.4,0.5,790,0.461823,0.420253
E1,common,in_flare,0,calibrated,0.5,0.6,581,0.56365,0.46988
E1,common,in_flare,0,calibrated,0.6,0.7,202,0.632649,0.554455
E1,common,in_flare,0,calibrated,0.7,0.8,938,0.734043,0.664179
E1,common,in_flare,0,calibrated,0.8,0.9,946,0.845998,0.770613
E1,common,in_flare,0,calibrated,0.9,1.0,4087,0.969362,0.961096
E1,common,flare_within_15min,15,raw,0.1,0.2,1714,0.191575,0.028588
E1,common,flare_within_15min,15,raw,0.2,0.3,34019,0.257837,0.039889
E1,common,flare_within_15min,15,raw,0.3,0.4,50603,0.347529,0.091141
E1,common,flare_within_15min,15,raw,0.4,0.5,9462,0.431236,0.198161
E1,common,flare_within_15min,15,raw,0.5,0.6,2053,0.545675,0.44715
E1,common,flare_within_15min,15,raw,0.6,0.7,1542,0.649623,0.662776
E1,common,flare_within_15min,15,raw,0.7,0.8,1637,0.753529,0.863775
E1,common,flare_within_15min,15,raw,0.8,0.9,2545,0.852837,0.977996
E1,common,flare_within_15min,15,raw,0.9,1.0,611,0.917883,1.0
E1,common,flare_within_15min,15,calibrated,0.0,0.1,56308,0.068635,0.051982
E1,common,flare_within_15min,15,calibrated,0.1,0.2,34965,0.130431,0.111197
E1,common,flare_within_15min,15,calibrated,0.2,0.3,2896,0.228989,0.200967
E1,common,flare_within_15min,15,calibrated,0.3,0.4,2046,0.342694,0.315249
E1,common,flare_within_15min,15,calibrated,0.4,0.5,391,0.447768,0.421995
E1,common,flare_within_15min,15,calibrated,0.5,0.6,935,0.572375,0.464171
E1,common,flare_within_15min,15,calibrated,0.6,0.7,658,0.653337,0.551672
E1,common,flare_within_15min,15,calibrated,0.7,0.8,1016,0.773457,0.687008
E1,common,flare_within_15min,15,calibrated,0.8,0.9,1149,0.870563,0.818973
E1,common,flare_within_15min,15,calibrated,0.9,1.0,3822,0.972556,0.969126
E1,common,flare_within_30min,30,raw,0.1,0.2,1,0.195271,0.0
E1,common,flare_within_30min,30,raw,0.2,0.3,14282,0.270963,0.054334
E1,common,flare_within_30min,30,raw,0.3,0.4,44140,0.353871,0.115904
E1,common,flare_within_30min,30,raw,0.4,0.5,36072,0.435215,0.186322
E1,common,flare_within_30min,30,raw,0.5,0.6,3114,0.538434,0.429994
E1,common,flare_within_30min,30,raw,0.6,0.7,1710,0.647752,0.672515
E1,common,flare_within_30min,30,raw,0.7,0.8,1735,0.752531,0.863977
E1,common,flare_within_30min,30,raw,0.8,0.9,2586,0.852047,0.978732
E1,common,flare_within_30min,30,raw,0.9,1.0,546,0.917058,1.0
E1,common,flare_within_30min,30,calibrated,0.0,0.1,14410,0.063197,0.054545
E1,common,flare_within_30min,30,calibrated,0.1,0.2,57895,0.157989,0.124864
E1,common,flare_within_30min,30,calibrated,0.2,0.3,20703,0.232336,0.20113
E1,common,flare_within_30min,30,calibrated,0.3,0.4,1784,0.349915,0.304933
E1,common,flare_within_30min,30,calibrated,0.4,0.5,1549,0.436423,0.384764
E1,common,flare_within_30min,30,calibrated,0.5,0.6,951,0.572782,0.486856
E1,common,flare_within_30min,30,calibrated,0.6,0.7,471,0.626649,0.545648
E1,common,flare_within_30min,30,calibrated,0.7,0.8,971,0.74041,0.650875
E1,common,flare_within_30min,30,calibrated,0.8,0.9,1047,0.840862,0.762178
E1,common,flare_within_30min,30,calibrated,0.9,1.0,4405,0.968046,0.955505
E1,common,flare_within_60min,60,raw,0.2,0.3,1076,0.289481,0.068773
E1,common,flare_within_60min,60,raw,0.3,0.4,23707,0.362834,0.13553
E1,common,flare_within_60min,60,raw,0.4,0.5,45007,0.452338,0.234564
E1,common,flare_within_60min,60,raw,0.5,0.6,26929,0.533421,0.320398
E1,common,flare_within_60min,60,raw,0.6,0.7,2434,0.643256,0.656122
E1,common,flare_within_60min,60,raw,0.7,0.8,1968,0.752244,0.868902
E1,common,flare_within_60min,60,raw,0.8,0.9,2677,0.850274,0.984311
E1,common,flare_within_60min,60,raw,0.9,1.0,388,0.914689,1.0
E1,common,flare_within_60min,60,calibrated,0.0,0.1,3105,0.026531,0.10306
E1,common,flare_within_60min,60,calibrated,0.1,0.2,13109,0.16227,0.122282
E1,common,flare_within_60min,60,calibrated,0.2,0.3,21491,0.240592,0.181844
E1,common,flare_within_60min,60,calibrated,0.3,0.4,50388,0.319749,0.264249
E1,common,flare_within_60min,60,calibrated,0.4,0.5,8432,0.434832,0.38342
E1,common,flare_within_60min,60,calibrated,0.5,0.6,940,0.554498,0.539362
E1,common,flare_within_60min,60,calibrated,0.6,0.7,451,0.658083,0.616408
E1,common,flare_within_60min,60,calibrated,0.7,0.8,544,0.755046,0.696691
E1,common,flare_within_60min,60,calibrated,0.8,0.9,1270,0.844818,0.779528
E1,common,flare_within_60min,60,calibrated,0.9,1.0,4456,0.970974,0.958034
E1,native,in_flare,0,raw,0.0,0.1,7093,0.085387,0.003102
E1,native,in_flare,0,raw,0.1,0.2,51578,0.151665,0.006766
E1,native,in_flare,0,raw,0.2,0.3,29680,0.240224,0.025236
E1,native,in_flare,0,raw,0.3,0.4,7728,0.339048,0.086957
E1,native,in_flare,0,raw,0.4,0.5,2726,0.444368,0.252384
E1,native,in_flare,0,raw,0.5,0.6,1587,0.548911,0.467549
E1,native,in_flare,0,raw,0.6,0.7,1387,0.648261,0.685652
E1,native,in_flare,0,raw,0.7,0.8,1493,0.752677,0.855995
E1,native,in_flare,0,raw,0.8,0.9,2221,0.853375,0.968483
E1,native,in_flare,0,raw,0.9,1.0,1077,0.925554,1.0
E1,native,in_flare,0,calibrated,0.0,0.1,92551,0.018163,0.014954
E1,native,in_flare,0,calibrated,0.1,0.2,3386,0.127944,0.112817
E1,native,in_flare,0,calibrated,0.2,0.3,1696,0.218936,0.206368
E1,native,in_flare,0,calibrated,0.3,0.4,1144,0.342801,0.310315
E1,native,in_flare,0,calibrated,0.4,0.5,812,0.461734,0.424877
E1,native,in_flare,0,calibrated,0.5,0.6,605,0.563549,0.484298
E1,native,in_flare,0,calibrated,0.6,0.7,211,0.632679,0.563981
E1,native,in_flare,0,calibrated,0.7,0.8,976,0.733988,0.668033
E1,native,in_flare,0,calibrated,0.8,0.9,980,0.846356,0.773469
E1,native,in_flare,0,calibrated,0.9,1.0,4209,0.969342,0.960086
E1,native,flare_within_15min,15,raw,0.1,0.2,1751,0.19165,0.027984
E1,native,flare_within_15min,15,raw,0.2,0.3,34631,0.257803,0.039589
E1,native,flare_within_15min,15,raw,0.3,0.4,51759,0.347647,0.092235
E1,native,flare_within_15min,15,raw,0.4,0.5,9762,0.431229,0.201598
E1,native,flare_within_15min,15,raw,0.5,0.6,2128,0.545797,0.454417
E1,native,flare_within_15min,15,raw,0.6,0.7,1600,0.649642,0.669375
E1,native,flare_within_15min,15,raw,0.7,0.8,1688,0.753498,0.864336
E1,native,flare_within_15min,15,raw,0.8,0.9,2629,0.852666,0.975656
E1,native,flare_within_15min,15,raw,0.9,1.0,622,0.917814,1.0
E1,native,flare_within_15min,15,calibrated,0.0,0.1,57346,0.068627,0.052018
E1,native,flare_within_15min,15,calibrated,0.1,0.2,35884,0.130529,0.112808
E1,native,flare_within_15min,15,calibrated,0.2,0.3,2995,0.228921,0.204341
E1,native,flare_within_15min,15,calibrated,0.3,0.4,2110,0.342663,0.319905
E1,native,flare_within_15min,15,calibrated,0.4,0.5,406,0.447745,0.431034
E1,native,flare_within_15min,15,calibrated,0.5,0.6,962,0.572477,0.469854
E1,native,flare_within_15min,15,calibrated,0.6,0.7,689,0.653357,0.563135
E1,native,flare_within_15min,15,calibrated,0.7,0.8,1054,0.773376,0.691651
E1,native,flare_within_15min,15,calibrated,0.8,0.9,1188,0.870661,0.821549
E1,native,flare_within_15min,15,calibrated,0.9,1.0,3936,0.972495,0.96748
E1,native,flare_within_30min,30,raw,0.1,0.2,1,0.195271,0.0
E1,native,flare_within_30min,30,raw,0.2,0.3,14577,0.271001,0.053235
E1,native,flare_within_30min,30,raw,0.3,0.4,44914,0.353899,0.116133
E1,native,flare_within_30min,30,raw,0.4,0.5,37064,0.435363,0.19005
E1,native,flare_within_30min,30,raw,0.5,0.6,3219,0.538445,0.438024
E1,native,flare_within_30min,30,raw,0.6,0.7,1777,0.647686,0.678672
E1,native,flare_within_30min,30,raw,0.7,0.8,1792,0.752556,0.864397
E1,native,flare_within_30min,30,raw,0.8,0.9,2669,0.851956,0.97677
E1,native,flare_within_30min,30,raw,0.9,1.0,557,0.916951,1.0
E1,native,flare_within_30min,30,calibrated,0.0,0.1,14709,0.063241,0.053437
E1,native,flare_within_30min,30,calibrated,0.1,0.2,58968,0.158044,0.125271
E1,native,flare_within_30min,30,calibrated,0.2,0.3,21332,0.232448,0.205888
E1,native,flare_within_30min,30,calibrated,0.3,0.4,1853,0.349896,0.316244
E1,native,flare_within_30min,30,calibrated,0.4,0.5,1605,0.436571,0.393146
E1,native,flare_within_30min,30,calibrated,0.5,0.6,978,0.572796,0.494888
E1,native,flare_within_30min,30,calibrated,0.6,0.7,491,0.626995,0.551935
E1,native,flare_within_30min,30,calibrated,0.7,0.8,1010,0.740348,0.658416
E1,native,flare_within_30min,30,calibrated,0.8,0.9,1079,0.840788,0.765524
E1,native,flare_within_30min,30,calibrated,0.9,1.0,4545,0.967951,0.954235
E1,native,flare_within_60min,60,raw,0.2,0.3,1084,0.289524,0.068266
E1,native,flare_within_60min,60,raw,0.3,0.4,24156,0.362787,0.133631
E1,native,flare_within_60min,60,raw,0.4,0.5,45823,0.45233,0.234969
E1,native,flare_within_60min,60,raw,0.5,0.6,27786,0.533558,0.327683
E1,native,flare_within_60min,60,raw,0.6,0.7,2523,0.643326,0.663496
E1,native,flare_within_60min,60,raw,0.7,0.8,2030,0.752192,0.869458
E1,native,flare_within_60min,60,raw,0.8,0.9,2770,0.850201,0.98231
E1,native,flare_within_60min,60,raw,0.9,1.0,398,0.914595,1.0
E1,native,flare_within_60min,60,calibrated,0.0,0.1,3163,0.026708,0.10117
E1,native,flare_within_60min,60,calibrated,0.1,0.2,13366,0.162281,0.120305
E1,native,flare_within_60min,60,calibrated,0.2,0.3,21859,0.240622,0.18107
E1,native,flare_within_60min,60,calibrated,0.3,0.4,51479,0.319781,0.266322
E1,native,flare_within_60min,60,calibrated,0.4,0.5,8781,0.434913,0.396196
E1,native,flare_within_60min,60,calibrated,0.5,0.6,970,0.554512,0.551546
E1,native,flare_within_60min,60,calibrated,0.6,0.7,471,0.657803,0.624204
E1,native,flare_within_60min,60,calibrated,0.7,0.8,563,0.755177,0.703375
E1,native,flare_within_60min,60,calibrated,0.8,0.9,1316,0.84463,0.781915
E1,native,flare_within_60min,60,calibrated,0.9,1.0,4602,0.970977,0.956758
E2,common,in_flare,0,raw,0.0,0.1,939,0.084306,0.00213
E2,common,in_flare,0,raw,0.1,0.2,28940,0.170006,0.009502
E2,common,in_flare,0,raw,0.2,0.3,49165,0.239773,0.014319
E2,common,in_flare,0,raw,0.3,0.4,12092,0.340441,0.067979
E2,common,in_flare,0,raw,0.4,0.5,5423,0.445767,0.22128
E2,common,in_flare,0,raw,0.5,0.6,3312,0.54558,0.480978
E2,common,in_flare,0,raw,0.6,0.7,1914,0.645855,0.764368
E2,common,in_flare,0,raw,0.7,0.8,1325,0.747044,0.94717
E2,common,in_flare,0,raw,0.8,0.9,818,0.844541,0.99511
E2,common,in_flare,0,raw,0.9,1.0,258,0.930159,1.0
E2,common,in_flare,0,calibrated,0.0,0.1,88469,0.019243,0.016978
E2,common,in_flare,0,calibrated,0.1,0.2,5712,0.135385,0.15091
E2,common,in_flare,0,calibrated,0.2,0.3,1752,0.240953,0.257991
E2,common,in_flare,0,calibrated,0.3,0.4,1949,0.346058,0.37763
E2,common,in_flare,0,calibrated,0.4,0.5,632,0.451376,0.471519
E2,common,in_flare,0,calibrated,0.5,0.6,1172,0.532817,0.539249
E2,common,in_flare,0,calibrated,0.6,0.7,747,0.645422,0.655957
E2,common,in_flare,0,calibrated,0.7,0.8,1101,0.74544,0.794732
E2,common,in_flare,0,calibrated,0.8,0.9,673,0.838343,0.885587
E2,common,in_flare,0,calibrated,0.9,1.0,1979,0.95885,0.981809
E2,common,flare_within_15min,15,raw,0.1,0.2,3,0.194926,0.0
E2,common,flare_within_15min,15,raw,0.2,0.3,2249,0.277148,0.070698
E2,common,flare_within_15min,15,raw,0.3,0.4,69539,0.367561,0.065373
E2,common,flare_within_15min,15,raw,0.4,0.5,23300,0.429694,0.152275
E2,common,flare_within_15min,15,raw,0.5,0.6,4487,0.542499,0.462001
E2,common,flare_within_15min,15,raw,0.6,0.7,1976,0.645235,0.753542
E2,common,flare_within_15min,15,raw,0.7,0.8,1277,0.747119,0.927173
E2,common,flare_within_15min,15,raw,0.8,0.9,929,0.846377,0.993541
E2,common,flare_within_15min,15,raw,0.9,1.0,426,0.935726,0.997653
E2,common,flare_within_15min,15,calibrated,0.0,0.1,59927,0.083592,0.063477
E2,common,flare_within_15min,15,calibrated,0.1,0.2,31331,0.126661,0.108263
E2,common,flare_within_15min,15,calibrated,0.2,0.3,2754,0.254504,0.270879
E2,common,flare_within_15min,15,calibrated,0.3,0.4,3028,0.339525,0.346433
E2,common,flare_within_15min,15,calibrated,0.4,0.5,1340,0.456924,0.480597
E2,common,flare_within_15min,15,calibrated,0.5,0.6,1205,0.555626,0.575934
E2,common,flare_within_15min,15,calibrated,0.6,0.7,870,0.663866,0.682759
E2,common,flare_within_15min,15,calibrated,0.7,0.8,753,0.756031,0.788845
E2,common,flare_within_15min,15,calibrated,0.8,0.9,986,0.832518,0.887424
E2,common,flare_within_15min,15,calibrated,0.9,1.0,1992,0.96009,0.981426
E2,common,flare_within_30min,30,raw,0.2,0.3,286,0.28113,0.101399
E2,common,flare_within_30min,30,raw,0.3,0.4,11753,0.37551,0.148388
E2,common,flare_within_30min,30,raw,0.4,0.5,79409,0.439408,0.131232
E2,common,flare_within_30min,30,raw,0.5,0.6,7247,0.539042,0.398924
E2,common,flare_within_30min,30,raw,0.6,0.7,2482,0.643598,0.69581
E2,common,flare_within_30min,30,raw,0.7,0.8,1436,0.74685,0.910167
E2,common,flare_within_30min,30,raw,0.8,0.9,1035,0.846346,0.98744
E2,common,flare_within_30min,30,raw,0.9,1.0,538,0.936877,0.998141
E2,common,flare_within_30min,30,calibrated,0.0,0.1,336,0.079758,0.104167
E2,common,flare_within_30min,30,calibrated,0.1,0.2,78577,0.159354,0.12188
E2,common,flare_within_30min,30,calibrated,0.2,0.3,12377,0.221642,0.204896
E2,common,flare_within_30min,30,calibrated,0.3,0.4,4527,0.344082,0.337751
E2,common,flare_within_30min,30,calibrated,0.4,0.5,1918,0.447394,0.459333
E2,common,flare_within_30min,30,calibrated,0.5,0.6,1320,0.554827,0.55303
E2,common,flare_within_30min,30,calibrated,0.6,0.7,1225,0.656797,0.666122
E2,common,flare_within_30min,30,calibrated,0.7,0.8,901,0.766286,0.789123
E2,common,flare_within_30min,30,calibrated,0.8,0.9,1004,0.841633,0.895418
E2,common,flare_within_30min,30,calibrated,0.9,1.0,2001,0.966524,0.981509
E2,common,flare_within_60min,60,raw,0.2,0.3,55,0.286902,0.0
E2,common,flare_within_60min,60,raw,0.3,0.4,1282,0.372619,0.23869
E2,common,flare_within_60min,60,raw,0.4,0.5,25323,0.471527,0.254117
E2,common,flare_within_60min,60,raw,0.5,0.6,68261,0.534078,0.22559
E2,common,flare_within_60min,60,raw,0.6,0.7,5634,0.638175,0.57934
E2,common,flare_within_60min,60,raw,0.7,0.8,1922,0.745097,0.887097
E2,common,flare_within_60min,60,raw,0.8,0.9,1180,0.846152,0.987288
E2,common,flare_within_60min,60,raw,0.9,1.0,529,0.934646,0.99811
E2,common,flare_within_60min,60,calibrated,0.0,0.1,1,0.0,0.0
E2,common,flare_within_60min,60,calibrated,0.1,0.2,351,0.154884,0.14245
E2,common,flare_within_60min,60,calibrated,0.2,0.3,63595,0.268095,0.221291
E2,common,flare_within_60min,60,calibrated,0.3,0.4,30079,0.333683,0.253333
E2,common,flare_within_60min,60,calibrated,0.4,0.5,2250,0.4537,0.467111
E2,common,flare_within_60min,60,calibrated,0.5,0.6,2062,0.545528,0.531038
E2,common,flare_within_60min,60,calibrated,0.6,0.7,1240,0.652939,0.635484
E2,common,flare_within_60min,60,calibrated,0.7,0.8,1478,0.762519,0.770636
E2,common,flare_within_60min,60,calibrated,0.8,0.9,926,0.848919,0.887689
E2,common,flare_within_60min,60,calibrated,0.9,1.0,2204,0.96729,0.981851
E2,native,in_flare,0,raw,0.0,0.1,1024,0.08379,0.001953
E2,native,in_flare,0,raw,0.1,0.2,31475,0.170267,0.009881
E2,native,in_flare,0,raw,0.2,0.3,55115,0.23966,0.014678
E2,native,in_flare,0,raw,0.3,0.4,13237,0.340223,0.071542
E2,native,in_flare,0,raw,0.4,0.5,5820,0.445714,0.236254
E2,native,in_flare,0,raw,0.5,0.6,3529,0.545703,0.48994
E2,native,in_flare,0,raw,0.6,0.7,2042,0.645648,0.773261
E2,native,in_flare,0,raw,0.7,0.8,1395,0.746942,0.949821
E2,native,in_flare,0,raw,0.8,0.9,868,0.844525,0.995392
E2,native,in_flare,0,raw,0.9,1.0,280,0.929824,1.0
E2,native,in_flare,0,calibrated,0.0,0.1,97968,0.019235,0.017526
E2,native,in_flare,0,calibrated,0.1,0.2,6156,0.135367,0.162281
E2,native,in_flare,0,calibrated,0.2,0.3,1876,0.240928,0.27452
E2,native,in_flare,0,calibrated,0.3,0.4,2079,0.345945,0.390572
E2,native,in_flare,0,calibrated,0.4,0.5,668,0.451509,0.483533
E2,native,in_flare,0,calibrated,0.5,0.6,1257,0.533288,0.544948
E2,native,in_flare,0,calibrated,0.6,0.7,800,0.645445,0.66625
E2,native,in_flare,0,calibrated,0.7,0.8,1171,0.745155,0.802733
E2,native,in_flare,0,calibrated,0.8,0.9,715,0.838397,0.892308
E2,native,in_flare,0,calibrated,0.9,1.0,2095,0.95914,0.982816
E2,native,flare_within_15min,15,raw,0.1,0.2,3,0.194926,0.0
E2,native,flare_within_15min,15,raw,0.2,0.3,2503,0.277216,0.07511
E2,native,flare_within_15min,15,raw,0.3,0.4,77179,0.367731,0.065342
E2,native,flare_within_15min,15,raw,0.4,0.5,25419,0.429446,0.15516
E2,native,flare_within_15min,15,raw,0.5,0.6,4783,0.542501,0.471252
E2,native,flare_within_15min,15,raw,0.6,0.7,2106,0.644954,0.763058
E2,native,flare_within_15min,15,raw,0.7,0.8,1353,0.747063,0.931264
E2,native,flare_within_15min,15,raw,0.8,0.9,983,0.846731,0.993896
E2,native,flare_within_15min,15,raw,0.9,1.0,456,0.935849,0.997807
E2,native,flare_within_15min,15,calibrated,0.0,0.1,66533,0.083627,0.063713
E2,native,flare_within_15min,15,calibrated,0.1,0.2,34478,0.126494,0.109084
E2,native,flare_within_15min,15,calibrated,0.2,0.3,2930,0.254654,0.281911
E2,native,flare_within_15min,15,calibrated,0.3,0.4,3244,0.33953,0.357583
E2,native,flare_within_15min,15,calibrated,0.4,0.5,1428,0.456987,0.491597
E2,native,flare_within_15min,15,calibrated,0.5,0.6,1281,0.55594,0.580796
E2,native,flare_within_15min,15,calibrated,0.6,0.7,938,0.66361,0.697228
E2,native,flare_within_15min,15,calibrated,0.7,0.8,795,0.756002,0.794969
E2,native,flare_within_15min,15,calibrated,0.8,0.9,1044,0.83255,0.893678
E2,native,flare_within_15min,15,calibrated,0.9,1.0,2114,0.960293,0.982498
E2,native,flare_within_30min,30,raw,0.2,0.3,296,0.281544,0.101351
E2,native,flare_within_30min,30,raw,0.3,0.4,12834,0.375267,0.15007
E2,native,flare_within_30min,30,raw,0.4,0.5,88031,0.439317,0.130181
E2,native,flare_within_30min,30,raw,0.5,0.6,7776,0.538803,0.408822
E2,native,flare_within_30min,30,raw,0.6,0.7,2658,0.643303,0.703913
E2,native,flare_within_30min,30,raw,0.7,0.8,1524,0.747041,0.915354
E2,native,flare_within_30min,30,raw,0.8,0.9,1089,0.846682,0.988062
E2,native,flare_within_30min,30,raw,0.9,1.0,577,0.936876,0.998267
E2,native,flare_within_30min,30,calibrated,0.0,0.1,351,0.079877,0.102564
E2,native,flare_within_30min,30,calibrated,0.1,0.2,87124,0.159351,0.120702
E2,native,flare_within_30min,30,calibrated,0.2,0.3,13516,0.22159,0.208272
E2,native,flare_within_30min,30,calibrated,0.3,0.4,4881,0.343926,0.34788
E2,native,flare_within_30min,30,calibrated,0.4,0.5,2052,0.447498,0.473197
E2,native,flare_within_30min,30,calibrated,0.5,0.6,1405,0.554904,0.557295
E2,native,flare_within_30min,30,calibrated,0.6,0.7,1314,0.656591,0.677321
E2,native,flare_within_30min,30,calibrated,0.7,0.8,956,0.766077,0.794979
E2,native,flare_within_30min,30,calibrated,0.8,0.9,1062,0.841831,0.90113
E2,native,flare_within_30min,30,calibrated,0.9,1.0,2124,0.966715,0.98258
E2,native,flare_within_60min,60,raw,0.2,0.3,55,0.286902,0.0
E2,native,flare_within_60min,60,raw,0.3,0.4,1429,0.373586,0.249825
E2,native,flare_within_60min,60,raw,0.4,0.5,27688,0.471581,0.252023
E2,native,flare_within_60min,60,raw,0.5,0.6,75665,0.533881,0.2226
E2,native,flare_within_60min,60,raw,0.6,0.7,6103,0.637903,0.584303
E2,native,flare_within_60min,60,raw,0.7,0.8,2031,0.745177,0.891679
E2,native,flare_within_60min,60,raw,0.8,0.9,1246,0.846227,0.987961
E2,native,flare_within_60min,60,raw,0.9,1.0,568,0.934638,0.998239
E2,native,flare_within_60min,60,calibrated,0.0,0.1,1,0.0,0.0
E2,native,flare_within_60min,60,calibrated,0.1,0.2,365,0.154882,0.136986
E2,native,flare_within_60min,60,calibrated,0.2,0.3,70455,0.268143,0.218324
E2,native,flare_within_60min,60,calibrated,0.3,0.4,33027,0.333437,0.251067
E2,native,flare_within_60min,60,calibrated,0.4,0.5,2479,0.45372,0.477209
E2,native,flare_within_60min,60,calibrated,0.5,0.6,2232,0.545388,0.53405
E2,native,flare_within_60min,60,calibrated,0.6,0.7,1334,0.652991,0.646927
E2,native,flare_within_60min,60,calibrated,0.7,0.8,1576,0.762105,0.774112
E2,native,flare_within_60min,60,calibrated,0.8,0.9,975,0.848825,0.892308
E2,native,flare_within_60min,60,calibrated,0.9,1.0,2341,0.967392,0.982913
E4,common,in_flare,0,raw,0.0,0.1,6750,0.080323,0.002519
E4,common,in_flare,0,raw,0.1,0.2,54166,0.151703,0.005982
E4,common,in_flare,0,raw,0.2,0.3,24807,0.239203,0.023985
E4,common,in_flare,0,raw,0.3,0.4,7354,0.34189,0.082268
E4,common,in_flare,0,raw,0.4,0.5,3072,0.442574,0.187174
E4,common,in_flare,0,raw,0.5,0.6,1678,0.548117,0.415375
E4,common,in_flare,0,raw,0.6,0.7,1231,0.648456,0.634444
E4,common,in_flare,0,raw,0.7,0.8,1277,0.75099,0.829287
E4,common,in_flare,0,raw,0.8,0.9,1780,0.855224,0.944382
E4,common,in_flare,0,raw,0.9,1.0,2071,0.939061,0.990826
E4,common,in_flare,0,calibrated,0.0,0.1,90492,0.014998,0.014001
E4,common,in_flare,0,calibrated,0.1,0.2,4116,0.137622,0.12172
E4,common,in_flare,0,calibrated,0.2,0.3,1371,0.264119,0.212254
E4,common,in_flare,0,calibrated,0.3,0.4,892,0.33995,0.348655
E4,common,in_flare,0,calibrated,0.4,0.5,644,0.44498,0.434783
E4,common,in_flare,0,calibrated,0.5,0.6,598,0.527085,0.536789
E4,common,in_flare,0,calibrated,0.6,0.7,805,0.646425,0.649689
E4,common,in_flare,0,calibrated,0.7,0.8,428,0.765393,0.757009
E4,common,in_flare,0,calibrated,0.8,0.9,723,0.844209,0.835408
E4,common,in_flare,0,calibrated,0.9,1.0,4117,0.973746,0.962837
E4,common,flare_within_15min,15,raw,0.0,0.1,4,0.098779,0.0
E4,common,flare_within_15min,15,raw,0.1,0.2,3264,0.18057,0.02451
E4,common,flare_within_15min,15,raw,0.2,0.3,45634,0.256233,0.039247
E4,common,flare_within_15min,15,raw,0.3,0.4,37670,0.342498,0.102947
E4,common,flare_within_15min,15,raw,0.4,0.5,9024,0.435276,0.214539
E4,common,flare_within_15min,15,raw,0.5,0.6,2194,0.544959,0.438924
E4,common,flare_within_15min,15,raw,0.6,0.7,1348,0.646538,0.688427
E4,common,flare_within_15min,15,raw,0.7,0.8,1282,0.75057,0.851014
E4,common,flare_within_15min,15,raw,0.8,0.9,1680,0.855119,0.957738
E4,common,flare_within_15min,15,raw,0.9,1.0,2086,0.940902,0.992809
E4,common,flare_within_15min,15,calibrated,0.0,0.1,74613,0.063959,0.05558
E4,common,flare_within_15min,15,calibrated,0.1,0.2,16433,0.137137,0.148664
E4,common,flare_within_15min,15,calibrated,0.2,0.3,4458,0.254642,0.239345
E4,common,flare_within_15min,15,calibrated,0.3,0.4,927,0.370641,0.352751
E4,common,flare_within_15min,15,calibrated,0.4,0.5,1014,0.437551,0.461538
E4,common,flare_within_15min,15,calibrated,0.5,0.6,857,0.550085,0.597433
E4,common,flare_within_15min,15,calibrated,0.6,0.7,519,0.648386,0.707129
E4,common,flare_within_15min,15,calibrated,0.7,0.8,1233,0.771739,0.816707
E4,common,flare_within_15min,15,calibrated,0.8,0.9,469,0.837069,0.908316
E4,common,flare_within_15min,15,calibrated,0.9,1.0,3663,0.975865,0.97816
E4,common,flare_within_30min,30,raw,0.1,0.2,487,0.178952,0.047228
E4,common,flare_within_30min,30,raw,0.2,0.3,21788,0.269896,0.053057
E4,common,flare_within_30min,30,raw,0.3,0.4,46497,0.348482,0.112007
E4,common,flare_within_30min,30,raw,0.4,0.5,24016,0.439296,0.22814
E4,common,flare_within_30min,30,raw,0.5,0.6,4686,0.535821,0.39714
E4,common,flare_within_30min,30,raw,0.6,0.7,1612,0.645206,0.694169
E4,common,flare_within_30min,30,raw,0.7,0.8,1353,0.750512,0.864745
E4,common,flare_within_30min,30,raw,0.8,0.9,1728,0.854939,0.958333
E4,common,flare_within_30min,30,raw,0.9,1.0,2019,0.939465,0.993561
E4,common,flare_within_30min,30,calibrated,0.0,0.1,29172,0.079974,0.056664
E4,common,flare_within_30min,30,calibrated,0.1,0.2,51882,0.13847,0.137504
E4,common,flare_within_30min,30,calibrated,0.2,0.3,11550,0.248545,0.261991
E4,common,flare_within_30min,30,calibrated,0.3,0.4,2721,0.350035,0.336273
E4,common,flare_within_30min,30,calibrated,0.4,0.5,1763,0.435871,0.454906
E4,common,flare_within_30min,30,calibrated,0.5,0.6,1221,0.559659,0.594595
E4,common,flare_within_30min,30,calibrated,0.6,0.7,379,0.644754,0.751979
E4,common,flare_within_30min,30,calibrated,0.7,0.8,467,0.711621,0.760171
E4,common,flare_within_30min,30,calibrated,0.8,0.9,1244,0.815883,0.870579
E4,common,flare_within_30min,30,calibrated,0.9,1.0,3787,0.978362,0.976763
E4,common,flare_within_60min,60,raw,0.1,0.2,31,0.191342,0.0
E4,common,flare_within_60min,60,raw,0.2,0.3,3448,0.277672,0.062935
E4,common,flare_within_60min,60,raw,0.3,0.4,33703,0.357963,0.125775
E4,common,flare_within_60min,60,raw,0.4,0.5,38526,0.447055,0.242849
E4,common,flare_within_60min,60,raw,0.5,0.6,18072,0.539482,0.392596
E4,common,flare_within_60min,60,raw,0.6,0.7,4809,0.639102,0.557912
E4,common,flare_within_60min,60,raw,0.7,0.8,1712,0.746707,0.828855
E4,common,flare_within_60min,60,raw,0.8,0.9,1865,0.853721,0.957105
E4,common,flare_within_60min,60,raw,0.9,1.0,2020,0.938223,0.994059
E4,common,flare_within_60min,60,calibrated,0.0,0.1,193,0.007639,0.010363
E4,common,flare_within_60min,60,calibrated,0.1,0.2,41296,0.165811,0.126211
E4,common,flare_within_60min,60,calibrated,0.2,0.3,36565,0.257108,0.257104
E4,common,flare_within_60min,60,calibrated,0.3,0.4,10471,0.340476,0.369974
E4,common,flare_within_60min,60,calibrated,0.4,0.5,7226,0.44698,0.469001
E4,common,flare_within_60min,60,calibrated,0.5,0.6,2288,0.52969,0.586976
E4,common,flare_within_60min,60,calibrated,0.6,0.7,645,0.644062,0.660465
E4,common,flare_within_60min,60,calibrated,0.7,0.8,813,0.735253,0.779828
E4,common,flare_within_60min,60,calibrated,0.8,0.9,1371,0.857107,0.921225
E4,common,flare_within_60min,60,calibrated,0.9,1.0,3318,0.987291,0.981917
E4,native,in_flare,0,raw,0.0,0.1,6914,0.080323,0.002459
E4,native,in_flare,0,raw,0.1,0.2,59213,0.153201,0.006434
E4,native,in_flare,0,raw,0.2,0.3,30364,0.239151,0.024997
E4,native,in_flare,0,raw,0.3,0.4,8518,0.341479,0.090514
E4,native,in_flare,0,raw,0.4,0.5,3437,0.442687,0.211231
E4,native,in_flare,0,raw,0.5,0.6,1863,0.548439,0.439614
E4,native,in_flare,0,raw,0.6,0.7,1398,0.648749,0.658798
E4,native,in_flare,0,raw,0.7,0.8,1416,0.751024,0.836158
E4,native,in_flare,0,raw,0.8,0.9,1912,0.854549,0.944561
E4,native,in_flare,0,raw,0.9,1.0,2150,0.938825,0.990698
E4,native,in_flare,0,calibrated,0.0,0.1,102042,0.015616,0.015347
E4,native,in_flare,0,calibrated,0.1,0.2,4668,0.137169,0.138603
E4,native,in_flare,0,calibrated,0.2,0.3,1547,0.264096,0.243051
E4,native,in_flare,0,calibrated,0.3,0.4,978,0.339658,0.369121
E4,native,in_flare,0,calibrated,0.4,0.5,724,0.445351,0.458564
E4,native,in_flare,0,calibrated,0.5,0.6,669,0.52695,0.559043
E4,native,in_flare,0,calibrated,0.6,0.7,916,0.646731,0.673581
E4,native,in_flare,0,calibrated,0.7,0.8,477,0.764549,0.763103
E4,native,in_flare,0,calibrated,0.8,0.9,808,0.844073,0.845297
E4,native,in_flare,0,calibrated,0.9,1.0,4356,0.973136,0.96281
E4,native,flare_within_15min,15,raw,0.0,0.1,4,0.098779,0.0
E4,native,flare_within_15min,15,raw,0.1,0.2,3285,0.18059,0.024353
E4,native,flare_within_15min,15,raw,0.2,0.3,46828,0.256602,0.039677
E4,native,flare_within_15min,15,raw,0.3,0.4,47370,0.343888,0.098564
E4,native,flare_within_15min,15,raw,0.4,0.5,10313,0.434817,0.224377
E4,native,flare_within_15min,15,raw,0.5,0.6,2451,0.545145,0.455732
E4,native,flare_within_15min,15,raw,0.6,0.7,1514,0.646975,0.704756
E4,native,flare_within_15min,15,raw,0.7,0.8,1419,0.750555,0.855532
E4,native,flare_within_15min,15,raw,0.8,0.9,1832,0.854472,0.957969
E4,native,flare_within_15min,15,raw,0.9,1.0,2169,0.94064,0.992623
E4,native,flare_within_15min,15,calibrated,0.0,0.1,82010,0.065506,0.055822
E4,native,flare_within_15min,15,calibrated,0.1,0.2,20668,0.135592,0.146894
E4,native,flare_within_15min,15,calibrated,0.2,0.3,5015,0.254474,0.25324
E4,native,flare_within_15min,15,calibrated,0.3,0.4,1035,0.370509,0.375845
E4,native,flare_within_15min,15,calibrated,0.4,0.5,1135,0.437765,0.472247
E4,native,flare_within_15min,15,calibrated,0.5,0.6,954,0.549782,0.620545
E4,native,flare_within_15min,15,calibrated,0.6,0.7,588,0.648607,0.717687
E4,native,flare_within_15min,15,calibrated,0.7,0.8,1379,0.771574,0.823785
E4,native,flare_within_15min,15,calibrated,0.8,0.9,508,0.836995,0.909449
E4,native,flare_within_15min,15,calibrated,0.9,1.0,3893,0.975098,0.977652
E4,native,flare_within_30min,30,raw,0.1,0.2,488,0.178972,0.047131
E4,native,flare_within_30min,30,raw,0.2,0.3,22048,0.270001,0.052839
E4,native,flare_within_30min,30,raw,0.3,0.4,50819,0.350564,0.111277
E4,native,flare_within_30min,30,raw,0.4,0.5,31319,0.436877,0.215524
E4,native,flare_within_30min,30,raw,0.5,0.6,5210,0.535739,0.409021
E4,native,flare_within_30min,30,raw,0.6,0.7,1823,0.645378,0.705431
E4,native,flare_within_30min,30,raw,0.7,0.8,1495,0.750582,0.868896
E4,native,flare_within_30min,30,raw,0.8,0.9,1887,0.854395,0.958665
E4,native,flare_within_30min,30,raw,0.9,1.0,2096,0.939317,0.993321
E4,native,flare_within_30min,30,calibrated,0.0,0.1,29547,0.080041,0.056689
E4,native,flare_within_30min,30,calibrated,0.1,0.2,61174,0.141149,0.132834
E4,native,flare_within_30min,30,calibrated,0.2,0.3,13746,0.247427,0.271424
E4,native,flare_within_30min,30,calibrated,0.3,0.4,3041,0.349686,0.347254
E4,native,flare_within_30min,30,calibrated,0.4,0.5,1949,0.436562,0.468958
E4,native,flare_within_30min,30,calibrated,0.5,0.6,1362,0.559663,0.606461
E4,native,flare_within_30min,30,calibrated,0.6,0.7,434,0.644924,0.75576
E4,native,flare_within_30min,30,calibrated,0.7,0.8,525,0.711495,0.773333
E4,native,flare_within_30min,30,calibrated,0.8,0.9,1380,0.815867,0.874638
E4,native,flare_within_30min,30,calibrated,0.9,1.0,4027,0.977697,0.976161
E4,native,flare_within_60min,60,raw,0.1,0.2,31,0.191342,0.0
E4,native,flare_within_60min,60,raw,0.2,0.3,3468,0.277738,0.062572
E4,native,flare_within_60min,60,raw,0.3,0.4,34307,0.3582,0.125747
E4,native,flare_within_60min,60,raw,0.4,0.5,45795,0.450436,0.230134
E4,native,flare_within_60min,60,raw,0.5,0.6,22171,0.537331,0.386
E4,native,flare_within_60min,60,raw,0.6,0.7,5367,0.639168,0.564375
E4,native,flare_within_60min,60,raw,0.7,0.8,1913,0.746513,0.832201
E4,native,flare_within_60min,60,raw,0.8,0.9,2028,0.853301,0.957594
E4,native,flare_within_60min,60,raw,0.9,1.0,2105,0.938074,0.993824
E4,native,flare_within_60min,60,calibrated,0.0,0.1,193,0.007639,0.010363
E4,native,flare_within_60min,60,calibrated,0.1,0.2,42148,0.166091,0.12608
E4,native,flare_within_60min,60,calibrated,0.2,0.3,44567,0.26016,0.241434
E4,native,flare_within_60min,60,calibrated,0.3,0.4,12953,0.338899,0.36424
E4,native,flare_within_60min,60,calibrated,0.4,0.5,8100,0.446711,0.487284
E4,native,flare_within_60min,60,calibrated,0.5,0.6,2565,0.529361,0.583626
E4,native,flare_within_60min,60,calibrated,0.6,0.7,730,0.645206,0.669863
E4,native,flare_within_60min,60,calibrated,0.7,0.8,904,0.735344,0.787611
E4,native,flare_within_60min,60,calibrated,0.8,0.9,1514,0.857023,0.922061
E4,native,flare_within_60min,60,calibrated,0.9,1.0,3511,0.986877,0.982056
