goes_flare_id,spectrum_id,spectrum_status,gamma,gamma_err,chi2_dof,max_energy_keV
202603302040,,no spectrum,,,,
202603302358,,no spectrum,,,,20.0
202603310055,,no spectrum,,,,
202603311027,,no spectrum,,,,
202603312116,,no spectrum,,,,
202604010638,,no spectrum,,,,20.0
202604011049,,no spectrum,,,,20.0
202604011337,,no spectrum,,,,20.0
202604011738,,no spectrum,,,,
202604011947,,no spectrum,,,,20.0
202604012054,,no spectrum,,,,
202604012134,,no spectrum,,,,20.0
202604012241,,no spectrum,,,,
202604012308,,no spectrum,,,,20.0
202604020707,,no spectrum,,,,20.0
202604020726,,no spectrum,,,,
202604021223,,no spectrum,,,,20.0
202604021447,,no spectrum,,,,20.0
202604021658,,no spectrum,,,,20.0
202604021724,,no spectrum,,,,20.0
202604022121,,no spectrum,,,,150.0
202604022246,,no spectrum,,,,20.0
202604022308,,no spectrum,,,,
202604022353,,no spectrum,,,,20.0
202604030049,,no spectrum,,,,20.0
202604030059,,no spectrum,,,,20.0
202604030324,,no spectrum,,,,20.0
202604030520,,no spectrum,,,,
202604030745,,no spectrum,,,,20.0
202604031003,,no spectrum,,,,20.0
202604031105,,no spectrum,,,,20.0
202604031153,,no spectrum,,,,
202604031219,,no spectrum,,,,20.0
202604031246,,no spectrum,,,,20.0
202604031604,,no spectrum,,,,20.0
202604031731,,no spectrum,,,,
202604031855,,no spectrum,,,,20.0
202604031906,,no spectrum,,,,
202604031917,,no spectrum,,,,20.0
202604032006,,no spectrum,,,,
202604032125,,no spectrum,,,,20.0
202604032142,,no spectrum,,,,20.0
202604032336,,no spectrum,,,,20.0
202604040026,,no spectrum,,,,20.0
202604040107,AL1-20260404-0108,ok,3.505,0.059,,40.0
202604040251,,no spectrum,,,,
202604040316,,no spectrum,,,,20.0
202604040419,,no spectrum,,,,20.0
202604040549,,no spectrum,,,,20.0
202604040601,,no spectrum,,,,20.0
202604040652,,no spectrum,,,,20.0
202604040738,,no spectrum,,,,20.0
202604041122,,no spectrum,,,,20.0
202604041157,,no spectrum,,,,20.0
202604041329,,no spectrum,,,,20.0
202604041500,,no spectrum,,,,20.0
202604041618,,no spectrum,,,,20.0
202604041702,,no spectrum,,,,20.0
202604041848,,no spectrum,,,,
202604041935,,no spectrum,,,,20.0
202604042254,,no spectrum,,,,20.0
202604050021,,no spectrum,,,,20.0
202604050151,,no spectrum,,,,20.0
202604050323,,no spectrum,,,,20.0
202604050334,,no spectrum,,,,
202604050355,,no spectrum,,,,20.0
202604050420,,no spectrum,,,,
202604050501,,no spectrum,,,,20.0
202604050535,,no spectrum,,,,20.0
202604050559,,no spectrum,,,,
202604050641,,no spectrum,,,,
202604050821,,no spectrum,,,,
202604051052,,no spectrum,,,,
202604051257,,no spectrum,,,,20.0
202604052339,,no spectrum,,,,20.0
202604060506,,no spectrum,,,,
202604071332,,no spectrum,,,,
202604071536,,no spectrum,,,,
202604071815,,no spectrum,,,,
202604072040,,no spectrum,,,,
202604072204,,no spectrum,,,,
202604072310,,no spectrum,,,,
202604080038,,no spectrum,,,,
202604080457,,no spectrum,,,,
202604081222,,no spectrum,,,,
202604081531,,no spectrum,,,,
202604082338,,no spectrum,,,,20.0
202604090057,,no spectrum,,,,20.0
202604090521,,no spectrum,,,,20.0
202604090628,,no spectrum,,,,20.0
202604090807,,no spectrum,,,,20.0
202604111007,,no spectrum,,,,20.0
202604112315,,no spectrum,,,,20.0
202604120047,,no spectrum,,,,
202604120217,,no spectrum,,,,
202604120309,,no spectrum,,,,20.0
202604120455,,no spectrum,,,,
202604120731,,no spectrum,,,,20.0
202604120829,,no spectrum,,,,20.0
202604131120,,no spectrum,,,,
202604160039,,no spectrum,,,,
202604161216,,no spectrum,,,,
202604161300,,no spectrum,,,,
202604162115,,no spectrum,,,,
202604170427,,no spectrum,,,,20.0
202604180640,,no spectrum,,,,20.0
202604200833,,no spectrum,,,,
202604201457,,no spectrum,,,,20.0
202604210103,,no spectrum,,,,20.0
202604210553,,no spectrum,,,,20.0
202604210647,,no spectrum,,,,20.0
202604210700,,no spectrum,,,,
202604210942,,no spectrum,,,,
202604211126,,no spectrum,,,,20.0
202604211145,,no spectrum,,,,20.0
202604211341,,no spectrum,,,,20.0
202604211415,,no spectrum,,,,
202604211629,,no spectrum,,,,20.0
202604211817,,no spectrum,,,,
202604212120,,no spectrum,,,,20.0
202604212313,,no spectrum,,,,
202604220132,,no spectrum,,,,
202604220422,,no spectrum,,,,20.0
202604220610,,no spectrum,,,,
202604220949,,no spectrum,,,,20.0
202604221635,,no spectrum,,,,
202604221701,,no spectrum,,,,
202604221905,,no spectrum,,,,
202604222302,,no spectrum,,,,
202604230102,,no spectrum,,,,20.0
202604230216,,no spectrum,,,,20.0
202604230424,AL1-20260423-0423,ok,4.09,0.044,,60.0
202604230450,,no spectrum,,,,
202604230748,,no spectrum,,,,20.0
202604230806,,no spectrum,,,,20.0
202604230840,AL1-20260423-0839,ok,4.381,0.044,,60.0
202604230947,,no spectrum,,,,
202604231151,,no spectrum,,,,
202604231226,,no spectrum,,,,
202604231259,,no spectrum,,,,20.0
202604231342,AL1-20260423-1352,ok,3.091,0.032,,20.0
202604231514,,no spectrum,,,,20.0
202604231542,,no spectrum,,,,80.0
202604231700,AL1-20260423-1657,ok,2.734,0.018,,80.0
202604231959,,no spectrum,,,,20.0
202604232304,,no spectrum,,,,20.0
202604240051,AL1-20260424-0053,ok,2.776,0.011,,150.0
202604240357,,no spectrum,,,,
202604240522,,no spectrum,,,,20.0
202604240707,,no spectrum,,,,20.0
202604240801,AL1-20260424-0801,ok,2.643,0.007,,150.0
202604240857,,no spectrum,,,,20.0
202604241050,,no spectrum,,,,20.0
202604241216,,no spectrum,,,,20.0
202604241234,,no spectrum,,,,20.0
202604241433,,no spectrum,,,,20.0
202604241555,,no spectrum,,,,20.0
202604241640,,no spectrum,,,,20.0
202604241704,,no spectrum,,,,20.0
202604241754,AL1-20260424-1754,ok,6.397,0.264,,40.0
202604250117,,no spectrum,,,,
202604250703,,no spectrum,,,,20.0
202604250740,,no spectrum,,,,20.0
202604250756,,no spectrum,,,,20.0
202604250930,,no spectrum,,,,
202604250947,,no spectrum,,,,
202604251225,,no spectrum,,,,
202604251308,,no spectrum,,,,20.0
202604251422,,no spectrum,,,,20.0
202604251553,,no spectrum,,,,20.0
202604251926,,no spectrum,,,,20.0
202604252124,,no spectrum,,,,
202604252342,,no spectrum,,,,20.0
202604260008,AL1-20260426-0013,ok,5.961,0.17,,40.0
202604260519,,no spectrum,,,,
202604260708,,no spectrum,,,,20.0
202604261103,,no spectrum,,,,20.0
202604261132,,no spectrum,,,,20.0
202604261218,,no spectrum,,,,
202604261231,,no spectrum,,,,20.0
202604261354,,no spectrum,,,,20.0
202604261418,,no spectrum,,,,150.0
202604261504,,no spectrum,,,,20.0
202604261518,,no spectrum,,,,
202604261549,,no spectrum,,,,20.0
202604261607,,no spectrum,,,,
202604261734,,no spectrum,,,,20.0
202604261757,,no spectrum,,,,20.0
202604261900,,no spectrum,,,,20.0
202604261918,,no spectrum,,,,20.0
202604261954,,no spectrum,,,,80.0
202604262130,,no spectrum,,,,20.0
202604262139,,no spectrum,,,,20.0
202604262243,,no spectrum,,,,20.0
202604262251,AL1-20260426-2253,ok,4.199,0.026,,80.0
202604270058,,no spectrum,,,,
202604270107,,no spectrum,,,,150.0
202604270128,,no spectrum,,,,20.0
202604270153,,no spectrum,,,,20.0
202604270209,,no spectrum,,,,
202604270330,,no spectrum,,,,20.0
202604270405,,no spectrum,,,,20.0
202604270537,,no spectrum,,,,
202604270602,,no spectrum,,,,
202604270639,AL1-20260427-0640,ok,5.439,0.172,,40.0
202604270738,,no spectrum,,,,20.0
202604271000,,no spectrum,,,,
202604271837,,no spectrum,,,,
202604272140,,no spectrum,,,,
202604272245,,no spectrum,,,,
202604272306,,no spectrum,,,,20.0
202604280054,,no spectrum,,,,20.0
202604280122,,no spectrum,,,,20.0
202604280458,,no spectrum,,,,20.0
202604280809,,no spectrum,,,,20.0
202604280913,,no spectrum,,,,20.0
202604280928,,no spectrum,,,,20.0
202604281112,,no spectrum,,,,20.0
202604281141,,no spectrum,,,,20.0
202604281200,,no spectrum,,,,20.0
202604281217,,no spectrum,,,,
202604281349,,no spectrum,,,,20.0
202604281403,,no spectrum,,,,20.0
202604281430,,no spectrum,,,,
202604281549,,no spectrum,,,,20.0
202604281601,,no spectrum,,,,
202604281810,,no spectrum,,,,
202604281843,,no spectrum,,,,20.0
202604281949,,no spectrum,,,,20.0
202604282202,,no spectrum,,,,
202604282239,,no spectrum,,,,
202604290000,,no spectrum,,,,
202604290037,,no spectrum,,,,
202604290100,,no spectrum,,,,20.0
202604290344,,no spectrum,,,,20.0
202604290439,,no spectrum,,,,20.0
202604290605,,no spectrum,,,,20.0
202604290645,,no spectrum,,,,20.0
202604290659,,no spectrum,,,,
202604290720,,no spectrum,,,,20.0
202604291118,,no spectrum,,,,20.0
202604291155,,no spectrum,,,,20.0
202604291403,,no spectrum,,,,20.0
202604291505,,no spectrum,,,,
202604291544,,no spectrum,,,,20.0
202604291608,,no spectrum,,,,20.0
202604291930,,no spectrum,,,,20.0
202604300016,,no spectrum,,,,20.0
202604300024,,no spectrum,,,,20.0
202604300133,,no spectrum,,,,
202604300208,,no spectrum,,,,
202604300846,,no spectrum,,,,
202604300911,,no spectrum,,,,
202604300935,,no spectrum,,,,20.0
202604302245,,no spectrum,,,,20.0
202605010246,,no spectrum,,,,20.0
202605010412,,no spectrum,,,,
202605010654,,no spectrum,,,,20.0
202605010847,,no spectrum,,,,20.0
202605010929,,no spectrum,,,,20.0
202605011410,,no spectrum,,,,
202605011524,,no spectrum,,,,20.0
202605012310,,no spectrum,,,,
202605012321,,no spectrum,,,,
202605020230,,no spectrum,,,,20.0
202605020537,,no spectrum,,,,20.0
202605020616,,no spectrum,,,,20.0
202605020756,,no spectrum,,,,20.0
202605020922,,no spectrum,,,,20.0
202605021020,,no spectrum,,,,20.0
202605021044,,no spectrum,,,,20.0
202605021144,,no spectrum,,,,
202605021155,,no spectrum,,,,
202605021205,,no spectrum,,,,20.0
202605021356,,no spectrum,,,,20.0
202605021511,,no spectrum,,,,20.0
202605021531,,no spectrum,,,,20.0
202605021830,,no spectrum,,,,20.0
202605022017,,no spectrum,,,,20.0
202605030220,,no spectrum,,,,20.0
202605030333,,no spectrum,,,,20.0
202605030656,,no spectrum,,,,20.0
202605040113,,no spectrum,,,,20.0
202605041039,,no spectrum,,,,20.0
202605041133,,no spectrum,,,,
202605050419,,no spectrum,,,,20.0
202605050504,,no spectrum,,,,
202605050521,,no spectrum,,,,20.0
202605050537,,no spectrum,,,,
202605050830,,no spectrum,,,,20.0
202605051409,,no spectrum,,,,
202605051459,,no spectrum,,,,
202605060433,,no spectrum,,,,20.0
202605061719,,no spectrum,,,,20.0
202605070128,,no spectrum,,,,20.0
202605071035,,no spectrum,,,,20.0
202605071253,,no spectrum,,,,
202605071420,,no spectrum,,,,20.0
202605071745,,no spectrum,,,,20.0
202605080149,,no spectrum,,,,
202605080358,,no spectrum,,,,
202605081113,,no spectrum,,,,20.0
202605081541,,no spectrum,,,,20.0
202605081756,,no spectrum,,,,
202605081820,,no spectrum,,,,
202605081901,,no spectrum,,,,20.0
202605081916,,no spectrum,,,,20.0
202605082005,,no spectrum,,,,20.0
202605082200,,no spectrum,,,,
202605082319,,no spectrum,,,,20.0
202605090011,,no spectrum,,,,
202605090218,,no spectrum,,,,20.0
202605090321,,no spectrum,,,,20.0
202605090514,,no spectrum,,,,
202605090622,,no spectrum,,,,20.0
202605090753,,no spectrum,,,,20.0
202605090919,,no spectrum,,,,
202605091315,,no spectrum,,,,
202605091359,,no spectrum,,,,20.0
202605091422,,no spectrum,,,,
202605091516,,no spectrum,,,,
202605091620,,no spectrum,,,,
202605091848,,no spectrum,,,,20.0
202605091912,,no spectrum,,,,
202605092021,,no spectrum,,,,20.0
202605092137,,no spectrum,,,,
202605092157,,no spectrum,,,,
202605100227,,no spectrum,,,,20.0
202605100236,,no spectrum,,,,
202605100356,,no spectrum,,,,20.0
202605100459,,no spectrum,,,,20.0
202605100632,,no spectrum,,,,20.0
202605100728,,no spectrum,,,,
202605100915,,no spectrum,,,,20.0
202605100932,,no spectrum,,,,20.0
202605101036,,no spectrum,,,,
202605101319,AL1-20260510-1321,ok,3.561,0.025,,80.0
202605101927,,no spectrum,,,,
202605102058,,no spectrum,,,,20.0
202605102311,,no spectrum,,,,
202605110045,,no spectrum,,,,20.0
202605110821,,no spectrum,,,,20.0
202605111149,,no spectrum,,,,
202605111405,,no spectrum,,,,
202605120048,,no spectrum,,,,20.0
202605120644,,no spectrum,,,,
202605120926,,no spectrum,,,,
202605121019,,no spectrum,,,,
202605121038,,no spectrum,,,,20.0
202605121240,,no spectrum,,,,20.0
202605121711,,no spectrum,,,,20.0
202605122142,,no spectrum,,,,
202605122211,,no spectrum,,,,
202605130143,,no spectrum,,,,20.0
202605130631,,no spectrum,,,,20.0
202605131028,,no spectrum,,,,20.0
202605131646,,no spectrum,,,,20.0
202605131706,,no spectrum,,,,20.0
202605131800,,no spectrum,,,,20.0
202605131935,,no spectrum,,,,20.0
202605140205,,no spectrum,,,,
202605140327,,no spectrum,,,,
202605140520,,no spectrum,,,,20.0
202605140556,,no spectrum,,,,
202605140631,,no spectrum,,,,20.0
202605140848,,no spectrum,,,,
202605140913,,no spectrum,,,,20.0
202605141033,,no spectrum,,,,
202605141046,,no spectrum,,,,20.0
202605141126,,no spectrum,,,,20.0
202605141321,,no spectrum,,,,20.0
202605141424,,no spectrum,,,,
202605141704,,no spectrum,,,,
202605141718,,no spectrum,,,,20.0
202605141821,,no spectrum,,,,20.0
202605142155,,no spectrum,,,,
202605142214,,no spectrum,,,,20.0
202605142258,,no spectrum,,,,
202605142316,,no spectrum,,,,20.0
202605150148,,no spectrum,,,,
202605150252,,no spectrum,,,,20.0
202605151143,,no spectrum,,,,20.0
202605151308,,no spectrum,,,,20.0
202605151340,,no spectrum,,,,20.0
202605151605,,no spectrum,,,,20.0
202605161419,,no spectrum,,,,20.0
202605161508,,no spectrum,,,,20.0
202605161550,,no spectrum,,,,20.0
202605161622,,no spectrum,,,,
202605161739,,no spectrum,,,,
202605161902,,no spectrum,,,,20.0
202605161957,,no spectrum,,,,20.0
202605162222,,no spectrum,,,,20.0
202605162313,,no spectrum,,,,20.0
202605170329,,no spectrum,,,,20.0
202605170436,,no spectrum,,,,
202605170521,,no spectrum,,,,20.0
202605171123,,no spectrum,,,,20.0
202605171201,,no spectrum,,,,
202605171225,,no spectrum,,,,
202605172042,,no spectrum,,,,20.0
202605181810,,no spectrum,,,,20.0
202605190729,,no spectrum,,,,20.0
202605191640,,no spectrum,,,,20.0
202605191944,,no spectrum,,,,
202605192113,,no spectrum,,,,
202605192140,,no spectrum,,,,20.0
202605192158,,no spectrum,,,,20.0
202605200412,,no spectrum,,,,
202605200959,,no spectrum,,,,20.0
202605211309,,no spectrum,,,,20.0
202605211804,,no spectrum,,,,20.0
202605211819,,no spectrum,,,,
202605212304,,no spectrum,,,,
202605220022,,no spectrum,,,,
202605220323,,no spectrum,,,,
202605220438,,no spectrum,,,,
202605220452,,no spectrum,,,,
202605220640,,no spectrum,,,,
202605220928,,no spectrum,,,,
202605220949,,no spectrum,,,,
202605221003,,no spectrum,,,,
202605221255,,no spectrum,,,,
202605222011,,no spectrum,,,,
202605222125,,no spectrum,,,,
202605222252,,no spectrum,,,,
202605222333,,no spectrum,,,,
202605230217,,no spectrum,,,,
202605230322,,no spectrum,,,,
202605230346,,no spectrum,,,,20.0
202605230535,,no spectrum,,,,20.0
202605230711,,no spectrum,,,,20.0
202605230910,,no spectrum,,,,20.0
202605231135,,no spectrum,,,,20.0
202605231402,,no spectrum,,,,20.0
202605231708,,no spectrum,,,,
202605231734,,no spectrum,,,,20.0
202605231907,,no spectrum,,,,
202605231945,,no spectrum,,,,20.0
202605232100,,no spectrum,,,,20.0
202605232157,,no spectrum,,,,20.0
202605232223,,no spectrum,,,,20.0
202605232343,,no spectrum,,,,20.0
202605240048,,no spectrum,,,,20.0
202605240218,,no spectrum,,,,20.0
202605240233,,no spectrum,,,,20.0
202605250051,,no spectrum,,,,20.0
202605250641,,no spectrum,,,,20.0
202605260711,,no spectrum,,,,20.0
202605261230,,no spectrum,,,,20.0
202605261350,,no spectrum,,,,20.0
202605262010,,no spectrum,,,,
202605262040,,no spectrum,,,,
202605262051,,no spectrum,,,,
202605262339,,no spectrum,,,,20.0
202605270149,,no spectrum,,,,
202605271207,,no spectrum,,,,20.0
202605271320,,no spectrum,,,,20.0
202605280958,,no spectrum,,,,20.0
202605281509,,no spectrum,,,,20.0
202605281628,,no spectrum,,,,20.0
202605290450,,no spectrum,,,,20.0
202605290524,,no spectrum,,,,20.0
202605290640,,no spectrum,,,,20.0
202605291541,,no spectrum,,,,
202605291901,,no spectrum,,,,
202605291928,,no spectrum,,,,
202605291936,,no spectrum,,,,20.0
202605292111,,no spectrum,,,,20.0
202605300235,,no spectrum,,,,
202605300729,,no spectrum,,,,20.0
202605300840,,no spectrum,,,,
202605301145,,no spectrum,,,,20.0
202605301437,,no spectrum,,,,
202605301727,,no spectrum,,,,20.0
202605302222,,no spectrum,,,,
202605302231,,no spectrum,,,,
202605310159,,no spectrum,,,,20.0
202605310253,,no spectrum,,,,20.0
202605310422,,no spectrum,,,,20.0
202605310444,,no spectrum,,,,
202605310802,,no spectrum,,,,
202605310859,,no spectrum,,,,20.0
202605311012,,no spectrum,,,,
202605311239,,no spectrum,,,,
202605311246,,no spectrum,,,,
202605311756,,no spectrum,,,,20.0
202605311831,,no spectrum,,,,20.0
202605311939,,no spectrum,,,,20.0
202605312142,,no spectrum,,,,20.0
202606010511,,no spectrum,,,,
202606020228,,no spectrum,,,,
202606020240,,no spectrum,,,,20.0
202606020411,,no spectrum,,,,20.0
202606020442,,no spectrum,,,,20.0
202606020646,,no spectrum,,,,20.0
202606020751,,no spectrum,,,,
202606020821,,no spectrum,,,,20.0
202606020831,,no spectrum,,,,20.0
202606020951,,no spectrum,,,,20.0
202606021057,,no spectrum,,,,20.0
202606021353,,no spectrum,,,,20.0
202606021631,AL1-20260602-1634,ok,3.71,0.067,,40.0
202606021807,,no spectrum,,,,20.0
202606021835,,no spectrum,,,,20.0
202606022024,,no spectrum,,,,20.0
202606030022,,no spectrum,,,,20.0
202606030111,,no spectrum,,,,
202606030122,AL1-20260603-0121,ok,3.37,0.029,,80.0
202606030324,,no spectrum,,,,
202606030450,,no spectrum,,,,
202606030649,AL1-20260603-0648,ok,2.874,0.009,,150.0
202606031053,,no spectrum,,,,20.0
202606031119,AL1-20260603-1119,ok,3.827,0.044,,60.0
202606031526,,no spectrum,,,,20.0
202606031921,,no spectrum,,,,
202606032046,,no spectrum,,,,20.0
202606032327,,no spectrum,,,,20.0
202606040154,,no spectrum,,,,
202606040341,,no spectrum,,,,
202606040616,,no spectrum,,,,
202606040631,,no spectrum,,,,
202606041250,,no spectrum,,,,
202606041554,,no spectrum,,,,
202606041625,,no spectrum,,,,
202606042337,,no spectrum,,,,
202606050154,,no spectrum,,,,20.0
202606050217,,no spectrum,,,,
202606051140,,no spectrum,,,,
202606051151,,no spectrum,,,,20.0
202606051320,,no spectrum,,,,20.0
202606051452,,no spectrum,,,,20.0
202606051510,,no spectrum,,,,
202606051815,,no spectrum,,,,20.0
202606051831,,no spectrum,,,,20.0
202606052218,,no spectrum,,,,20.0
202606060352,,no spectrum,,,,
202606060410,,no spectrum,,,,
202606060623,,no spectrum,,,,20.0
202606061149,,no spectrum,,,,20.0
202606061304,,no spectrum,,,,
202606061340,AL1-20260606-1339,ok,3.76,0.105,,150.0
202606070145,,no spectrum,,,,20.0
202606070221,,no spectrum,,,,20.0
202606070238,,no spectrum,,,,
202606070410,,no spectrum,,,,20.0
202606070527,,no spectrum,,,,
202606070541,,no spectrum,,,,20.0
202606070636,,no spectrum,,,,
202606070755,,no spectrum,,,,20.0
202606070816,,no spectrum,,,,20.0
202606070917,,no spectrum,,,,20.0
202606071321,,no spectrum,,,,
202606071342,,no spectrum,,,,20.0
202606071350,,no spectrum,,,,
202606071541,,no spectrum,,,,20.0
202606071640,,no spectrum,,,,
202606071855,,no spectrum,,,,
202606071927,,no spectrum,,,,20.0
202606080214,,no spectrum,,,,20.0
202606080236,,no spectrum,,,,20.0
202606080413,,no spectrum,,,,20.0
202606080500,,no spectrum,,,,20.0
202606080631,,no spectrum,,,,20.0
202606080821,,no spectrum,,,,
202606081235,,no spectrum,,,,
202606081729,,no spectrum,,,,20.0
202606090032,,no spectrum,,,,20.0
202606090054,,no spectrum,,,,20.0
202606090153,,no spectrum,,,,
202606090232,,no spectrum,,,,20.0
202606090416,,no spectrum,,,,20.0
202606090522,,no spectrum,,,,20.0
202606090551,,no spectrum,,,,20.0
202606090601,,no spectrum,,,,
202606090628,,no spectrum,,,,20.0
202606090657,,no spectrum,,,,
202606090904,,no spectrum,,,,
202606090939,,no spectrum,,,,20.0
202606091247,,no spectrum,,,,20.0
202606091322,,no spectrum,,,,20.0
202606091902,,no spectrum,,,,20.0
202606091935,,no spectrum,,,,
202606092010,,no spectrum,,,,
202606092059,,no spectrum,,,,20.0
202606092117,,no spectrum,,,,20.0
202606100051,,no spectrum,,,,
202606100128,,no spectrum,,,,20.0
202606101317,,no spectrum,,,,20.0
202606102330,,no spectrum,,,,20.0
202606110037,,no spectrum,,,,
202606110638,,no spectrum,,,,20.0
202606110800,,no spectrum,,,,20.0
202606110822,AL1-20260611-0822,ok,5.282,0.148,,40.0
202606111124,,no spectrum,,,,20.0
202606111706,,no spectrum,,,,
202606112005,,no spectrum,,,,20.0
202606112132,,no spectrum,,,,
202606120204,,no spectrum,,,,20.0
202606120225,,no spectrum,,,,20.0
202606121212,,no spectrum,,,,20.0
202606130200,,no spectrum,,,,20.0
202606131240,,no spectrum,,,,20.0
202606140848,,no spectrum,,,,
202606141231,,no spectrum,,,,
202606141250,,no spectrum,,,,20.0
202606150150,,no spectrum,,,,20.0
202606150731,,no spectrum,,,,
202606150948,,no spectrum,,,,20.0
202606151144,,no spectrum,,,,20.0
202606151846,,no spectrum,,,,20.0
202606160043,,no spectrum,,,,20.0
202606161528,,no spectrum,,,,
202606170513,,no spectrum,,,,
202606171208,,no spectrum,,,,
202606171457,,no spectrum,,,,20.0
202606180738,,no spectrum,,,,20.0
202606181142,,no spectrum,,,,
202606182149,,no spectrum,,,,20.0
202606191926,,no spectrum,,,,20.0
202606200126,,no spectrum,,,,20.0
202606200259,,no spectrum,,,,60.0
202606201115,,no spectrum,,,,20.0
202606201206,,no spectrum,,,,20.0
202606201450,AL1-20260620-1452,ok,4.221,0.101,,40.0
202606202122,,no spectrum,,,,20.0
202606202301,,no spectrum,,,,20.0
202606210101,,no spectrum,,,,20.0
202606210225,,no spectrum,,,,20.0
202606210831,,no spectrum,,,,
202606211807,,no spectrum,,,,20.0
202606211917,AL1-20260621-1921,ok,3.321,0.023,,80.0
202606212230,,no spectrum,,,,
202606232201,,no spectrum,,,,20.0
202606232303,,no spectrum,,,,20.0
202606232318,,no spectrum,,,,20.0
202606240034,,no spectrum,,,,20.0
202606240328,,no spectrum,,,,20.0
202606240344,,no spectrum,,,,
202606240640,,no spectrum,,,,20.0
202606240707,,no spectrum,,,,20.0
202606240856,,no spectrum,,,,20.0
202606240908,,no spectrum,,,,
202606240958,,no spectrum,,,,20.0
202606241428,,no spectrum,,,,20.0
202606241608,,no spectrum,,,,20.0
202606241832,,no spectrum,,,,20.0
202606242022,,no spectrum,,,,20.0
202606242202,,no spectrum,,,,20.0
202606250237,,no spectrum,,,,
202606250532,,no spectrum,,,,20.0
202606250757,,no spectrum,,,,
202606250858,,no spectrum,,,,20.0
202606251327,,no spectrum,,,,
202606251453,,no spectrum,,,,
202606252111,,no spectrum,,,,
202606252154,,no spectrum,,,,
202606252335,,no spectrum,,,,
202606261223,,no spectrum,,,,20.0
202606261346,,no spectrum,,,,
202606261357,,no spectrum,,,,20.0
202606261452,,no spectrum,,,,20.0
202606262012,,no spectrum,,,,
202606270622,,no spectrum,,,,
202606270648,,no spectrum,,,,
202606270717,,no spectrum,,,,20.0
202606270908,,no spectrum,,,,
202606271046,,no spectrum,,,,
202606271215,,no spectrum,,,,20.0
202606271509,,no spectrum,,,,20.0
202606272053,,no spectrum,,,,20.0
202606272106,,no spectrum,,,,
202606280144,,no spectrum,,,,20.0
202606280646,,no spectrum,,,,20.0
202606280703,,no spectrum,,,,
202606281501,,no spectrum,,,,20.0
202606282038,,no spectrum,,,,
202606282050,,no spectrum,,,,
202606282118,,no spectrum,,,,20.0
202606282155,,no spectrum,,,,80.0
202606290032,,no spectrum,,,,20.0
202606290226,,no spectrum,,,,20.0
202606290243,,no spectrum,,,,20.0
202606290307,,no spectrum,,,,20.0
202606290322,,no spectrum,,,,
202606290351,,no spectrum,,,,
202606290740,,no spectrum,,,,
202606290806,,no spectrum,,,,20.0
202606291120,,no spectrum,,,,
202606291208,,no spectrum,,,,20.0
202606291229,,no spectrum,,,,20.0
202606291721,,no spectrum,,,,
202606291732,,no spectrum,,,,20.0
202606291928,,no spectrum,,,,20.0
202606291943,,no spectrum,,,,20.0
202606292024,,no spectrum,,,,20.0
202606292056,,no spectrum,,,,20.0
202606292113,,no spectrum,,,,20.0
202606292347,,no spectrum,,,,20.0
202606300039,,no spectrum,,,,20.0
202606300311,,no spectrum,,,,
202606300617,,no spectrum,,,,20.0
202606300911,,no spectrum,,,,
202606300932,,no spectrum,,,,20.0
202606301220,,no spectrum,,,,20.0
202606301237,AL1-20260630-1238,ok,5.276,0.083,,40.0
202606301623,,no spectrum,,,,
202606301639,,no spectrum,,,,20.0
202606301714,,no spectrum,,,,
202606301831,,no spectrum,,,,20.0
202606301949,,no spectrum,,,,20.0
202606302034,AL1-20260630-2034,ok,3.465,0.044,,60.0
202606302306,,no spectrum,,,,20.0
202607010441,,no spectrum,,,,20.0
202607010619,AL1-20260701-0618,ok,4.527,0.067,,40.0
202607010637,,no spectrum,,,,20.0
202607010728,AL1-20260701-0727,ok,3.416,0.016,,40.0
202607010807,AL1-20260701-0810,ok,3.401,0.015,,60.0
202607010845,,no spectrum,,,,20.0
202607011004,AL1-20260701-1004,ok,4.411,0.046,,40.0
202607011422,AL1-20260701-1419,ok,2.985,0.022,,60.0
202607011439,,no spectrum,,,,20.0
202607011705,,no spectrum,,,,20.0
202607011844,AL1-20260701-1905,"ok, unreliable",,,,40.0
202607012015,AL1-20260701-2018,ok,4.004,0.041,,60.0
202607012257,AL1-20260701-2254,ok,4.228,0.019,,80.0
202607012349,,no spectrum,,,,20.0
202607020137,AL1-20260702-0134,ok,3.041,0.018,,80.0
202607020407,,no spectrum,,,,150.0
202607020455,,no spectrum,,,,20.0
202607020602,,no spectrum,,,,
202607020714,,no spectrum,,,,20.0
202607021021,AL1-20260702-1024,ok,5.095,0.102,,40.0
202607022303,,no spectrum,,,,20.0
202607030041,,no spectrum,,,,20.0
202607030221,,no spectrum,,,,
202607030241,,no spectrum,,,,20.0
202607031303,,no spectrum,,,,20.0
202607031416,,no spectrum,,,,20.0
202607031426,,no spectrum,,,,
202607031456,,no spectrum,,,,
202607031632,,no spectrum,,,,20.0
202607031731,,no spectrum,,,,20.0
202607031749,AL1-20260703-1747,ok,4.111,0.145,,40.0
202607031857,AL1-20260703-1855,ok,3.186,0.01,,150.0
202607031959,,no spectrum,,,,20.0
202607032227,,no spectrum,,,,20.0
202607032350,,no spectrum,,,,20.0
202607040013,,no spectrum,,,,20.0
202607040059,,no spectrum,,,,150.0
202607040152,,no spectrum,,,,150.0
202607040321,,no spectrum,,,,
202607040504,,no spectrum,,,,60.0
202607040543,,no spectrum,,,,20.0
202607040612,,no spectrum,,,,20.0
202607040726,,no spectrum,,,,
202607040748,,no spectrum,,,,20.0
202607040841,,no spectrum,,,,20.0
202607041104,AL1-20260704-1102,ok,6.7,0.305,,40.0
202607041341,AL1-20260704-1341,too few counts above 30 keV,,,,40.0
202607041426,,no spectrum,,,,
202607041435,,no spectrum,,,,60.0
202607041526,,no spectrum,,,,20.0
202607041602,,no spectrum,,,,20.0
202607041656,,no spectrum,,,,20.0
202607041837,,no spectrum,,,,20.0
202607041923,,no spectrum,,,,150.0
202607042029,AL1-20260704-2032,ok,3.196,0.017,,80.0
202607042216,,no spectrum,,,,20.0
202607042332,,no spectrum,,,,20.0
202607050024,,no spectrum,,,,20.0
202607050109,,no spectrum,,,,20.0
202607050316,,no spectrum,,,,20.0
202607050419,,no spectrum,,,,
202607050441,,no spectrum,,,,
202607050521,,no spectrum,,,,20.0
202607050610,,no spectrum,,,,
202607050711,,no spectrum,,,,20.0
202607050721,,no spectrum,,,,20.0
202607050820,,no spectrum,,,,
202607050849,,no spectrum,,,,
202607050915,,no spectrum,,,,150.0
202607051041,,no spectrum,,,,
202607051056,,no spectrum,,,,
202607051104,,no spectrum,,,,
202607051153,,no spectrum,,,,
202607051252,,no spectrum,,,,20.0
202607051417,,no spectrum,,,,
202607051428,,no spectrum,,,,20.0
202607051505,,no spectrum,,,,
202607051533,,no spectrum,,,,
202607051621,,no spectrum,,,,20.0
202607051641,,no spectrum,,,,
202607051735,,no spectrum,,,,
202607051751,AL1-20260705-1751,ok,8.046,0.3,,40.0
202607051856,,no spectrum,,,,20.0
202607052007,,no spectrum,,,,
202607052114,AL1-20260705-2114,ok,5.021,0.105,,40.0
202607052138,,no spectrum,,,,
202607060035,,no spectrum,,,,20.0
202607060157,,no spectrum,,,,20.0
202607060455,,no spectrum,,,,20.0
202607061825,,no spectrum,,,,20.0
202607061853,,no spectrum,,,,
202607070332,,no spectrum,,,,
202607071202,,no spectrum,,,,20.0
202607071409,AL1-20260707-1414,ok,4.662,0.114,,40.0
202607072240,,no spectrum,,,,20.0
202607080732,,no spectrum,,,,20.0
202607080940,,no spectrum,,,,20.0
202607081120,,no spectrum,,,,
202607081749,,no spectrum,,,,20.0
202607090217,,no spectrum,,,,20.0
202607090651,,no spectrum,,,,20.0
202607101433,,no spectrum,,,,20.0
202607110332,,no spectrum,,,,
202607111313,,no spectrum,,,,20.0
202607112002,,no spectrum,,,,20.0
202607120028,,no spectrum,,,,20.0
202607120717,,no spectrum,,,,20.0
202607121346,,no spectrum,,,,20.0
202607121523,,no spectrum,,,,20.0
202607121536,,no spectrum,,,,
202607122248,,no spectrum,,,,20.0
202607131733,,no spectrum,,,,20.0
202607131815,,no spectrum,,,,20.0
202607140949,,no spectrum,,,,20.0
202607141218,,no spectrum,,,,
202607150238,,no spectrum,,,,
202607150835,,no spectrum,,,,20.0
202607151803,,no spectrum,,,,20.0
202607152046,,no spectrum,,,,
202607162119,,no spectrum,,,,20.0
202607162340,,no spectrum,,,,
202607162351,,no spectrum,,,,20.0
202607180039,,no spectrum,,,,20.0
202607180356,,no spectrum,,,,20.0
202607182139,,no spectrum,,,,20.0
202607191825,,no spectrum,,,,
202607191848,,no spectrum,,,,
202607200739,,no spectrum,,,,20.0
202607200834,,no spectrum,,,,20.0
202607201209,,no spectrum,,,,
202607201220,,no spectrum,,,,20.0
202607201429,,no spectrum,,,,20.0
202607201516,,no spectrum,,,,20.0
202607201712,,no spectrum,,,,20.0
202607201908,,no spectrum,,,,20.0
202607202131,,no spectrum,,,,20.0
202607202215,AL1-20260720-2215,too few counts above 30 keV,,,,40.0
202607202317,,no spectrum,,,,20.0
202607210015,,no spectrum,,,,20.0
202607210038,,no spectrum,,,,20.0
202607210120,,no spectrum,,,,
202607210148,,no spectrum,,,,
202607210347,,no spectrum,,,,20.0
202607210935,,no spectrum,,,,20.0
202607211136,,no spectrum,,,,20.0
202607211403,,no spectrum,,,,20.0
202607211431,,no spectrum,,,,
202607211443,,no spectrum,,,,20.0
202607211605,,no spectrum,,,,20.0
202607211702,,no spectrum,,,,20.0
202607211716,,no spectrum,,,,20.0
202607211916,,no spectrum,,,,20.0
202607212027,,no spectrum,,,,20.0
202607212203,,no spectrum,,,,
202607212231,,no spectrum,,,,20.0
202607212251,,no spectrum,,,,20.0
202607220002,,no spectrum,,,,
202607220102,,no spectrum,,,,20.0
202607220314,,no spectrum,,,,20.0
202607220332,,no spectrum,,,,20.0
202607220627,AL1-20260722-0627,ok,3.544,0.036,,40.0
202607221209,,no spectrum,,,,20.0
202607221546,,no spectrum,,,,
202607221842,,no spectrum,,,,20.0
202607230249,,no spectrum,,,,20.0
202607230303,,no spectrum,,,,
202607230314,,no spectrum,,,,20.0
202607230324,,no spectrum,,,,
202607230638,,no spectrum,,,,20.0
202607230957,,no spectrum,,,,20.0
202607231645,,no spectrum,,,,
202607240005,,no spectrum,,,,
202607240358,,no spectrum,,,,
202607240414,,no spectrum,,,,
202607240639,,no spectrum,,,,
202607242052,,no spectrum,,,,20.0
202607242146,,no spectrum,,,,20.0
202607250130,,no spectrum,,,,20.0
202607250344,,no spectrum,,,,
202607250536,,no spectrum,,,,
202607252123,,no spectrum,,,,20.0
202607260300,,no spectrum,,,,
202607260314,,no spectrum,,,,20.0
202607260518,,no spectrum,,,,
202607260725,,no spectrum,,,,20.0
202607261005,,no spectrum,,,,20.0
202607261348,,no spectrum,,,,
202607261404,,no spectrum,,,,
202607261517,AL1-20260726-1519,ok,3.243,0.028,,60.0
202607270232,,no spectrum,,,,20.0
202607271336,,no spectrum,,,,
202607271713,,no spectrum,,,,20.0
202607271935,,no spectrum,,,,20.0
202607272233,,no spectrum,,,,
202607272251,,no spectrum,,,,20.0
202607280208,,no spectrum,,,,
202607280307,,no spectrum,,,,
202607281113,,no spectrum,,,,
202607281740,,no spectrum,,,,20.0
202607282336,,no spectrum,,,,
202607290019,,no spectrum,,,,
202607290431,,no spectrum,,,,
202607291610,,no spectrum,,,,20.0
202607291719,,no spectrum,,,,
202607300544,,no spectrum,,,,20.0
202607301553,,no spectrum,,,,20.0
202607310121,,no spectrum,,,,20.0
202607310231,,no spectrum,,,,
202607310305,,no spectrum,,,,20.0
202607310641,,no spectrum,,,,20.0
202607310825,,no spectrum,,,,20.0
202607311109,,no spectrum,,,,20.0
202607311136,,no spectrum,,,,20.0
202607311143,,no spectrum,,,,
202607311347,,no spectrum,,,,20.0
202607311803,,no spectrum,,,,20.0
202608010222,,no spectrum,,,,
202608011324,,no spectrum,,,,
202608012002,,no spectrum,,,,20.0
202608012020,,no spectrum,,,,
202608012229,,no spectrum,,,,20.0
202608020020,,no spectrum,,,,20.0
202608020155,,no spectrum,,,,
202608020519,,no spectrum,,,,20.0
202608031128,,no spectrum,,,,
202608041152,,no spectrum,,,,
202608041402,,no spectrum,,,,
202608041526,,no spectrum,,,,20.0
202608050556,,no spectrum,,,,20.0
202608061921,,no spectrum,,,,20.0
202608091525,,no spectrum,,,,20.0
202608091630,,no spectrum,,,,20.0
202608091743,,no spectrum,,,,
202608091801,,no spectrum,,,,20.0
202608092026,,no spectrum,,,,20.0
202608092046,,no spectrum,,,,
202608101212,,no spectrum,,,,20.0
202608101233,,no spectrum,,,,20.0
202608111800,,no spectrum,,,,20.0
202608111959,,no spectrum,,,,20.0
202608112255,,no spectrum,,,,20.0
202608120728,,no spectrum,,,,20.0
202608140638,,no spectrum,,,,20.0
202608140944,,no spectrum,,,,20.0
202608141133,,no spectrum,,,,
202608142145,,no spectrum,,,,20.0
202608150025,,no spectrum,,,,20.0
202608150809,,no spectrum,,,,20.0
202608150921,,no spectrum,,,,20.0
202608151330,,no spectrum,,,,20.0
202608151438,,no spectrum,,,,20.0
202608160228,,no spectrum,,,,
202608160242,,no spectrum,,,,
202608160313,,no spectrum,,,,
202608160437,,no spectrum,,,,
202608160608,,no spectrum,,,,
202608160631,,no spectrum,,,,
202608160820,,no spectrum,,,,
202608160956,,no spectrum,,,,
202608161232,,no spectrum,,,,
202608161443,,no spectrum,,,,
202608161458,,no spectrum,,,,
202608161902,,no spectrum,,,,
202608170213,,no spectrum,,,,20.0
202608170557,,no spectrum,,,,20.0
202608171009,,no spectrum,,,,
202608171027,,no spectrum,,,,
202608171051,,no spectrum,,,,
202608171618,,no spectrum,,,,
202608171705,,no spectrum,,,,
202608171742,,no spectrum,,,,
202608171928,,no spectrum,,,,
202608180549,,no spectrum,,,,
202608180640,,no spectrum,,,,20.0
202608180700,,no spectrum,,,,20.0
202608181951,,no spectrum,,,,20.0
202608182238,,no spectrum,,,,20.0
202608182328,,no spectrum,,,,20.0
202608190006,,no spectrum,,,,20.0
202608190227,,no spectrum,,,,20.0
202608190251,,no spectrum,,,,20.0
202608190330,,no spectrum,,,,20.0
202608190445,,no spectrum,,,,20.0
202608190631,,no spectrum,,,,20.0
202608190830,,no spectrum,,,,20.0
202608190901,,no spectrum,,,,
202608191101,,no spectrum,,,,20.0
202608191129,,no spectrum,,,,20.0
202608191228,,no spectrum,,,,
202608191327,,no spectrum,,,,20.0
202608191402,,no spectrum,,,,20.0
202608191509,,no spectrum,,,,20.0
202608191633,,no spectrum,,,,20.0
202608191712,,no spectrum,,,,20.0
202608191824,,no spectrum,,,,20.0
202608192151,,no spectrum,,,,
202608192346,,no spectrum,,,,20.0
202608200041,,no spectrum,,,,20.0
202608200100,,no spectrum,,,,
202608200336,,no spectrum,,,,
202608200359,,no spectrum,,,,20.0
202608200437,,no spectrum,,,,20.0
202608200627,,no spectrum,,,,
202608200730,,no spectrum,,,,20.0
202608201012,,no spectrum,,,,
202608201119,,no spectrum,,,,20.0
202608201132,AL1-20260820-1132,ok,5.06,0.098,,40.0
202608201551,,no spectrum,,,,20.0
202608201717,,no spectrum,,,,150.0
202608201745,,no spectrum,,,,20.0
202608201939,,no spectrum,,,,
202608202003,,no spectrum,,,,20.0
202608202058,,no spectrum,,,,20.0
202608202230,,no spectrum,,,,
202608202334,,no spectrum,,,,20.0
202608210013,,no spectrum,,,,20.0
202608210137,,no spectrum,,,,
202608210206,,no spectrum,,,,20.0
202608210347,,no spectrum,,,,20.0
202608210502,,no spectrum,,,,
202608210539,,no spectrum,,,,20.0
202608210626,,no spectrum,,,,20.0
202608210704,,no spectrum,,,,
202608210727,,no spectrum,,,,20.0
202608210909,,no spectrum,,,,20.0
202608211009,,no spectrum,,,,
202608211745,,no spectrum,,,,
202608211825,,no spectrum,,,,20.0
202608212045,,no spectrum,,,,20.0
202608221814,,no spectrum,,,,20.0
202608230423,,no spectrum,,,,
202608230457,,no spectrum,,,,
202608230624,,no spectrum,,,,20.0
202608231001,,no spectrum,,,,
202608231311,,no spectrum,,,,20.0
202608231334,,no spectrum,,,,20.0
202608231616,,no spectrum,,,,20.0
202608231928,,no spectrum,,,,
202608232147,,no spectrum,,,,20.0
202608240706,,no spectrum,,,,20.0
202608241809,,no spectrum,,,,
202608241851,,no spectrum,,,,20.0
202608250104,,no spectrum,,,,20.0
202608250335,,no spectrum,,,,20.0
202608250355,,no spectrum,,,,20.0
202608250548,,no spectrum,,,,
202608250630,,no spectrum,,,,20.0
202608250722,,no spectrum,,,,20.0
202608250932,AL1-20260825-0946,ok,4.041,0.046,,80.0
202608251238,,no spectrum,,,,60.0
202608260027,,no spectrum,,,,20.0
202608260629,AL1-20260826-0628,ok,3.18,0.028,,80.0
202608261140,,no spectrum,,,,
202608261206,,no spectrum,,,,20.0
202608261905,,no spectrum,,,,20.0
202608262129,,no spectrum,,,,20.0
202608270132,,no spectrum,,,,20.0
202608270341,,no spectrum,,,,
202608270548,,no spectrum,,,,20.0
202608270631,,no spectrum,,,,20.0
202608270703,,no spectrum,,,,20.0
202608280412,,no spectrum,,,,
202608291201,,no spectrum,,,,20.0
202608291315,,no spectrum,,,,20.0
202608300110,,no spectrum,,,,20.0
202608301642,,no spectrum,,,,20.0
202608310331,,no spectrum,,,,
202608311357,,no spectrum,,,,20.0
202608311417,,no spectrum,,,,
202608311429,,no spectrum,,,,
202608311509,,no spectrum,,,,20.0
202609012103,,no spectrum,,,,20.0
202609012240,,no spectrum,,,,
202609012317,,no spectrum,,,,20.0
202609021309,,no spectrum,,,,20.0
202609021532,,no spectrum,,,,20.0
202609021618,,no spectrum,,,,20.0
202609021857,AL1-20260902-1900,ok,3.18,0.064,,60.0
202609030935,,no spectrum,,,,20.0
202609031140,,no spectrum,,,,20.0
202609031152,,no spectrum,,,,20.0
202609031436,,no spectrum,,,,20.0
202609031614,,no spectrum,,,,20.0
202609031822,,no spectrum,,,,
202609031955,,no spectrum,,,,20.0
202609040608,,no spectrum,,,,20.0
202609040745,,no spectrum,,,,20.0
202609041111,,no spectrum,,,,20.0
202609041258,,no spectrum,,,,20.0
202609041513,,no spectrum,,,,20.0
202609041902,,no spectrum,,,,20.0
202609042102,,no spectrum,,,,
202609051024,,no spectrum,,,,20.0
202609051156,,no spectrum,,,,20.0
202609051504,,no spectrum,,,,20.0
202609051731,,no spectrum,,,,20.0
202609061030,,no spectrum,,,,20.0
202609061315,,no spectrum,,,,
202609071929,,no spectrum,,,,
202609081219,,no spectrum,,,,20.0
202609081735,,no spectrum,,,,20.0
202609082033,,no spectrum,,,,
202609082139,,no spectrum,,,,20.0
202609082217,,no spectrum,,,,20.0
202609082322,,no spectrum,,,,20.0
202609090553,,no spectrum,,,,20.0
202609091023,,no spectrum,,,,20.0
202609100025,,no spectrum,,,,20.0
202609101652,,no spectrum,,,,20.0
202609121709,,no spectrum,,,,20.0
202609191757,,no spectrum,,,,20.0
202609202225,,no spectrum,,,,20.0
202609210059,,no spectrum,,,,
202609210621,,no spectrum,,,,
