goes_flare_id,catalogue_id,n_catalogue_events,catalogue_origin,hel1os_detected,soft_alert_utc,hard_alert_utc,hard_peak_czt_20_40_utc,P1_hard_minus_soft_alert_min,P2_log10_czt_20_40_peak_cps,P2b_log10_cdte_5_20_peak_cps,hxr_rise_min
202603302040,AL1-20260330-2043,1,soft,False,2026-03-30 20:48:00,,,,,,
202603302358,AL1-20260331-0000,1,soft+hard,True,2026-03-31 00:05:00,2026-03-31 00:04:00,,-1.0,,1.130334,
202603310055,AL1-20260331-0056,1,soft,False,2026-03-31 01:02:00,,,,,,
202603311027,,0,,False,,,,,,,
202603312116,AL1-20260331-2118,1,soft,False,2026-03-31 21:23:00,,,,,,
202604010638,AL1-20260401-0644,1,soft+hard,True,2026-04-01 06:49:00,2026-04-01 06:48:00,,-1.0,,0.681241,
202604011049,AL1-20260401-1048,1,soft+hard,True,2026-04-01 10:55:00,2026-04-01 10:57:00,,2.0,,1.235528,
202604011337,AL1-20260401-1339,1,soft+hard,True,2026-04-01 13:44:00,2026-04-01 13:42:00,,-2.0,,2.284882,
202604011738,AL1-20260401-1737,1,soft,False,2026-04-01 17:42:00,,,,,,
202604011947,AL1-20260401-1948,1,soft+hard,True,2026-04-01 19:53:00,2026-04-01 19:54:00,,1.0,,2.606919,
202604012054,AL1-20260401-2051,1,soft,False,2026-04-01 21:00:00,,,,,,
202604012134,AL1-20260401-2135,1,soft+hard,True,2026-04-01 21:42:00,2026-04-01 21:40:00,,-2.0,,2.250908,
202604012241,,0,,False,,,,,,,
202604012308,AL1-20260401-2249,1,soft+hard,True,2026-04-01 22:54:00,2026-04-01 22:54:00,,0.0,,2.179839,
202604020707,AL1-20260402-0707,1,soft+hard,True,2026-04-02 07:13:00,2026-04-02 07:11:00,,-2.0,,0.959041,
202604020726,,0,,False,,,,,,,
202604021223,AL1-20260402-1224,1,hard,True,,2026-04-02 12:29:00,,,,1.741152,
202604021447,AL1-20260402-1445,1,soft+hard,True,2026-04-02 14:55:00,2026-04-02 14:52:00,,-3.0,,1.759668,
202604021658,AL1-20260402-1659,1,soft+hard,True,2026-04-02 17:05:00,2026-04-02 17:03:00,,-2.0,,1.419956,
202604021724,AL1-20260402-1736,1,soft+hard,True,2026-04-02 17:49:00,2026-04-02 18:06:00,,17.0,,3.109309,
202604022121,AL1-20260402-2122,1,hard,True,,2026-04-02 18:30:00,,,,1.025306,
202604022246,AL1-20260402-2244,1,soft+hard,True,2026-04-02 22:52:00,2026-04-02 22:53:00,,1.0,,1.83123,
202604022308,,0,,False,,,,,,,
202604022353,AL1-20260402-2353,1,soft+hard,True,2026-04-02 23:58:00,2026-04-02 23:56:00,,-2.0,,1.369216,
202604030049,AL1-20260403-0049,1,soft+hard,True,2026-04-03 00:54:00,2026-04-03 00:54:00,,0.0,,1.91169,
202604030059,AL1-20260403-0100,1,soft+hard,True,2026-04-03 01:05:00,2026-04-03 01:04:00,,-1.0,,2.431846,
202604030324,AL1-20260403-0324,1,soft+hard,True,2026-04-03 03:30:00,2026-04-03 03:30:00,,0.0,,1.859138,
202604030520,AL1-20260403-0534,1,soft,False,2026-04-03 05:41:00,,,,,,
202604030745,AL1-20260403-0744,1,soft+hard,True,2026-04-03 07:52:00,2026-04-03 07:55:00,,3.0,,2.793092,
202604031003,AL1-20260403-1004,1,soft+hard,True,2026-04-03 10:10:00,2026-04-03 10:10:00,,0.0,,2.557146,
202604031105,AL1-20260403-1105,1,soft+hard,True,2026-04-03 11:10:00,2026-04-03 11:09:00,,-1.0,,2.196176,
202604031153,AL1-20260403-1156,1,soft,False,2026-04-03 12:01:00,,,,,,
202604031219,AL1-20260403-1218,1,soft+hard,True,2026-04-03 12:23:00,2026-04-03 12:27:00,,4.0,,2.335257,
202604031246,AL1-20260403-1245,1,hard,True,,2026-04-03 12:50:00,,,,2.830396,
202604031604,AL1-20260403-1603,1,soft+hard,True,2026-04-03 16:08:00,2026-04-03 16:07:00,,-1.0,,2.101059,
202604031731,AL1-20260403-1732,1,soft,False,2026-04-03 17:37:00,,,,,,
202604031855,AL1-20260403-1855,1,soft+hard,True,2026-04-03 19:00:00,2026-04-03 19:00:00,,0.0,,1.451786,
202604031906,,0,,False,,,,,,,
202604031917,AL1-20260403-1905,1,soft+hard,True,2026-04-03 19:10:00,2026-04-03 19:21:00,,11.0,,2.356981,
202604032006,AL1-20260403-2008,1,soft,False,2026-04-03 20:13:00,,,,,,
202604032125,AL1-20260403-2115,1,soft+hard,True,2026-04-03 21:30:00,2026-04-03 21:32:00,,2.0,,1.890421,
202604032142,AL1-20260403-2152,1,soft+hard,True,2026-04-03 22:01:00,2026-04-03 21:47:00,,-14.0,,2.245019,
202604032336,AL1-20260403-2337,1,soft+hard,True,2026-04-03 23:42:00,2026-04-03 23:41:00,,-1.0,,1.889862,
202604040026,AL1-20260404-0027,1,soft+hard,True,2026-04-04 00:34:00,2026-04-04 00:37:00,,3.0,,1.996512,
202604040107,AL1-20260404-0108,1,soft+hard,True,2026-04-04 01:13:00,2026-04-04 01:14:00,2026-04-04 01:14:40,1.0,3.078348,3.757867,0.666667
202604040251,AL1-20260404-0254,1,soft,False,2026-04-04 02:59:00,,,,,,
202604040316,AL1-20260404-0314,1,soft+hard,True,2026-04-04 03:22:00,2026-04-04 03:23:00,,1.0,,1.895423,
202604040419,AL1-20260404-0413,1,soft+hard,True,2026-04-04 04:25:00,2026-04-04 04:25:00,,0.0,,1.880242,
202604040549,AL1-20260404-0548,1,soft+hard,True,2026-04-04 05:54:00,2026-04-04 05:54:00,,0.0,,1.053078,
202604040601,AL1-20260404-0601,1,soft+hard,True,2026-04-04 06:08:00,2026-04-04 06:11:00,,3.0,,2.117934,
202604040652,AL1-20260404-0651,1,soft+hard,True,2026-04-04 06:56:00,2026-04-04 06:56:00,,0.0,,1.932474,
202604040738,AL1-20260404-0738,1,soft+hard,True,2026-04-04 07:43:00,2026-04-04 07:44:00,,1.0,,2.177825,
202604041122,AL1-20260404-1124,1,soft+hard,True,2026-04-04 11:30:00,2026-04-04 11:30:00,,0.0,,1.501059,
202604041157,AL1-20260404-1158,1,soft+hard,True,2026-04-04 12:03:00,2026-04-04 12:04:00,,1.0,,2.729893,
202604041329,AL1-20260404-1328,1,soft+hard,True,2026-04-04 13:36:00,2026-04-04 13:34:00,,-2.0,,1.856124,
202604041500,AL1-20260404-1459,1,soft+hard,True,2026-04-04 15:07:00,2026-04-04 15:06:00,,-1.0,,1.448706,
202604041618,AL1-20260404-1618,1,soft+hard,True,2026-04-04 16:23:00,2026-04-04 16:22:00,,-1.0,,1.460898,
202604041702,AL1-20260404-1702,1,soft+hard,True,2026-04-04 17:09:00,2026-04-04 17:08:00,,-1.0,,2.143015,
202604041848,AL1-20260404-1847,1,soft,False,2026-04-04 18:55:00,,,,,,
202604041935,AL1-20260404-1933,1,soft+hard,True,2026-04-04 19:39:00,2026-04-04 19:40:00,,1.0,,2.542576,
202604042254,AL1-20260404-2254,1,soft+hard,True,2026-04-04 22:59:00,2026-04-04 22:59:00,,0.0,,2.709524,
202604050021,AL1-20260405-0016,1,soft+hard,True,2026-04-05 00:25:00,2026-04-05 00:26:00,,1.0,,1.506505,
202604050151,AL1-20260405-0151,1,soft+hard,True,2026-04-05 01:57:00,2026-04-05 01:57:00,,0.0,,2.022016,
202604050323,AL1-20260405-0323,1,soft+hard,True,2026-04-05 03:28:00,2026-04-05 03:29:00,,1.0,,1.260071,
202604050334,AL1-20260405-0333,1,soft,False,2026-04-05 03:40:00,,,,,,
202604050355,AL1-20260405-0356,1,soft+hard,True,2026-04-05 04:01:00,2026-04-05 03:58:00,,-3.0,,1.653213,
202604050420,AL1-20260405-0419,1,soft,False,2026-04-05 04:25:00,,,,,,
202604050501,AL1-20260405-0500,1,soft+hard,True,2026-04-05 05:05:00,2026-04-05 05:03:00,,-2.0,,1.252853,
202604050535,AL1-20260405-0535,1,soft+hard,True,2026-04-05 05:40:00,2026-04-05 05:39:00,,-1.0,,1.431364,
202604050559,AL1-20260405-0559,1,soft,False,2026-04-05 06:04:00,,,,,,
202604050641,AL1-20260405-0641,1,soft,False,2026-04-05 06:49:00,,,,,,
202604050821,AL1-20260405-0821,1,soft,False,2026-04-05 08:26:00,,,,,,
202604051052,AL1-20260405-1055,1,soft,False,2026-04-05 11:00:00,,,,,,
202604051257,AL1-20260405-1256,1,soft+hard,True,2026-04-05 13:01:00,2026-04-05 13:01:00,,0.0,,1.800029,
202604052339,AL1-20260405-2339,1,soft+hard,True,2026-04-05 23:44:00,2026-04-05 23:43:00,,-1.0,,2.151982,
202604060506,,0,,False,,,,,,,
202604071332,,0,,False,,,,,,,
202604071536,,0,,False,,,,,,,
202604071815,,0,,False,,,,,,,
202604072040,AL1-20260407-2047,1,soft,False,2026-04-07 20:52:00,,,,,,
202604072204,AL1-20260407-2204,1,soft,False,2026-04-07 22:09:00,,,,,,
202604072310,AL1-20260407-2311,1,soft,False,2026-04-07 23:16:00,,,,,,
202604080038,AL1-20260408-0038,1,soft,False,2026-04-08 00:44:00,,,,,,
202604080457,AL1-20260408-0457,1,soft,False,2026-04-08 05:02:00,,,,,,
202604081222,,0,,False,,,,,,,
202604081531,,0,,False,,,,,,,
202604082338,AL1-20260408-2337,1,soft+hard,True,2026-04-08 23:43:00,2026-04-08 23:50:00,,7.0,,1.39794,
202604090057,AL1-20260409-0100,1,soft+hard,True,2026-04-09 01:05:00,2026-04-09 01:04:00,,-1.0,,1.858537,
202604090521,AL1-20260409-0520,1,soft+hard,True,2026-04-09 05:25:00,2026-04-09 05:28:00,,3.0,,1.957607,
202604090628,AL1-20260409-0613,1,soft+hard,True,2026-04-09 06:20:00,2026-04-09 06:19:00,,-1.0,,1.428135,
202604090807,AL1-20260409-0808,1,soft+hard,True,2026-04-09 08:13:00,2026-04-09 08:12:00,,-1.0,,1.956168,
202604111007,AL1-20260411-1010,1,soft+hard,True,2026-04-11 10:16:00,2026-04-11 10:16:00,,0.0,,1.453318,
202604112315,AL1-20260411-2318,1,soft+hard,True,2026-04-11 23:23:00,2026-04-11 23:24:00,,1.0,,2.08849,
202604120047,AL1-20260412-0050,1,soft,False,2026-04-12 00:55:00,,,,,,
202604120217,AL1-20260412-0216,1,soft,False,2026-04-12 02:21:00,,,,,,
202604120309,AL1-20260412-0314,1,soft+hard,True,2026-04-12 03:19:00,2026-04-12 03:17:00,,-2.0,,1.426511,
202604120455,AL1-20260412-0457,1,soft,False,2026-04-12 05:02:00,,,,,,
202604120731,AL1-20260412-0732,1,soft+hard,True,2026-04-12 07:37:00,2026-04-12 07:36:00,,-1.0,,2.05423,
202604120829,AL1-20260412-0833,1,soft+hard,True,2026-04-12 08:38:00,2026-04-12 08:37:00,,-1.0,,1.889302,
202604131120,AL1-20260413-1130,1,soft,False,2026-04-13 11:37:00,,,,,,
202604160039,,0,,False,,,,,,,
202604161216,,0,,False,,,,,,,
202604161300,,0,,False,,,,,,,
202604162115,,0,,False,,,,,,,
202604170427,AL1-20260417-0430,2,hard,True,,2026-04-17 04:35:00,,,,0.748188,
202604180640,AL1-20260418-0639,1,soft+hard,True,2026-04-18 06:46:00,2026-04-18 06:46:00,,0.0,,1.770115,
202604200833,AL1-20260420-0834,1,soft,False,2026-04-20 08:41:00,,,,,,
202604201457,AL1-20260420-1458,1,soft+hard,True,2026-04-20 15:03:00,2026-04-20 15:03:00,,0.0,,1.625312,
202604210103,AL1-20260421-0102,1,soft+hard,True,2026-04-21 01:09:00,2026-04-21 01:09:00,,0.0,,1.472756,
202604210553,AL1-20260421-0558,1,soft+hard,True,2026-04-21 06:03:00,2026-04-21 06:01:00,,-2.0,,2.228144,
202604210647,AL1-20260421-0647,1,soft+hard,True,2026-04-21 06:52:00,2026-04-21 06:52:00,,0.0,,1.518514,
202604210700,,0,,False,,,,,,,
202604210942,AL1-20260421-0943,1,soft,False,2026-04-21 09:48:00,,,,,,
202604211126,AL1-20260421-1124,1,soft+hard,True,2026-04-21 11:29:00,2026-04-21 11:28:00,,-1.0,,2.072617,
202604211145,AL1-20260421-1145,1,soft+hard,True,2026-04-21 11:50:00,2026-04-21 11:49:00,,-1.0,,2.238046,
202604211341,AL1-20260421-1343,1,soft+hard,True,2026-04-21 13:49:00,2026-04-21 13:49:00,,0.0,,0.924279,
202604211415,AL1-20260421-1416,1,soft,False,2026-04-21 14:21:00,,,,,,
202604211629,AL1-20260421-1628,1,soft+hard,True,2026-04-21 16:35:00,2026-04-21 16:37:00,,2.0,,1.290035,
202604211817,AL1-20260421-1825,1,soft,False,2026-04-21 18:30:00,,,,,,
202604212120,AL1-20260421-2119,1,soft+hard,True,2026-04-21 21:24:00,2026-04-21 21:25:00,,1.0,,1.664642,
202604212313,AL1-20260421-2314,1,soft,False,2026-04-21 23:19:00,,,,,,
202604220132,AL1-20260422-0132,1,soft,False,2026-04-22 01:39:00,,,,,,
202604220422,AL1-20260422-0419,1,soft+hard,True,2026-04-22 04:28:00,2026-04-22 04:28:00,,0.0,,1.409933,
202604220610,AL1-20260422-0610,1,soft,False,2026-04-22 06:17:00,,,,,,
202604220949,AL1-20260422-0954,1,soft+hard,True,2026-04-22 09:59:00,2026-04-22 09:57:00,,-2.0,,1.546543,
202604221635,,0,,False,,,,,,,
202604221701,,0,,False,,,,,,,
202604221905,,0,,False,,,,,,,
202604222302,,0,,False,,,,,,,
202604230102,AL1-20260423-0106,1,hard,True,,2026-04-23 01:11:00,,,,2.032216,
202604230216,AL1-20260423-0214,1,hard,True,,2026-04-23 02:19:00,,,,1.608526,
202604230424,AL1-20260423-0423,1,hard,True,,2026-04-23 04:31:00,2026-04-23 04:32:20,,2.972897,2.84398,1.333333
202604230450,,0,,False,,,,,,,
202604230748,AL1-20260423-0747,1,hard,True,,2026-04-23 07:52:00,,,,2.067815,
202604230806,AL1-20260423-0806,1,hard,True,,2026-04-23 08:11:00,,,,1.965672,
202604230840,AL1-20260423-0839,1,hard,True,,2026-04-23 08:44:00,2026-04-23 08:45:00,,3.123917,3.486317,1.0
202604230947,,0,,False,,,,,,,
202604231151,,0,,False,,,,,,,
202604231226,,0,,False,,,,,,,
202604231259,AL1-20260423-1256,1,hard,True,,2026-04-23 13:02:00,,,,1.786751,
202604231342,AL1-20260423-1345,2,hard,True,,2026-04-23 13:50:00,,,,2.368845,
202604231514,AL1-20260423-1515,1,hard,True,,2026-04-23 15:20:00,,,,1.173186,
202604231542,AL1-20260423-1546,2,hard,True,,2026-04-23 14:15:20,,,,1.535294,
202604231700,AL1-20260423-1657,1,hard,True,,2026-04-23 16:29:40,2026-04-23 17:04:20,,3.245636,3.542078,34.666667
202604231959,AL1-20260423-1959,1,hard,True,,2026-04-23 20:04:00,,,,2.477121,
202604232304,AL1-20260423-2301,2,hard,True,,2026-04-23 23:07:00,,,,1.09691,
202604240051,AL1-20260424-0053,1,soft+hard,True,2026-04-24 00:58:00,2026-04-24 01:02:20,2026-04-24 01:05:40,4.333333,4.098294,4.52485,3.333333
202604240357,AL1-20260424-0357,1,soft,False,2026-04-24 04:02:00,,,,,,
202604240522,AL1-20260424-0525,1,soft+hard,True,2026-04-24 05:30:00,2026-04-24 05:29:00,,-1.0,,1.71265,
202604240707,AL1-20260424-0706,1,soft+hard,True,2026-04-24 07:11:00,2026-04-24 07:10:00,,-1.0,,2.227372,
202604240801,AL1-20260424-0801,1,soft+hard,True,2026-04-24 08:08:00,2026-04-24 08:10:00,2026-04-24 08:13:00,2.0,4.127383,4.470894,3.0
202604240857,AL1-20260424-0853,1,soft+hard,True,2026-04-24 09:05:00,2026-04-24 09:07:00,,2.0,,2.801747,
202604241050,AL1-20260424-1053,1,soft+hard,True,2026-04-24 10:58:00,2026-04-24 10:57:00,,-1.0,,2.0141,
202604241216,AL1-20260424-1216,1,soft+hard,True,2026-04-24 12:21:00,2026-04-24 12:20:00,,-1.0,,1.859739,
202604241234,AL1-20260424-1248,1,soft+hard,True,2026-04-24 12:53:00,2026-04-24 12:53:00,,0.0,,2.572639,
202604241433,AL1-20260424-1433,1,soft+hard,True,2026-04-24 14:38:00,2026-04-24 14:37:00,,-1.0,,2.102777,
202604241555,AL1-20260424-1555,1,soft+hard,True,2026-04-24 16:01:00,2026-04-24 16:00:00,,-1.0,,2.138934,
202604241640,AL1-20260424-1631,1,soft+hard,True,2026-04-24 16:43:00,2026-04-24 16:43:00,,0.0,,2.177536,
202604241704,AL1-20260424-1704,1,soft+hard,True,2026-04-24 17:10:00,2026-04-24 17:09:00,,-1.0,,2.439491,
202604241754,AL1-20260424-1754,1,soft+hard,True,2026-04-24 18:01:00,2026-04-24 18:03:00,2026-04-24 18:06:40,2.0,2.738384,3.576249,3.666667
202604250117,AL1-20260425-0117,1,soft,False,2026-04-25 01:24:00,,,,,,
202604250703,AL1-20260425-0702,1,soft+hard,True,2026-04-25 07:08:00,2026-04-25 07:07:00,,-1.0,,1.567026,
202604250740,AL1-20260425-0741,1,soft+hard,True,2026-04-25 07:46:00,2026-04-25 07:46:00,,0.0,,1.904716,
202604250756,AL1-20260425-0755,1,soft+hard,True,2026-04-25 08:00:00,2026-04-25 08:00:00,,0.0,,2.73183,
202604250930,,0,,False,,,,,,,
202604250947,AL1-20260425-0950,1,soft,False,2026-04-25 09:55:00,,,,,,
202604251225,AL1-20260425-1224,1,soft,False,2026-04-25 12:31:00,,,,,,
202604251308,AL1-20260425-1311,1,soft+hard,True,2026-04-25 13:16:00,2026-04-25 13:16:00,,0.0,,2.011993,
202604251422,AL1-20260425-1424,1,soft+hard,True,2026-04-25 14:30:00,2026-04-25 14:31:00,,1.0,,2.609701,
202604251553,AL1-20260425-1556,1,soft+hard,True,2026-04-25 16:01:00,2026-04-25 16:01:00,,0.0,,1.80956,
202604251926,AL1-20260425-1927,1,soft+hard,True,2026-04-25 19:34:00,2026-04-25 19:37:00,,3.0,,2.418135,
202604252124,,0,,False,,,,,,,
202604252342,AL1-20260425-2342,1,soft+hard,True,2026-04-25 23:48:00,2026-04-25 23:48:00,,0.0,,1.513218,
202604260008,AL1-20260426-0013,1,soft+hard,True,2026-04-26 00:18:00,2026-04-26 00:17:00,2026-04-26 00:21:00,-1.0,2.581608,2.648848,4.0
202604260519,AL1-20260426-0521,1,soft,False,2026-04-26 05:26:00,,,,,,
202604260708,AL1-20260426-0710,1,soft+hard,True,2026-04-26 07:16:00,2026-04-26 07:17:00,,1.0,,2.314499,
202604261103,AL1-20260426-1105,1,soft+hard,True,2026-04-26 11:11:00,2026-04-26 11:12:00,,1.0,,2.231724,
202604261132,AL1-20260426-1130,1,soft+hard,True,2026-04-26 11:36:00,2026-04-26 11:37:00,,1.0,,2.208441,
202604261218,,0,,False,,,,,,,
202604261231,AL1-20260426-1230,1,hard,True,,2026-04-26 12:35:00,,,,1.838219,
202604261354,AL1-20260426-1354,1,soft+hard,True,2026-04-26 13:59:00,2026-04-26 13:59:00,,0.0,,2.766636,
202604261418,AL1-20260426-1417,1,soft+hard,True,2026-04-26 14:22:00,2026-04-26 14:14:00,,-8.0,,2.553155,
202604261504,AL1-20260426-1505,1,soft+hard,True,2026-04-26 15:11:00,2026-04-26 15:22:00,,11.0,,1.673942,
202604261518,,0,,False,,,,,,,
202604261549,AL1-20260426-1553,1,soft+hard,True,2026-04-26 15:59:00,2026-04-26 16:01:00,,2.0,,2.059563,
202604261607,,0,,False,,,,,,,
202604261734,AL1-20260426-1734,1,soft+hard,True,2026-04-26 17:39:00,2026-04-26 17:38:00,,-1.0,,2.376212,
202604261757,AL1-20260426-1757,1,soft+hard,True,2026-04-26 18:02:00,2026-04-26 18:02:00,,0.0,,2.614686,
202604261900,AL1-20260426-1859,1,soft+hard,True,2026-04-26 19:08:00,2026-04-26 19:05:00,,-3.0,,2.125806,
202604261918,AL1-20260426-1918,1,soft+hard,True,2026-04-26 19:23:00,2026-04-26 19:23:00,,0.0,,2.494155,
202604261954,AL1-20260426-1955,1,soft+hard,True,2026-04-26 20:01:00,2026-04-26 19:34:20,,-26.666667,,2.897132,
202604262130,AL1-20260426-2129,1,soft+hard,True,2026-04-26 21:36:00,2026-04-26 21:34:00,,-2.0,,2.126131,
202604262139,AL1-20260426-2139,1,soft+hard,True,2026-04-26 21:46:00,2026-04-26 21:44:00,,-2.0,,2.509203,
202604262243,AL1-20260426-2243,1,soft+hard,True,2026-04-26 22:48:00,2026-04-26 22:48:00,,0.0,,2.113275,
202604262251,AL1-20260426-2253,1,soft+hard,True,2026-04-26 22:58:00,2026-04-26 22:56:20,2026-04-26 22:56:20,-1.666667,3.449031,,0.0
202604270058,,0,,False,,,,,,,
202604270107,AL1-20260427-0059,1,soft+hard,True,2026-04-27 01:05:00,2026-04-26 23:14:00,,-111.0,,1.835056,
202604270128,AL1-20260427-0131,1,soft+hard,True,2026-04-27 01:36:00,2026-04-27 01:33:00,,-3.0,,2.162564,
202604270153,AL1-20260427-0152,1,soft+hard,True,2026-04-27 01:59:00,2026-04-27 02:01:00,,2.0,,2.377306,
202604270209,,0,,False,,,,,,,
202604270330,AL1-20260427-0332,1,soft+hard,True,2026-04-27 03:37:00,2026-04-27 03:37:00,,0.0,,2.21272,
202604270405,AL1-20260427-0405,1,soft+hard,True,2026-04-27 04:12:00,2026-04-27 04:09:00,,-3.0,,1.924796,
202604270537,AL1-20260427-0538,1,soft,False,2026-04-27 05:43:00,,,,,,
202604270602,,0,,False,,,,,,,
202604270639,AL1-20260427-0640,1,soft+hard,True,2026-04-27 06:45:00,2026-04-27 06:44:00,2026-04-27 06:44:00,-1.0,2.542078,2.714665,0.0
202604270738,AL1-20260427-0738,1,soft+hard,True,2026-04-27 07:43:00,2026-04-27 07:42:00,,-1.0,,2.332842,
202604271000,,0,,False,,,,,,,
202604271837,AL1-20260427-1840,1,soft,False,2026-04-27 18:45:00,,,,,,
202604272140,AL1-20260427-2140,1,soft,False,2026-04-27 21:45:00,,,,,,
202604272245,AL1-20260427-2247,1,soft,False,2026-04-27 22:53:00,,,,,,
202604272306,AL1-20260427-2307,1,soft+hard,True,2026-04-27 23:12:00,2026-04-27 23:11:00,,-1.0,,2.29048,
202604280054,AL1-20260428-0054,1,soft+hard,True,2026-04-28 01:00:00,2026-04-28 01:00:00,,0.0,,1.828015,
202604280122,AL1-20260428-0120,1,soft+hard,True,2026-04-28 01:27:00,2026-04-28 01:27:00,,0.0,,1.868056,
202604280458,AL1-20260428-0501,1,soft+hard,True,2026-04-28 05:06:00,2026-04-28 05:04:00,,-2.0,,1.757396,
202604280809,AL1-20260428-0808,1,soft+hard,True,2026-04-28 08:14:00,2026-04-28 08:13:00,,-1.0,,2.429268,
202604280913,AL1-20260428-0918,1,soft+hard,True,2026-04-28 09:23:00,2026-04-28 09:22:00,,-1.0,,2.699838,
202604280928,AL1-20260428-0928,1,soft+hard,True,2026-04-28 09:33:00,2026-04-28 09:31:00,,-2.0,,2.304921,
202604281112,AL1-20260428-1112,1,soft+hard,True,2026-04-28 11:18:00,2026-04-28 11:17:00,,-1.0,,2.167613,
202604281141,AL1-20260428-1141,1,soft+hard,True,2026-04-28 11:46:00,2026-04-28 11:44:00,,-2.0,,2.579097,
202604281200,AL1-20260428-1200,1,soft+hard,True,2026-04-28 12:06:00,2026-04-28 12:14:00,,8.0,,2.575188,
202604281217,AL1-20260428-1217,1,soft,False,2026-04-28 12:22:00,,,,,,
202604281349,AL1-20260428-1349,1,soft+hard,True,2026-04-28 13:54:00,2026-04-28 13:52:00,,-2.0,,2.880242,
202604281403,AL1-20260428-1403,1,soft+hard,True,2026-04-28 14:08:00,2026-04-28 14:07:00,,-1.0,,2.657152,
202604281430,,0,,False,,,,,,,
202604281549,AL1-20260428-1549,1,soft+hard,True,2026-04-28 15:54:00,2026-04-28 15:53:00,,-1.0,,2.506911,
202604281601,,0,,False,,,,,,,
202604281810,AL1-20260428-1817,1,soft,False,2026-04-28 18:22:00,,,,,,
202604281843,AL1-20260428-1843,1,soft+hard,True,2026-04-28 18:48:00,2026-04-28 18:48:00,,0.0,,2.419791,
202604281949,AL1-20260428-1948,1,soft+hard,True,2026-04-28 19:53:00,2026-04-28 19:53:00,,0.0,,1.93902,
202604282202,,0,,False,,,,,,,
202604282239,,0,,False,,,,,,,
202604290000,,0,,False,,,,,,,
202604290037,,0,,False,,,,,,,
202604290100,AL1-20260429-0100,1,hard,True,,2026-04-29 01:05:00,,,,1.745855,
202604290344,AL1-20260429-0346,1,hard,True,,2026-04-29 03:51:00,,,,2.098644,
202604290439,AL1-20260429-0437,1,hard,True,,2026-04-29 04:42:00,,,,2.528016,
202604290605,AL1-20260429-0607,1,hard,True,,2026-04-29 06:12:00,,,,1.853698,
202604290645,AL1-20260429-0643,1,hard,True,,2026-04-29 06:49:00,,,,1.276462,
202604290659,,0,,False,,,,,,,
202604290720,AL1-20260429-0720,1,hard,True,,2026-04-29 07:25:00,,,,1.96895,
202604291118,AL1-20260429-1129,1,hard,True,,2026-04-29 11:34:00,,,,1.541579,
202604291155,AL1-20260429-1155,1,hard,True,,2026-04-29 12:00:00,,,,1.71265,
202604291403,AL1-20260429-1403,1,hard,True,,2026-04-29 14:08:00,,,,1.193125,
202604291505,,0,,False,,,,,,,
202604291544,AL1-20260429-1543,1,hard,True,,2026-04-29 15:48:00,,,,0.934498,
202604291608,AL1-20260429-1607,1,hard,True,,2026-04-29 16:12:00,,,,1.517196,
202604291930,AL1-20260429-1929,1,hard,True,,2026-04-29 19:34:00,,,,2.05423,
202604300016,AL1-20260430-0016,1,soft+hard,True,2026-04-30 00:21:00,2026-04-30 00:20:00,,-1.0,,1.477121,
202604300024,AL1-20260430-0024,1,soft+hard,True,2026-04-30 00:29:00,2026-04-30 00:29:00,,0.0,,2.48643,
202604300133,AL1-20260430-0142,1,soft,False,2026-04-30 01:52:00,,,,,,
202604300208,,0,,False,,,,,,,
202604300846,,0,,False,,,,,,,
202604300911,,0,,False,,,,,,,
202604300935,AL1-20260430-0844,1,soft+hard,True,2026-04-30 08:53:00,2026-04-30 08:45:00,,-8.0,,0.716003,
202604302245,AL1-20260430-2245,1,soft+hard,True,2026-04-30 22:50:00,2026-04-30 22:49:00,,-1.0,,1.889302,
202605010246,AL1-20260501-0248,1,soft+hard,True,2026-05-01 02:53:00,2026-05-01 02:50:00,,-3.0,,1.198657,
202605010412,AL1-20260501-0415,1,soft,False,2026-05-01 04:20:00,,,,,,
202605010654,AL1-20260501-0654,1,hard,True,,2026-05-01 06:59:00,,,,1.103804,
202605010847,AL1-20260501-0846,1,hard,True,,2026-05-01 08:51:00,,,,1.676694,
202605010929,AL1-20260501-0929,1,soft+hard,True,2026-05-01 09:34:00,2026-05-01 09:33:00,,-1.0,,1.645422,
202605011410,AL1-20260501-1408,1,soft,False,2026-05-01 14:14:00,,,,,,
202605011524,AL1-20260501-1525,1,soft+hard,True,2026-05-01 15:30:00,2026-05-01 15:30:00,,0.0,,2.568084,
202605012310,AL1-20260501-2310,1,soft,False,2026-05-01 23:15:00,,,,,,
202605012321,AL1-20260501-2321,1,soft,False,2026-05-01 23:27:00,,,,,,
202605020230,AL1-20260502-0231,1,soft+hard,True,2026-05-02 02:38:00,2026-05-02 02:35:00,,-3.0,,1.765669,
202605020537,AL1-20260502-0537,1,soft+hard,True,2026-05-02 05:45:00,2026-05-02 05:43:00,,-2.0,,1.995196,
202605020616,AL1-20260502-0615,1,soft+hard,True,2026-05-02 06:23:00,2026-05-02 06:21:00,,-2.0,,1.747412,
202605020756,AL1-20260502-0756,1,soft+hard,True,2026-05-02 08:03:00,2026-05-02 08:04:00,,1.0,,1.649335,
202605020922,AL1-20260502-0921,1,soft+hard,True,2026-05-02 09:26:00,2026-05-02 09:26:00,,0.0,,1.90309,
202605021020,AL1-20260502-1019,1,soft+hard,True,2026-05-02 10:25:00,2026-05-02 10:24:00,,-1.0,,1.684845,
202605021044,AL1-20260502-1046,1,soft+hard,True,2026-05-02 10:51:00,2026-05-02 10:51:00,,0.0,,1.418301,
202605021144,,0,,False,,,,,,,
202605021155,,0,,False,,,,,,,
202605021205,AL1-20260502-1144,1,soft+hard,True,2026-05-02 11:49:00,2026-05-02 11:47:00,,-2.0,,1.941014,
202605021356,AL1-20260502-1357,1,soft+hard,True,2026-05-02 14:02:00,2026-05-02 14:01:00,,-1.0,,1.782473,
202605021511,AL1-20260502-1512,1,soft+hard,True,2026-05-02 15:19:00,2026-05-02 15:18:00,,-1.0,,1.991669,
202605021531,AL1-20260502-1530,1,soft+hard,True,2026-05-02 15:35:00,2026-05-02 15:35:00,,0.0,,2.143951,
202605021830,AL1-20260502-1834,1,soft+hard,True,2026-05-02 18:39:00,2026-05-02 18:38:00,,-1.0,,2.476252,
202605022017,AL1-20260502-2021,1,soft+hard,True,2026-05-02 20:26:00,2026-05-02 20:24:00,,-2.0,,1.439333,
202605030220,AL1-20260503-0221,1,soft+hard,True,2026-05-03 02:26:00,2026-05-03 02:24:00,,-2.0,,1.70927,
202605030333,AL1-20260503-0335,1,soft+hard,True,2026-05-03 03:40:00,2026-05-03 03:38:00,,-2.0,,1.877947,
202605030656,AL1-20260503-0655,1,soft+hard,True,2026-05-03 07:01:00,2026-05-03 07:01:00,,0.0,,1.984077,
202605040113,AL1-20260504-0114,1,soft+hard,True,2026-05-04 01:20:00,2026-05-04 01:32:00,,12.0,,2.916401,
202605041039,AL1-20260504-1039,1,soft+hard,True,2026-05-04 10:45:00,2026-05-04 10:42:00,,-3.0,,0.845098,
202605041133,AL1-20260504-1133,1,soft,False,2026-05-04 11:40:00,,,,,,
202605050419,AL1-20260505-0419,1,soft+hard,True,2026-05-05 04:24:00,2026-05-05 04:23:00,,-1.0,,0.880814,
202605050504,AL1-20260505-0505,1,soft,False,2026-05-05 05:11:00,,,,,,
202605050521,AL1-20260505-0521,1,soft+hard,True,2026-05-05 05:26:00,2026-05-05 05:25:00,,-1.0,,2.582972,
202605050537,,0,,False,,,,,,,
202605050830,AL1-20260505-0832,1,soft+hard,True,2026-05-05 08:37:00,2026-05-05 08:34:00,,-3.0,,1.053078,
202605051409,,0,,False,,,,,,,
202605051459,AL1-20260505-1501,1,soft,False,2026-05-05 15:09:00,,,,,,
202605060433,AL1-20260506-0434,1,soft+hard,True,2026-05-06 04:40:00,2026-05-06 04:39:00,,-1.0,,1.303196,
202605061719,AL1-20260506-1719,1,soft+hard,True,2026-05-06 17:24:00,2026-05-06 17:23:00,,-1.0,,1.515874,
202605070128,AL1-20260507-0119,1,soft+hard,True,2026-05-07 01:29:00,2026-05-07 01:31:00,,2.0,,2.362294,
202605071035,AL1-20260507-1039,1,soft+hard,True,2026-05-07 10:44:00,2026-05-07 10:44:00,,0.0,,2.021603,
202605071253,AL1-20260507-1254,1,soft,False,2026-05-07 12:59:00,,,,,,
202605071420,AL1-20260507-1406,1,soft+hard,True,2026-05-07 14:16:00,2026-05-07 14:30:00,,14.0,,2.522183,
202605071745,AL1-20260507-1743,1,soft+hard,True,2026-05-07 17:50:00,2026-05-07 17:49:00,,-1.0,,2.31576,
202605080149,,0,,False,,,,,,,
202605080358,,0,,False,,,,,,,
202605081113,AL1-20260508-1114,1,hard,True,,2026-05-08 11:19:00,,,,1.454845,
202605081541,AL1-20260508-1538,1,soft+hard,True,2026-05-08 15:46:00,2026-05-08 15:46:00,,0.0,,2.245266,
202605081756,AL1-20260508-1757,1,soft,False,2026-05-08 18:02:00,,,,,,
202605081820,AL1-20260508-1820,1,soft,False,2026-05-08 18:25:00,,,,,,
202605081901,AL1-20260508-1900,1,soft+hard,True,2026-05-08 19:06:00,2026-05-08 19:08:00,,2.0,,1.87564,
202605081916,AL1-20260508-1915,1,hard,True,,2026-05-08 19:21:00,,,,1.232996,
202605082005,AL1-20260508-2004,1,soft+hard,True,2026-05-08 20:11:00,2026-05-08 20:16:00,,5.0,,1.948413,
202605082200,AL1-20260508-2201,1,soft,False,2026-05-08 22:07:00,,,,,,
202605082319,AL1-20260508-2319,1,soft+hard,True,2026-05-08 23:24:00,2026-05-08 23:23:00,,-1.0,,2.09691,
202605090011,AL1-20260509-0014,1,soft,False,2026-05-09 00:19:00,,,,,,
202605090218,AL1-20260509-0218,1,soft+hard,True,2026-05-09 02:23:00,2026-05-09 02:23:00,,0.0,,1.748188,
202605090321,AL1-20260509-0319,1,soft+hard,True,2026-05-09 03:28:00,2026-05-09 03:30:00,,2.0,,1.97359,
202605090514,AL1-20260509-0516,1,soft,False,2026-05-09 05:22:00,,,,,,
202605090622,AL1-20260509-0621,1,soft+hard,True,2026-05-09 06:26:00,2026-05-09 06:26:00,,0.0,,1.558709,
202605090753,AL1-20260509-0749,1,soft+hard,True,2026-05-09 07:58:00,2026-05-09 08:01:00,,3.0,,1.790988,
202605090919,AL1-20260509-0919,1,soft,False,2026-05-09 09:24:00,,,,,,
202605091315,AL1-20260509-1315,1,soft,False,2026-05-09 13:20:00,,,,,,
202605091359,AL1-20260509-1359,1,soft+hard,True,2026-05-09 14:09:00,2026-05-09 14:04:00,,-5.0,,1.334454,
202605091422,,0,,False,,,,,,,
202605091516,AL1-20260509-1512,1,soft,False,2026-05-09 15:22:00,,,,,,
202605091620,AL1-20260509-1620,1,soft,False,2026-05-09 16:26:00,,,,,,
202605091848,AL1-20260509-1848,1,soft+hard,True,2026-05-09 18:55:00,2026-05-09 18:54:00,,-1.0,,1.075547,
202605091912,,0,,False,,,,,,,
202605092021,AL1-20260509-2023,1,soft+hard,True,2026-05-09 20:29:00,2026-05-09 20:27:00,,-2.0,,1.113943,
202605092137,,0,,False,,,,,,,
202605092157,AL1-20260509-2130,1,soft,False,2026-05-09 21:39:00,,,,,,
202605100227,AL1-20260510-0228,1,soft+hard,True,2026-05-10 02:33:00,2026-05-10 02:32:00,,-1.0,,1.365488,
202605100236,AL1-20260510-0236,1,soft,False,2026-05-10 02:41:00,,,,,,
202605100356,AL1-20260510-0357,1,soft+hard,True,2026-05-10 04:03:00,2026-05-10 04:01:00,,-2.0,,1.181844,
202605100459,AL1-20260510-0459,1,soft+hard,True,2026-05-10 05:04:00,2026-05-10 05:05:00,,1.0,,1.781755,
202605100632,AL1-20260510-0635,1,soft+hard,True,2026-05-10 06:40:00,2026-05-10 06:39:00,,-1.0,,1.783189,
202605100728,AL1-20260510-0728,1,soft,False,2026-05-10 07:33:00,,,,,,
202605100915,AL1-20260510-0914,1,soft+hard,True,2026-05-10 09:21:00,2026-05-10 09:25:00,,4.0,,1.937518,
202605100932,AL1-20260510-0932,1,soft+hard,True,2026-05-10 09:37:00,2026-05-10 09:37:00,,0.0,,2.255996,
202605101036,AL1-20260510-1036,1,soft,False,2026-05-10 10:42:00,,,,,,
202605101319,AL1-20260510-1321,1,soft+hard,True,2026-05-10 13:27:00,2026-05-10 13:26:00,2026-05-10 13:34:40,-1.0,3.223833,3.35526,8.666667
202605101927,AL1-20260510-1928,1,soft,False,2026-05-10 19:35:00,,,,,,
202605102058,AL1-20260510-2059,1,soft+hard,True,2026-05-10 21:05:00,2026-05-10 21:06:00,,1.0,,1.123852,
202605102311,AL1-20260510-2313,1,soft,False,2026-05-10 23:18:00,,,,,,
202605110045,AL1-20260511-0047,1,hard,True,,2026-05-11 00:52:00,,,,0.963788,
202605110821,AL1-20260511-0823,1,soft+hard,True,2026-05-11 08:29:00,2026-05-11 08:30:00,,1.0,,1.708421,
202605111149,AL1-20260511-1142,1,soft,False,2026-05-11 11:53:00,,,,,,
202605111405,AL1-20260511-1403,1,soft,False,2026-05-11 14:12:00,,,,,,
202605120048,AL1-20260512-0048,1,soft+hard,True,2026-05-12 00:55:00,2026-05-12 00:54:00,,-1.0,,1.570543,
202605120644,,0,,False,,,,,,,
202605120926,AL1-20260512-0926,1,soft,False,2026-05-12 09:33:00,,,,,,
202605121019,,0,,False,,,,,,,
202605121038,AL1-20260512-1017,1,soft+hard,True,2026-05-12 10:23:00,2026-05-12 10:49:00,,26.0,,1.298853,
202605121240,AL1-20260512-1240,1,soft+hard,True,2026-05-12 12:48:00,2026-05-12 12:46:00,,-2.0,,1.681241,
202605121711,AL1-20260512-1711,1,soft+hard,True,2026-05-12 17:17:00,2026-05-12 17:17:00,,0.0,,1.600973,
202605122142,AL1-20260512-2142,1,soft,False,2026-05-12 21:49:00,,,,,,
202605122211,AL1-20260512-2212,1,soft,False,2026-05-12 22:18:00,,,,,,
202605130143,AL1-20260513-0144,1,soft+hard,True,2026-05-13 01:49:00,2026-05-13 01:50:00,,1.0,,2.031408,
202605130631,AL1-20260513-0634,1,soft+hard,True,2026-05-13 06:39:00,2026-05-13 06:38:00,,-1.0,,2.119256,
202605131028,AL1-20260513-1027,1,hard,True,,2026-05-13 10:32:00,,,,0.60206,
202605131646,AL1-20260513-1646,1,soft+hard,True,2026-05-13 16:52:00,2026-05-13 16:53:00,,1.0,,1.598791,
202605131706,AL1-20260513-1707,1,soft+hard,True,2026-05-13 17:12:00,2026-05-13 17:10:00,,-2.0,,1.888179,
202605131800,AL1-20260513-1759,1,soft+hard,True,2026-05-13 18:04:00,2026-05-13 18:04:00,,0.0,,1.674861,
202605131935,AL1-20260513-1934,1,soft+hard,True,2026-05-13 19:42:00,2026-05-13 19:40:00,,-2.0,,1.292256,
202605140205,AL1-20260514-0201,1,soft,False,2026-05-14 02:12:00,,,,,,
202605140327,AL1-20260514-0328,1,soft,False,2026-05-14 03:33:00,,,,,,
202605140520,AL1-20260514-0521,1,soft+hard,True,2026-05-14 05:26:00,2026-05-14 05:24:00,,-2.0,,1.535294,
202605140556,AL1-20260514-0555,1,soft,False,2026-05-14 06:04:00,,,,,,
202605140631,AL1-20260514-0635,1,soft+hard,True,2026-05-14 06:40:00,2026-05-14 06:39:00,,-1.0,,2.335257,
202605140848,AL1-20260514-0850,1,soft,False,2026-05-14 08:55:00,,,,,,
202605140913,AL1-20260514-0912,1,soft+hard,True,2026-05-14 09:17:00,2026-05-14 09:17:00,,0.0,,1.918555,
202605141033,,0,,False,,,,,,,
202605141046,AL1-20260514-1037,1,soft+hard,True,2026-05-14 10:42:00,2026-05-14 10:40:00,,-2.0,,1.053078,
202605141126,AL1-20260514-1128,1,soft+hard,True,2026-05-14 11:33:00,2026-05-14 11:33:00,,0.0,,2.077004,
202605141321,AL1-20260514-1321,1,soft+hard,True,2026-05-14 13:26:00,2026-05-14 13:33:00,,7.0,,1.10721,
202605141424,AL1-20260514-1427,1,soft,False,2026-05-14 14:33:00,,,,,,
202605141704,AL1-20260514-1704,1,soft,False,2026-05-14 17:10:00,,,,,,
202605141718,AL1-20260514-1718,1,soft+hard,True,2026-05-14 17:24:00,2026-05-14 17:08:00,,-16.0,,2.578295,
202605141821,AL1-20260514-1825,1,hard,True,,2026-05-14 18:30:00,,,,2.068928,
202605142155,AL1-20260514-2157,1,soft,False,2026-05-14 22:02:00,,,,,,
202605142214,AL1-20260514-2215,1,soft+hard,True,2026-05-14 22:20:00,2026-05-14 22:19:00,,-1.0,,1.572872,
202605142258,,0,,False,,,,,,,
202605142316,AL1-20260514-2259,1,soft+hard,True,2026-05-14 23:07:00,2026-05-14 23:05:00,,-2.0,,1.004321,
202605150148,,0,,False,,,,,,,
202605150252,AL1-20260515-0253,1,soft+hard,True,2026-05-15 03:00:00,2026-05-15 02:59:00,,-1.0,,2.000868,
202605151143,AL1-20260515-1142,1,soft+hard,True,2026-05-15 11:47:00,2026-05-15 11:47:00,,0.0,,2.453624,
202605151308,AL1-20260515-1308,1,hard,True,,2026-05-15 13:13:00,,,,2.5636,
202605151340,AL1-20260515-1343,1,soft+hard,True,2026-05-15 13:48:00,2026-05-15 13:48:00,,0.0,,1.294466,
202605151605,AL1-20260515-1609,1,soft+hard,True,2026-05-15 16:14:00,2026-05-15 16:14:00,,0.0,,2.717421,
202605161419,AL1-20260516-1417,1,hard,True,,2026-05-16 14:22:00,,,,0.681241,
202605161508,AL1-20260516-1507,1,hard,True,,2026-05-16 15:12:00,,,,2.372544,
202605161550,AL1-20260516-1552,1,soft+hard,True,2026-05-16 15:58:00,2026-05-16 15:56:00,,-2.0,,2.592621,
202605161622,,0,,False,,,,,,,
202605161739,,0,,False,,,,,,,
202605161902,AL1-20260516-1902,1,soft+hard,True,2026-05-16 19:07:00,2026-05-16 19:07:00,,0.0,,1.835691,
202605161957,AL1-20260516-1959,1,soft+hard,True,2026-05-16 20:04:00,2026-05-16 20:03:00,,-1.0,,2.012415,
202605162222,AL1-20260516-2221,1,soft+hard,True,2026-05-16 22:27:00,2026-05-16 22:26:00,,-1.0,,1.025306,
202605162313,AL1-20260516-2312,1,soft+hard,True,2026-05-16 23:20:00,2026-05-16 23:20:00,,0.0,,1.948902,
202605170329,AL1-20260517-0330,1,soft+hard,True,2026-05-17 03:35:00,2026-05-17 03:35:00,,0.0,,2.829046,
202605170436,,0,,False,,,,,,,
202605170521,AL1-20260517-0520,1,hard,True,,2026-05-17 05:26:00,,,,1.045323,
202605171123,AL1-20260517-1125,1,hard,True,,2026-05-17 11:30:00,,,,0.763428,
202605171201,,0,,False,,,,,,,
202605171225,,0,,False,,,,,,,
202605172042,AL1-20260517-2045,1,hard,True,,2026-05-17 20:50:00,,,,2.046885,
202605181810,AL1-20260518-1811,1,soft+hard,True,2026-05-18 18:16:00,2026-05-18 18:15:00,,-1.0,,1.724276,
202605190729,AL1-20260519-0734,1,soft+hard,True,2026-05-19 07:39:00,2026-05-19 07:38:00,,-1.0,,1.725095,
202605191640,AL1-20260519-1645,1,soft+hard,True,2026-05-19 16:50:00,2026-05-19 16:48:00,,-2.0,,1.579784,
202605191944,AL1-20260519-1951,1,soft,False,2026-05-19 19:57:00,,,,,,
202605192113,,0,,False,,,,,,,
202605192140,AL1-20260519-2114,1,soft+hard,True,2026-05-19 21:19:00,2026-05-19 21:17:00,,-2.0,,0.959041,
202605192158,AL1-20260519-2158,1,soft+hard,True,2026-05-19 22:03:00,2026-05-19 22:02:00,,-1.0,,1.696356,
202605200412,,0,,False,,,,,,,
202605200959,AL1-20260520-1003,1,soft+hard,True,2026-05-20 10:08:00,2026-05-20 10:08:00,,0.0,,0.812913,
202605211309,AL1-20260521-1307,1,soft+hard,True,2026-05-21 13:17:00,2026-05-21 13:17:00,,0.0,,2.525822,
202605211804,AL1-20260521-1809,1,soft+hard,True,2026-05-21 18:14:00,2026-05-21 18:13:00,,-1.0,,2.658488,
202605211819,AL1-20260521-1819,1,soft,False,2026-05-21 18:26:00,,,,,,
202605212304,AL1-20260521-2304,1,soft,False,2026-05-21 23:09:00,,,,,,
202605220022,,0,,False,,,,,,,
202605220323,,0,,False,,,,,,,
202605220438,,0,,False,,,,,,,
202605220452,,0,,False,,,,,,,
202605220640,,0,,False,,,,,,,
202605220928,,0,,False,,,,,,,
202605220949,,0,,False,,,,,,,
202605221003,,0,,False,,,,,,,
202605221255,,0,,False,,,,,,,
202605222011,,0,,False,,,,,,,
202605222125,,0,,False,,,,,,,
202605222252,,0,,False,,,,,,,
202605222333,,0,,False,,,,,,,
202605230217,AL1-20260523-0217,1,soft,False,2026-05-23 02:24:00,,,,,,
202605230322,AL1-20260523-0323,1,soft,False,2026-05-23 03:28:00,,,,,,
202605230346,AL1-20260523-0346,1,soft+hard,True,2026-05-23 03:51:00,2026-05-23 03:50:00,,-1.0,,1.766413,
202605230535,AL1-20260523-0537,1,soft+hard,True,2026-05-23 05:43:00,2026-05-23 05:40:00,,-3.0,,2.117271,
202605230711,AL1-20260523-0711,1,soft+hard,True,2026-05-23 07:17:00,2026-05-23 07:16:00,,-1.0,,1.564666,
202605230910,AL1-20260523-0909,1,soft+hard,True,2026-05-23 09:14:00,2026-05-23 09:14:00,,0.0,,1.741939,
202605231135,AL1-20260523-1138,1,hard,True,,2026-05-23 11:43:00,,,,1.997823,
202605231402,AL1-20260523-1406,1,soft+hard,True,2026-05-23 14:11:00,2026-05-23 14:10:00,,-1.0,,1.643453,
202605231708,AL1-20260523-1708,1,soft,False,2026-05-23 17:13:00,,,,,,
202605231734,AL1-20260523-1733,1,soft+hard,True,2026-05-23 17:40:00,2026-05-23 17:39:00,,-1.0,,1.454845,
202605231907,,0,,False,,,,,,,
202605231945,AL1-20260523-1904,1,soft+hard,True,2026-05-23 19:12:00,2026-05-23 19:09:00,,-3.0,,1.800717,
202605232100,AL1-20260523-2059,1,soft+hard,True,2026-05-23 21:05:00,2026-05-23 21:04:00,,-1.0,,1.695482,
202605232157,AL1-20260523-2157,1,soft+hard,True,2026-05-23 22:02:00,2026-05-23 22:00:00,,-2.0,,1.662758,
202605232223,AL1-20260523-2222,1,soft+hard,True,2026-05-23 22:28:00,2026-05-23 22:28:00,,0.0,,1.814248,
202605232343,AL1-20260523-2341,1,soft+hard,True,2026-05-23 23:50:00,2026-05-23 23:51:00,,1.0,,2.186674,
202605240048,AL1-20260524-0049,1,soft+hard,True,2026-05-24 00:55:00,2026-05-24 00:53:00,,-2.0,,2.036629,
202605240218,AL1-20260524-0218,1,soft+hard,True,2026-05-24 02:25:00,2026-05-24 02:24:00,,-1.0,,1.686636,
202605240233,AL1-20260524-0232,1,soft+hard,True,2026-05-24 02:37:00,2026-05-24 02:37:00,,0.0,,1.874482,
202605250051,AL1-20260525-0055,1,soft+hard,True,2026-05-25 01:00:00,2026-05-25 00:59:00,,-1.0,,2.381837,
202605250641,AL1-20260525-0642,1,soft+hard,True,2026-05-25 06:48:00,2026-05-25 06:49:00,,1.0,,1.716003,
202605260711,AL1-20260526-0713,1,soft+hard,True,2026-05-26 07:18:00,2026-05-26 07:16:00,,-2.0,,1.523746,
202605261230,AL1-20260526-1230,1,soft+hard,True,2026-05-26 12:36:00,2026-05-26 12:35:00,,-1.0,,2.598134,
202605261350,AL1-20260526-1350,1,soft+hard,True,2026-05-26 13:57:00,2026-05-26 13:55:00,,-2.0,,1.326336,
202605262010,AL1-20260526-2010,1,soft,False,2026-05-26 20:15:00,,,,,,
202605262040,AL1-20260526-2039,1,soft,False,2026-05-26 20:46:00,,,,,,
202605262051,,0,,False,,,,,,,
202605262339,AL1-20260526-2342,1,soft+hard,True,2026-05-26 23:47:00,2026-05-26 23:49:00,,2.0,,2.134177,
202605270149,AL1-20260527-0151,1,soft,False,2026-05-27 01:56:00,,,,,,
202605271207,AL1-20260527-1206,1,soft+hard,True,2026-05-27 12:13:00,2026-05-27 12:10:00,,-3.0,,1.890421,
202605271320,AL1-20260527-1319,1,soft+hard,True,2026-05-27 13:24:00,2026-05-27 13:24:00,,0.0,,1.94939,
202605280958,AL1-20260528-0958,1,hard,True,,2026-05-28 10:03:00,,,,1.724276,
202605281509,AL1-20260528-1511,1,soft+hard,True,2026-05-28 15:16:00,2026-05-28 15:17:00,,1.0,,2.148603,
202605281628,AL1-20260528-1631,1,soft+hard,True,2026-05-28 16:37:00,2026-05-28 16:37:00,,0.0,,0.799341,
202605290450,AL1-20260529-0451,1,soft+hard,True,2026-05-29 04:57:00,2026-05-29 04:55:00,,-2.0,,2.432328,
202605290524,AL1-20260529-0526,1,soft+hard,True,2026-05-29 05:33:00,2026-05-29 05:31:00,,-2.0,,2.293363,
202605290640,AL1-20260529-0633,1,soft+hard,True,2026-05-29 06:45:00,2026-05-29 06:45:00,,0.0,,2.419791,
202605291541,AL1-20260529-1542,1,soft,False,2026-05-29 15:47:00,,,,,,
202605291901,AL1-20260529-1905,1,soft,False,2026-05-29 19:10:00,,,,,,
202605291928,AL1-20260529-1928,1,soft,False,2026-05-29 19:33:00,,,,,,
202605291936,AL1-20260529-1936,1,soft+hard,True,2026-05-29 19:41:00,2026-05-29 19:41:00,,0.0,,1.988113,
202605292111,AL1-20260529-2108,1,soft+hard,True,2026-05-29 21:16:00,2026-05-29 21:14:00,,-2.0,,1.429752,
202605300235,AL1-20260530-0235,1,soft,False,2026-05-30 02:40:00,,,,,,
202605300729,AL1-20260530-0731,1,soft+hard,True,2026-05-30 07:37:00,2026-05-30 07:37:00,,0.0,,1.71433,
202605300840,AL1-20260530-0839,1,soft,False,2026-05-30 08:48:00,,,,,,
202605301145,AL1-20260530-1149,1,soft+hard,True,2026-05-30 11:54:00,2026-05-30 11:53:00,,-1.0,,2.265054,
202605301437,AL1-20260530-1438,1,soft,False,2026-05-30 14:43:00,,,,,,
202605301727,AL1-20260530-1728,1,soft+hard,True,2026-05-30 17:34:00,2026-05-30 17:33:00,,-1.0,,0.851258,
202605302222,,0,,False,,,,,,,
202605302231,,0,,False,,,,,,,
202605310159,AL1-20260531-0201,1,hard,True,,2026-05-31 02:06:00,,,,2.243038,
202605310253,AL1-20260531-0255,1,hard,True,,2026-05-31 03:00:00,,,,0.591065,
202605310422,AL1-20260531-0426,1,hard,True,,2026-05-31 04:31:00,,,,1.363612,
202605310444,,0,,False,,,,,,,
202605310802,,0,,False,,,,,,,
202605310859,AL1-20260531-0858,1,hard,True,,2026-05-31 09:03:00,,,,1.330414,
202605311012,,0,,False,,,,,,,
202605311239,,0,,False,,,,,,,
202605311246,,0,,False,,,,,,,
202605311756,AL1-20260531-1756,1,soft+hard,True,2026-05-31 18:01:00,2026-05-31 18:01:00,,0.0,,1.624282,
202605311831,AL1-20260531-1831,1,soft+hard,True,2026-05-31 18:36:00,2026-05-31 18:36:00,,0.0,,1.243038,
202605311939,AL1-20260531-1939,1,soft+hard,True,2026-05-31 19:44:00,2026-05-31 19:43:00,,-1.0,,1.605305,
202605312142,AL1-20260531-2141,1,soft+hard,True,2026-05-31 21:49:00,2026-05-31 21:49:00,,0.0,,1.429752,
202606010511,AL1-20260601-0514,1,soft,False,2026-06-01 05:19:00,,,,,,
202606020228,AL1-20260602-0227,1,soft,False,2026-06-02 02:34:00,,,,,,
202606020240,AL1-20260602-0239,1,soft+hard,True,2026-06-02 02:44:00,2026-06-02 02:44:00,,0.0,,1.641474,
202606020411,AL1-20260602-0411,1,soft+hard,True,2026-06-02 04:17:00,2026-06-02 04:15:00,,-2.0,,1.232996,
202606020442,AL1-20260602-0441,1,hard,True,,2026-06-02 04:46:00,,,,2.613947,
202606020646,AL1-20260602-0643,1,soft+hard,True,2026-06-02 06:52:00,2026-06-02 06:52:00,,0.0,,2.007321,
202606020751,AL1-20260602-0751,1,soft,False,2026-06-02 07:56:00,,,,,,
202606020821,AL1-20260602-0820,1,soft+hard,True,2026-06-02 08:28:00,2026-06-02 08:28:00,,0.0,,0.924279,
202606020831,AL1-20260602-0833,1,soft+hard,True,2026-06-02 08:38:00,2026-06-02 08:35:00,,-3.0,,2.273696,
202606020951,AL1-20260602-0953,1,soft+hard,True,2026-06-02 09:59:00,2026-06-02 09:59:00,,0.0,,2.798236,
202606021057,AL1-20260602-1057,1,soft+hard,True,2026-06-02 11:02:00,2026-06-02 11:01:00,,-1.0,,2.192567,
202606021353,AL1-20260602-1353,1,soft+hard,True,2026-06-02 13:58:00,2026-06-02 13:58:00,,0.0,,2.129368,
202606021631,AL1-20260602-1634,1,soft+hard,True,2026-06-02 16:39:00,2026-06-02 16:38:00,2026-06-02 16:42:40,-1.0,2.574263,3.395815,4.666667
202606021807,AL1-20260602-1807,1,soft+hard,True,2026-06-02 18:12:00,2026-06-02 18:10:00,,-2.0,,2.369772,
202606021835,AL1-20260602-1835,1,soft+hard,True,2026-06-02 18:40:00,2026-06-02 18:40:00,,0.0,,2.0,
202606022024,AL1-20260602-2024,1,soft+hard,True,2026-06-02 20:31:00,2026-06-02 20:30:00,,-1.0,,2.179839,
202606030022,AL1-20260603-0021,1,soft+hard,True,2026-06-03 00:29:00,2026-06-03 00:34:00,,5.0,,2.049993,
202606030111,AL1-20260603-0111,1,soft,False,2026-06-03 01:16:00,,,,,,
202606030122,AL1-20260603-0121,1,soft+hard,True,2026-06-03 01:26:00,2026-06-03 01:27:20,2026-06-03 01:30:20,1.333333,3.439585,3.971396,3.0
202606030324,AL1-20260603-0327,1,soft,False,2026-06-03 03:32:00,,,,,,
202606030450,AL1-20260603-0449,1,soft,False,2026-06-03 04:54:00,,,,,,
202606030649,AL1-20260603-0648,1,soft+hard,True,2026-06-03 06:54:00,2026-06-03 06:58:00,2026-06-03 06:57:40,4.0,3.785792,3.837652,-0.333333
202606031053,AL1-20260603-1053,1,soft+hard,True,2026-06-03 10:58:00,2026-06-03 11:00:00,,2.0,,2.069298,
202606031119,AL1-20260603-1119,1,soft+hard,True,2026-06-03 11:24:00,2026-06-03 11:22:20,2026-06-03 11:24:40,-1.666667,3.330272,4.038437,2.333333
202606031526,AL1-20260603-1528,1,soft+hard,True,2026-06-03 15:33:00,2026-06-03 15:33:00,,0.0,,1.726727,
202606031921,AL1-20260603-1910,1,soft,False,2026-06-03 19:24:00,,,,,,
202606032046,AL1-20260603-2047,1,hard,True,,2026-06-03 20:52:00,,,,1.82866,
202606032327,AL1-20260603-2328,1,soft+hard,True,2026-06-03 23:33:00,2026-06-03 23:30:00,,-3.0,,1.997386,
202606040154,,0,,False,,,,,,,
202606040341,,0,,False,,,,,,,
202606040616,,0,,False,,,,,,,
202606040631,,0,,False,,,,,,,
202606041250,,0,,False,,,,,,,
202606041554,,0,,False,,,,,,,
202606041625,,0,,False,,,,,,,
202606042337,,0,,False,,,,,,,
202606050154,AL1-20260605-0154,1,soft+hard,True,2026-06-05 02:00:00,2026-06-05 02:01:00,,1.0,,0.94939,
202606050217,,0,,False,,,,,,,
202606051140,,0,,False,,,,,,,
202606051151,AL1-20260605-1142,1,soft+hard,True,2026-06-05 11:47:00,2026-06-05 11:47:00,,0.0,,1.465383,
202606051320,AL1-20260605-1320,1,soft+hard,True,2026-06-05 13:25:00,2026-06-05 13:24:00,,-1.0,,1.089905,
202606051452,AL1-20260605-1452,1,soft+hard,True,2026-06-05 14:57:00,2026-06-05 14:56:00,,-1.0,,2.270679,
202606051510,,0,,False,,,,,,,
202606051815,AL1-20260605-1815,1,soft+hard,True,2026-06-05 18:22:00,2026-06-05 18:22:00,,0.0,,1.209515,
202606051831,AL1-20260605-1841,1,soft+hard,True,2026-06-05 18:49:00,2026-06-05 18:36:00,,-13.0,,1.924279,
202606052218,AL1-20260605-2232,1,soft+hard,True,2026-06-05 22:38:00,2026-06-05 22:38:00,,0.0,,1.998259,
202606060352,AL1-20260606-0355,1,soft,False,2026-06-06 04:00:00,,,,,,
202606060410,,0,,False,,,,,,,
202606060623,AL1-20260606-0624,1,soft+hard,True,2026-06-06 06:29:00,2026-06-06 06:29:00,,0.0,,2.251151,
202606061149,AL1-20260606-1149,1,soft+hard,True,2026-06-06 11:55:00,2026-06-06 11:57:00,,2.0,,1.61066,
202606061304,AL1-20260606-1312,1,soft,False,2026-06-06 13:17:00,,,,,,
202606061340,AL1-20260606-1339,1,soft+hard,True,2026-06-06 13:45:00,2026-06-06 13:38:40,2026-06-06 13:44:20,-6.333333,2.486572,2.55084,5.666667
202606070145,AL1-20260607-0148,1,soft+hard,True,2026-06-07 01:53:00,2026-06-07 01:52:00,,-1.0,,1.593286,
202606070221,AL1-20260607-0217,1,soft+hard,True,2026-06-07 02:28:00,2026-06-07 02:42:00,,14.0,,1.190332,
202606070238,,0,,False,,,,,,,
202606070410,AL1-20260607-0409,1,soft+hard,True,2026-06-07 04:15:00,2026-06-07 04:17:00,,2.0,,1.93044,
202606070527,,0,,False,,,,,,,
202606070541,AL1-20260607-0543,1,soft+hard,True,2026-06-07 05:48:00,2026-06-07 05:47:00,,-1.0,,1.571709,
202606070636,AL1-20260607-0638,1,soft,False,2026-06-07 06:44:00,,,,,,
202606070755,AL1-20260607-0755,1,soft+hard,True,2026-06-07 08:00:00,2026-06-07 08:00:00,,0.0,,1.296665,
202606070816,AL1-20260607-0821,1,soft+hard,True,2026-06-07 08:26:00,2026-06-07 08:21:00,,-5.0,,1.139879,
202606070917,AL1-20260607-0919,1,soft+hard,True,2026-06-07 09:24:00,2026-06-07 09:24:00,,0.0,,1.296665,
202606071321,AL1-20260607-1320,1,soft,False,2026-06-07 13:28:00,,,,,,
202606071342,AL1-20260607-1341,1,soft+hard,True,2026-06-07 13:46:00,2026-06-07 13:45:00,,-1.0,,1.187521,
202606071350,AL1-20260607-1350,1,soft,False,2026-06-07 13:55:00,,,,,,
202606071541,AL1-20260607-1542,1,soft+hard,True,2026-06-07 15:48:00,2026-06-07 15:46:00,,-2.0,,1.453318,
202606071640,AL1-20260607-1640,1,soft,False,2026-06-07 16:47:00,,,,,,
202606071855,AL1-20260607-1857,1,soft,False,2026-06-07 19:02:00,,,,,,
202606071927,AL1-20260607-1929,1,soft+hard,True,2026-06-07 19:34:00,2026-06-07 19:33:00,,-1.0,,0.968483,
202606080214,AL1-20260608-0213,1,soft+hard,True,2026-06-08 02:20:00,2026-06-08 02:24:00,,4.0,,1.97174,
202606080236,AL1-20260608-0235,1,soft+hard,True,2026-06-08 02:45:00,2026-06-08 02:44:00,,-1.0,,2.479719,
202606080413,AL1-20260608-0415,1,soft+hard,True,2026-06-08 04:20:00,2026-06-08 04:19:00,,-1.0,,1.662758,
202606080500,AL1-20260608-0459,1,soft+hard,True,2026-06-08 05:07:00,2026-06-08 05:08:00,,1.0,,2.387923,
202606080631,AL1-20260608-0629,1,soft+hard,True,2026-06-08 06:38:00,2026-06-08 06:38:00,,0.0,,1.519828,
202606080821,,0,,False,,,,,,,
202606081235,AL1-20260608-1237,1,soft,False,2026-06-08 12:42:00,,,,,,
202606081729,AL1-20260608-1729,1,soft+hard,True,2026-06-08 17:34:00,2026-06-08 17:33:00,,-1.0,,1.460898,
202606090032,AL1-20260609-0035,1,hard,True,,2026-06-09 00:40:00,,,,1.526339,
202606090054,AL1-20260609-0052,1,hard,True,,2026-06-09 00:57:00,,,,0.838849,
202606090153,,0,,False,,,,,,,
202606090232,AL1-20260609-0230,1,hard,True,,2026-06-09 02:35:00,,,,1.821514,
202606090416,AL1-20260609-0418,1,hard,True,,2026-06-09 04:23:00,,,,2.457579,
202606090522,AL1-20260609-0523,1,hard,True,,2026-06-09 05:28:00,,,,1.457882,
202606090551,AL1-20260609-0549,1,hard,True,,2026-06-09 05:57:00,,,,1.346353,
202606090601,,0,,False,,,,,,,
202606090628,AL1-20260609-0627,1,hard,True,,2026-06-09 06:32:00,,,,1.818885,
202606090657,,0,,False,,,,,,,
202606090904,,0,,False,,,,,,,
202606090939,AL1-20260609-0941,1,hard,True,,2026-06-09 09:46:00,,,,1.657056,
202606091247,AL1-20260609-1246,1,hard,True,,2026-06-09 12:51:00,,,,1.499687,
202606091322,AL1-20260609-1327,1,hard,True,,2026-06-09 13:32:00,,,,0.812913,
202606091902,AL1-20260609-1903,2,hard,True,,2026-06-09 19:08:00,,,,1.120574,
202606091935,,0,,False,,,,,,,
202606092010,,0,,False,,,,,,,
202606092059,AL1-20260609-2104,1,hard,True,,2026-06-09 21:09:00,,,,1.613842,
202606092117,AL1-20260609-2113,1,hard,True,,2026-06-09 21:18:00,,,,1.428135,
202606100051,AL1-20260610-0054,1,soft,False,2026-06-10 00:59:00,,,,,,
202606100128,AL1-20260610-0127,1,soft+hard,True,2026-06-10 01:33:00,2026-06-10 01:33:00,,0.0,,0.991226,
202606101317,AL1-20260610-1319,1,soft+hard,True,2026-06-10 13:24:00,2026-06-10 13:25:00,,1.0,,1.758912,
202606102330,AL1-20260610-2322,1,soft+hard,True,2026-06-10 23:33:00,2026-06-10 23:37:00,,4.0,,1.840106,
202606110037,,0,,False,,,,,,,
202606110638,AL1-20260611-0642,1,soft+hard,True,2026-06-11 06:47:00,2026-06-11 06:44:00,,-3.0,,1.521138,
202606110800,AL1-20260611-0802,1,soft+hard,True,2026-06-11 08:07:00,2026-06-11 08:06:00,,-1.0,,1.689309,
202606110822,AL1-20260611-0822,1,soft+hard,True,2026-06-11 08:27:00,2026-06-11 08:27:00,2026-06-11 08:26:40,0.0,2.252853,2.768416,-0.333333
202606111124,AL1-20260611-1125,1,soft+hard,True,2026-06-11 11:31:00,2026-06-11 11:31:00,,0.0,,1.294466,
202606111706,AL1-20260611-1706,1,soft,False,2026-06-11 17:13:00,,,,,,
202606112005,AL1-20260611-2006,1,soft+hard,True,2026-06-11 20:11:00,2026-06-11 20:09:00,,-2.0,,1.167317,
202606112132,AL1-20260611-2134,1,soft,False,2026-06-11 21:39:00,,,,,,
202606120204,AL1-20260612-0208,1,hard,True,,2026-06-12 02:13:00,,,,2.460898,
202606120225,AL1-20260612-0223,1,hard,True,,2026-06-12 02:28:00,,,,1.558709,
202606121212,AL1-20260612-1212,1,soft+hard,True,2026-06-12 12:17:00,2026-06-12 12:17:00,,0.0,,1.214844,
202606130200,AL1-20260613-0207,1,soft+hard,True,2026-06-13 02:15:00,2026-06-13 02:13:00,,-2.0,,1.698101,
202606131240,AL1-20260613-1243,1,soft+hard,True,2026-06-13 12:49:00,2026-06-13 12:45:00,,-4.0,,1.303196,
202606140848,AL1-20260614-0847,1,soft,False,2026-06-14 08:55:00,,,,,,
202606141231,AL1-20260614-1214,1,soft,False,2026-06-14 12:19:00,,,,,,
202606141250,AL1-20260614-1252,1,soft+hard,True,2026-06-14 12:58:00,2026-06-14 12:55:00,,-3.0,,1.439333,
202606150150,AL1-20260615-0202,1,soft+hard,True,2026-06-15 02:07:00,2026-06-15 02:04:00,,-3.0,,1.322219,
202606150731,AL1-20260615-0731,1,soft,False,2026-06-15 07:36:00,,,,,,
202606150948,AL1-20260615-0949,1,soft+hard,True,2026-06-15 09:54:00,2026-06-15 09:55:00,,1.0,,1.773786,
202606151144,AL1-20260615-1144,1,soft+hard,True,2026-06-15 11:49:00,2026-06-15 11:47:00,,-2.0,,1.056905,
202606151846,AL1-20260615-1845,1,soft+hard,True,2026-06-15 18:50:00,2026-06-15 18:50:00,,0.0,,2.063333,
202606160043,AL1-20260616-0043,1,soft+hard,True,2026-06-16 00:48:00,2026-06-16 00:48:00,,0.0,,1.292256,
202606161528,,0,,False,,,,,,,
202606170513,,0,,False,,,,,,,
202606171208,,0,,False,,,,,,,
202606171457,AL1-20260617-1458,1,hard,True,,2026-06-17 15:04:00,,,,1.60206,
202606180738,AL1-20260618-0739,1,soft+hard,True,2026-06-18 07:44:00,2026-06-18 07:43:00,,-1.0,,1.380211,
202606181142,,0,,False,,,,,,,
202606182149,AL1-20260618-2147,1,soft+hard,True,2026-06-18 21:55:00,2026-06-18 21:53:00,,-2.0,,1.498311,
202606191926,AL1-20260619-1926,1,soft+hard,True,2026-06-19 19:31:00,2026-06-19 19:29:00,,-2.0,,2.139879,
202606200126,AL1-20260620-0135,1,soft+hard,True,2026-06-20 01:40:00,2026-06-20 01:39:00,,-1.0,,2.720407,
202606200259,AL1-20260620-0302,2,soft+hard,True,2026-06-20 03:07:00,2026-06-20 02:11:00,,-56.0,,1.287802,
202606201115,AL1-20260620-1117,1,soft+hard,True,2026-06-20 11:22:00,2026-06-20 11:21:00,,-1.0,,1.537819,
202606201206,AL1-20260620-1214,1,soft+hard,True,2026-06-20 12:19:00,2026-06-20 12:19:00,,0.0,,1.662758,
202606201450,AL1-20260620-1452,1,soft+hard,True,2026-06-20 14:58:00,2026-06-20 14:57:00,2026-06-20 14:58:40,-1.0,2.56265,2.779741,1.666667
202606202122,AL1-20260620-2125,1,soft+hard,True,2026-06-20 21:31:00,2026-06-20 21:34:00,,3.0,,2.360215,
202606202301,AL1-20260620-2301,1,soft+hard,True,2026-06-20 23:06:00,2026-06-20 23:05:00,,-1.0,,1.296665,
202606210101,AL1-20260621-0101,1,soft+hard,True,2026-06-21 01:06:00,2026-06-21 01:05:00,,-1.0,,1.705008,
202606210225,AL1-20260621-0223,1,soft+hard,True,2026-06-21 02:31:00,2026-06-21 02:37:00,,6.0,,3.052809,
202606210831,,0,,False,,,,,,,
202606211807,AL1-20260621-1809,1,soft+hard,True,2026-06-21 18:14:00,2026-06-21 18:13:00,,-1.0,,1.750508,
202606211917,AL1-20260621-1921,1,soft+hard,True,2026-06-21 19:26:00,2026-06-21 19:25:00,2026-06-21 19:25:40,-1.0,3.271888,3.599698,0.666667
202606212230,AL1-20260621-2230,1,soft,False,2026-06-21 22:35:00,,,,,,
202606232201,AL1-20260623-2201,1,soft+hard,True,2026-06-23 22:08:00,2026-06-23 22:09:00,,1.0,,1.659916,
202606232303,AL1-20260623-2252,1,soft+hard,True,2026-06-23 23:00:00,2026-06-23 22:55:00,,-5.0,,1.908485,
202606232318,AL1-20260623-2318,1,soft+hard,True,2026-06-23 23:25:00,2026-06-23 23:22:00,,-3.0,,2.452553,
202606240034,AL1-20260624-0035,1,soft+hard,True,2026-06-24 00:41:00,2026-06-24 00:37:00,,-4.0,,1.089905,
202606240328,AL1-20260624-0327,1,soft+hard,True,2026-06-24 03:33:00,2026-06-24 03:33:00,,0.0,,1.900367,
202606240344,AL1-20260624-0343,1,soft,False,2026-06-24 03:50:00,,,,,,
202606240640,AL1-20260624-0637,1,soft+hard,True,2026-06-24 06:44:00,2026-06-24 06:36:00,,-8.0,,1.838849,
202606240707,AL1-20260624-0706,1,hard,True,,2026-06-24 07:11:00,,,,2.377306,
202606240856,AL1-20260624-0859,1,soft+hard,True,2026-06-24 09:04:00,2026-06-24 09:03:00,,-1.0,,1.421604,
202606240908,,0,,False,,,,,,,
202606240958,AL1-20260624-0959,1,soft+hard,True,2026-06-24 10:04:00,2026-06-24 10:01:00,,-3.0,,1.489958,
202606241428,AL1-20260624-1430,1,soft+hard,True,2026-06-24 14:35:00,2026-06-24 14:32:00,,-3.0,,2.281488,
202606241608,AL1-20260624-1607,1,soft+hard,True,2026-06-24 16:13:00,2026-06-24 16:10:00,,-3.0,,0.94939,
202606241832,AL1-20260624-1834,1,soft+hard,True,2026-06-24 18:40:00,2026-06-24 18:39:00,,-1.0,,1.58995,
202606242022,AL1-20260624-2023,1,soft+hard,True,2026-06-24 20:29:00,2026-06-24 20:29:00,,0.0,,1.276462,
202606242202,AL1-20260624-2200,1,soft+hard,True,2026-06-24 22:08:00,2026-06-24 22:05:00,,-3.0,,1.85248,
202606250237,AL1-20260625-0238,1,soft,False,2026-06-25 02:43:00,,,,,,
202606250532,AL1-20260625-0535,2,soft+hard,True,2026-06-25 05:40:00,2026-06-25 05:37:00,,-3.0,,1.38739,
202606250757,AL1-20260625-0758,1,soft,False,2026-06-25 08:03:00,,,,,,
202606250858,AL1-20260625-0859,1,soft+hard,True,2026-06-25 09:04:00,2026-06-25 09:04:00,,0.0,,2.259116,
202606251327,,0,,False,,,,,,,
202606251453,AL1-20260625-1453,1,soft,False,2026-06-25 15:00:00,,,,,,
202606252111,AL1-20260625-2101,1,soft,False,2026-06-25 21:06:00,,,,,,
202606252154,AL1-20260625-2154,1,soft,False,2026-06-25 22:00:00,,,,,,
202606252335,AL1-20260625-2335,1,soft,False,2026-06-25 23:42:00,,,,,,
202606261223,AL1-20260626-1234,1,soft+hard,True,2026-06-26 12:40:00,2026-06-26 12:39:00,,-1.0,,2.322633,
202606261346,,0,,False,,,,,,,
202606261357,AL1-20260626-1357,1,soft+hard,True,2026-06-26 14:02:00,2026-06-26 14:02:00,,0.0,,1.975891,
202606261452,AL1-20260626-1452,1,soft+hard,True,2026-06-26 14:58:00,2026-06-26 14:56:00,,-2.0,,1.946943,
202606262012,AL1-20260626-2011,1,soft,False,2026-06-26 20:18:00,,,,,,
202606270622,AL1-20260627-0621,1,soft,False,2026-06-27 06:27:00,,,,,,
202606270648,,0,,False,,,,,,,
202606270717,AL1-20260627-0649,1,soft+hard,True,2026-06-27 06:55:00,2026-06-27 06:54:00,,-1.0,,1.383815,
202606270908,AL1-20260627-0909,1,soft,False,2026-06-27 09:16:00,,,,,,
202606271046,,0,,False,,,,,,,
202606271215,AL1-20260627-1211,1,soft+hard,True,2026-06-27 12:20:00,2026-06-27 12:13:00,,-7.0,,1.31597,
202606271509,AL1-20260627-1508,1,soft+hard,True,2026-06-27 15:15:00,2026-06-27 15:15:00,,0.0,,1.448706,
202606272053,AL1-20260627-2052,1,soft+hard,True,2026-06-27 21:00:00,2026-06-27 20:58:00,,-2.0,,2.227887,
202606272106,,0,,False,,,,,,,
202606280144,AL1-20260628-0149,1,soft+hard,True,2026-06-28 01:54:00,2026-06-28 01:53:00,,-1.0,,2.039017,
202606280646,AL1-20260628-0648,1,soft+hard,True,2026-06-28 06:53:00,2026-06-28 06:53:00,,0.0,,1.699838,
202606280703,,0,,False,,,,,,,
202606281501,AL1-20260628-1502,1,soft+hard,True,2026-06-28 15:08:00,2026-06-28 15:06:00,,-2.0,,1.9154,
202606282038,,0,,False,,,,,,,
202606282050,AL1-20260628-2037,1,soft,False,2026-06-28 20:45:00,,,,,,
202606282118,AL1-20260628-2136,1,soft+hard,True,2026-06-28 21:41:00,2026-06-28 21:41:00,,0.0,,2.412629,
202606282155,AL1-20260628-2154,1,hard,True,,2026-06-28 21:55:40,,,,2.147058,
202606290032,AL1-20260629-0031,1,soft+hard,True,2026-06-29 00:36:00,2026-06-29 00:34:00,,-2.0,,2.257439,
202606290226,AL1-20260629-0226,1,soft+hard,True,2026-06-29 02:31:00,2026-06-29 02:30:00,,-1.0,,1.82866,
202606290243,AL1-20260629-0242,1,soft+hard,True,2026-06-29 02:50:00,2026-06-29 02:49:00,,-1.0,,1.716838,
202606290307,AL1-20260629-0306,1,soft+hard,True,2026-06-29 03:14:00,2026-06-29 03:08:00,,-6.0,,2.308991,
202606290322,,0,,False,,,,,,,
202606290351,,0,,False,,,,,,,
202606290740,,0,,False,,,,,,,
202606290806,AL1-20260629-0740,1,soft+hard,True,2026-06-29 07:46:00,2026-06-29 07:44:00,,-2.0,,2.454845,
202606291120,AL1-20260629-1118,1,soft,False,2026-06-29 11:26:00,,,,,,
202606291208,AL1-20260629-1207,1,soft+hard,True,2026-06-29 12:12:00,2026-06-29 12:12:00,,0.0,,1.575188,
202606291229,AL1-20260629-1230,1,soft+hard,True,2026-06-29 12:35:00,2026-06-29 12:33:00,,-2.0,,1.879096,
202606291721,AL1-20260629-1721,1,soft,False,2026-06-29 17:29:00,,,,,,
202606291732,AL1-20260629-1732,1,soft+hard,True,2026-06-29 17:37:00,2026-06-29 17:36:00,,-1.0,,2.058805,
202606291928,AL1-20260629-1920,1,soft+hard,True,2026-06-29 19:31:00,2026-06-29 19:32:00,,1.0,,1.482874,
202606291943,AL1-20260629-1943,1,soft+hard,True,2026-06-29 19:48:00,2026-06-29 19:47:00,,-1.0,,2.138934,
202606292024,AL1-20260629-2019,1,soft+hard,True,2026-06-29 20:29:00,2026-06-29 20:30:00,,1.0,,1.453318,
202606292056,AL1-20260629-2056,1,soft+hard,True,2026-06-29 21:01:00,2026-06-29 21:00:00,,-1.0,,2.294907,
202606292113,AL1-20260629-2123,1,soft+hard,True,2026-06-29 21:32:00,2026-06-29 21:31:00,,-1.0,,2.49485,
202606292347,AL1-20260629-2349,1,soft+hard,True,2026-06-29 23:54:00,2026-06-29 23:53:00,,-1.0,,1.511883,
202606300039,AL1-20260630-0039,1,soft+hard,True,2026-06-30 00:46:00,2026-06-30 00:48:00,,2.0,,2.222456,
202606300311,AL1-20260630-0310,1,soft,False,2026-06-30 03:17:00,,,,,,
202606300617,AL1-20260630-0619,1,soft+hard,True,2026-06-30 06:25:00,2026-06-30 06:23:00,,-2.0,,1.762679,
202606300911,,0,,False,,,,,,,
202606300932,AL1-20260630-0911,1,soft+hard,True,2026-06-30 09:16:00,2026-06-30 09:17:00,,1.0,,1.62634,
202606301220,AL1-20260630-1220,1,soft+hard,True,2026-06-30 12:28:00,2026-06-30 12:30:00,,2.0,,1.74351,
202606301237,AL1-20260630-1238,1,soft+hard,True,2026-06-30 12:43:00,2026-06-30 12:43:00,2026-06-30 12:43:40,0.0,2.938119,3.211574,0.666667
202606301623,AL1-20260630-1615,1,soft,False,2026-06-30 16:26:00,,,,,,
202606301639,AL1-20260630-1640,1,soft+hard,True,2026-06-30 16:45:00,2026-06-30 16:43:00,,-2.0,,2.212454,
202606301714,AL1-20260630-1715,1,soft,False,2026-06-30 17:21:00,,,,,,
202606301831,AL1-20260630-1841,1,soft+hard,True,2026-06-30 18:47:00,2026-06-30 18:46:00,,-1.0,,1.759668,
202606301949,AL1-20260630-1950,1,soft+hard,True,2026-06-30 19:55:00,2026-06-30 19:54:00,,-1.0,,2.484442,
202606302034,AL1-20260630-2034,1,soft+hard,True,2026-06-30 20:42:00,2026-06-30 20:40:00,2026-06-30 20:46:20,-2.0,3.212401,3.955173,6.333333
202606302306,AL1-20260630-2313,1,soft+hard,True,2026-06-30 23:18:00,2026-06-30 23:10:00,,-8.0,,2.181558,
202607010441,AL1-20260701-0439,1,soft+hard,True,2026-07-01 04:48:00,2026-07-01 04:47:00,,-1.0,,2.672929,
202607010619,AL1-20260701-0618,1,soft+hard,True,2026-07-01 06:23:00,2026-07-01 06:22:00,2026-07-01 06:25:20,-1.0,2.658107,2.81882,3.333333
202607010637,AL1-20260701-0637,1,soft+hard,True,2026-07-01 06:42:00,2026-07-01 06:41:00,,-1.0,,2.65925,
202607010728,AL1-20260701-0727,1,soft+hard,True,2026-07-01 07:32:00,2026-07-01 07:34:00,2026-07-01 07:33:40,2.0,2.910144,,-0.333333
202607010807,AL1-20260701-0810,1,soft+hard,True,2026-07-01 08:15:00,2026-07-01 08:16:00,2026-07-01 08:15:40,1.0,3.436624,3.393452,-0.333333
202607010845,AL1-20260701-0844,1,soft+hard,True,2026-07-01 08:50:00,2026-07-01 08:50:00,,0.0,,2.376942,
202607011004,AL1-20260701-1004,1,soft+hard,True,2026-07-01 10:09:00,2026-07-01 10:07:20,2026-07-01 10:07:00,-1.666667,2.409933,2.991713,-0.333333
202607011422,AL1-20260701-1419,1,soft+hard,True,2026-07-01 14:29:00,2026-07-01 14:22:00,2026-07-01 14:30:20,-7.0,2.674586,2.368659,8.333333
202607011439,AL1-20260701-1439,1,soft+hard,True,2026-07-01 14:45:00,2026-07-01 14:44:00,,-1.0,,2.868292,
202607011705,AL1-20260701-1707,1,soft+hard,True,2026-07-01 17:12:00,2026-07-01 17:13:00,,1.0,,2.388989,
202607011844,AL1-20260701-1905,1,soft+hard,True,2026-07-01 19:14:00,2026-07-01 19:14:00,2026-07-01 19:39:00,0.0,2.075182,3.000304,25.0
202607012015,AL1-20260701-2018,1,soft+hard,True,2026-07-01 20:23:00,2026-07-01 19:56:40,2026-07-01 20:21:00,-26.333333,3.12346,,24.333333
202607012257,AL1-20260701-2254,1,soft+hard,True,2026-07-01 23:05:00,2026-07-01 23:05:00,2026-07-01 23:05:00,0.0,3.757616,3.992235,0.0
202607012349,AL1-20260701-2351,1,soft+hard,True,2026-07-01 23:57:00,2026-07-01 23:55:00,,-2.0,,2.642662,
202607020137,AL1-20260702-0134,1,soft+hard,True,2026-07-02 01:43:00,2026-07-02 01:44:00,2026-07-02 01:52:20,1.0,2.655427,3.212028,8.333333
202607020407,AL1-20260702-0407,1,soft+hard,True,2026-07-02 04:12:00,2026-07-02 02:04:40,,-127.333333,,2.392697,
202607020455,AL1-20260702-0455,1,soft+hard,True,2026-07-02 05:00:00,2026-07-02 05:00:00,,0.0,,2.598134,
202607020602,,0,,False,,,,,,,
202607020714,AL1-20260702-0713,1,soft+hard,True,2026-07-02 07:20:00,2026-07-02 07:18:00,,-2.0,,2.214844,
202607021021,AL1-20260702-1024,1,hard,True,,2026-07-02 10:25:40,2026-07-02 10:25:40,,2.896636,,0.0
202607022303,AL1-20260702-2307,1,soft+hard,True,2026-07-02 23:12:00,2026-07-02 23:12:00,,0.0,,2.614475,
202607030041,AL1-20260703-0043,1,soft+hard,True,2026-07-03 00:48:00,2026-07-03 00:43:00,,-5.0,,2.022428,
202607030221,,0,,False,,,,,,,
202607030241,AL1-20260703-0229,1,soft+hard,True,2026-07-03 02:35:00,2026-07-03 02:45:00,,10.0,,1.927883,
202607031303,AL1-20260703-1303,1,soft+hard,True,2026-07-03 13:10:00,2026-07-03 13:08:00,,-2.0,,2.61679,
202607031416,AL1-20260703-1412,1,soft+hard,True,2026-07-03 14:22:00,2026-07-03 14:17:00,,-5.0,,1.575188,
202607031426,,0,,False,,,,,,,
202607031456,AL1-20260703-1456,1,soft,False,2026-07-03 15:02:00,,,,,,
202607031632,AL1-20260703-1630,1,soft+hard,True,2026-07-03 16:39:00,2026-07-03 16:33:00,,-6.0,,2.40807,
202607031731,AL1-20260703-1731,1,soft+hard,True,2026-07-03 17:36:00,2026-07-03 17:35:00,,-1.0,,2.151982,
202607031749,AL1-20260703-1747,1,soft+hard,True,2026-07-03 17:56:00,2026-07-03 18:04:00,2026-07-03 18:06:40,8.0,2.383995,3.388101,2.666667
202607031857,AL1-20260703-1855,1,soft+hard,True,2026-07-03 19:00:00,2026-07-03 18:31:40,2026-07-03 18:57:20,-28.333333,3.885361,,25.666667
202607031959,AL1-20260703-1959,1,soft+hard,True,2026-07-03 20:06:00,2026-07-03 20:07:00,,1.0,,2.550106,
202607032227,AL1-20260703-2226,1,soft+hard,True,2026-07-03 22:32:00,2026-07-03 22:30:00,,-2.0,,2.447313,
202607032350,AL1-20260703-2350,1,soft+hard,True,2026-07-03 23:56:00,2026-07-03 23:59:00,,3.0,,2.972157,
202607040013,AL1-20260704-0013,1,soft+hard,True,2026-07-04 00:19:00,2026-07-04 00:18:00,,-1.0,,3.028164,
202607040059,AL1-20260704-0055,1,soft+hard,True,2026-07-04 01:06:00,2026-07-04 00:40:40,,-25.333333,,2.85248,
202607040152,AL1-20260704-0152,1,soft+hard,True,2026-07-04 01:57:00,2026-07-04 01:26:40,,-30.333333,,2.409087,
202607040321,,0,,False,,,,,,,
202607040504,AL1-20260704-0507,1,soft+hard,True,2026-07-04 05:12:00,2026-07-04 03:51:20,,-80.666667,,2.776411,
202607040543,AL1-20260704-0545,1,soft+hard,True,2026-07-04 05:50:00,2026-07-04 05:49:00,,-1.0,,2.235781,
202607040612,AL1-20260704-0612,1,soft+hard,True,2026-07-04 06:18:00,2026-07-04 06:15:00,,-3.0,,2.360783,
202607040726,AL1-20260704-0726,1,soft,False,2026-07-04 07:33:00,,,,,,
202607040748,AL1-20260704-0750,1,soft+hard,True,2026-07-04 07:59:00,2026-07-04 08:01:00,,2.0,,2.781755,
202607040841,AL1-20260704-0840,1,soft+hard,True,2026-07-04 08:48:00,2026-07-04 08:49:00,,1.0,,2.500236,
202607041104,AL1-20260704-1102,1,soft+hard,True,2026-07-04 11:08:00,2026-07-04 11:07:00,2026-07-04 11:07:20,-1.0,2.250664,3.088278,0.333333
202607041341,AL1-20260704-1341,1,soft+hard,True,2026-07-04 13:46:00,2026-07-04 13:49:40,2026-07-04 13:49:20,3.666667,2.225826,3.184549,-0.333333
202607041426,,0,,False,,,,,,,
202607041435,AL1-20260704-1426,1,soft+hard,True,2026-07-04 14:39:00,2026-07-04 14:09:40,,-29.333333,,2.175802,
202607041526,AL1-20260704-1524,1,soft+hard,True,2026-07-04 15:33:00,2026-07-04 15:28:00,,-5.0,,1.634477,
202607041602,AL1-20260704-1601,1,soft+hard,True,2026-07-04 16:06:00,2026-07-04 16:06:00,,0.0,,2.606381,
202607041656,AL1-20260704-1655,1,soft+hard,True,2026-07-04 17:03:00,2026-07-04 17:02:00,,-1.0,,2.368845,
202607041837,AL1-20260704-1837,1,soft+hard,True,2026-07-04 18:42:00,2026-07-04 18:41:00,,-1.0,,2.82171,
202607041923,AL1-20260704-1922,1,soft+hard,True,2026-07-04 19:27:00,2026-07-04 19:04:00,,-23.0,,2.777137,
202607042029,AL1-20260704-2032,1,soft+hard,True,2026-07-04 20:37:00,2026-07-04 20:40:00,2026-07-04 20:40:20,3.0,3.674512,4.074919,0.333333
202607042216,AL1-20260704-2220,1,soft+hard,True,2026-07-04 22:25:00,2026-07-04 22:24:00,,-1.0,,2.498724,
202607042332,AL1-20260704-2330,1,soft+hard,True,2026-07-04 23:38:00,2026-07-04 23:36:00,,-2.0,,2.408579,
202607050024,AL1-20260705-0025,1,soft+hard,True,2026-07-05 00:30:00,2026-07-05 00:29:00,,-1.0,,2.7577,
202607050109,AL1-20260705-0107,1,soft+hard,True,2026-07-05 01:16:00,2026-07-05 01:16:00,,0.0,,2.424882,
202607050316,AL1-20260705-0315,1,soft+hard,True,2026-07-05 03:21:00,2026-07-05 03:22:00,,1.0,,2.116608,
202607050419,AL1-20260705-0419,1,soft,False,2026-07-05 04:26:00,,,,,,
202607050441,AL1-20260705-0441,1,soft,False,2026-07-05 04:46:00,,,,,,
202607050521,AL1-20260705-0526,1,soft+hard,True,2026-07-05 05:31:00,2026-07-05 05:30:00,,-1.0,,2.962369,
202607050610,AL1-20260705-0612,1,soft,False,2026-07-05 06:18:00,,,,,,
202607050711,AL1-20260705-0711,1,soft+hard,True,2026-07-05 07:16:00,2026-07-05 07:16:00,,0.0,,2.586137,
202607050721,AL1-20260705-0721,1,soft+hard,True,2026-07-05 07:26:00,2026-07-05 07:25:00,,-1.0,,2.664266,
202607050820,AL1-20260705-0820,1,soft,False,2026-07-05 08:26:00,,,,,,
202607050849,AL1-20260705-0848,1,soft,False,2026-07-05 08:55:00,,,,,,
202607050915,AL1-20260705-0916,1,soft+hard,True,2026-07-05 09:24:00,2026-07-05 08:59:20,,-24.666667,,1.764923,
202607051041,AL1-20260705-1043,1,soft,False,2026-07-05 10:48:00,,,,,,
202607051056,AL1-20260705-1056,1,soft,False,2026-07-05 11:01:00,,,,,,
202607051104,,0,,False,,,,,,,
202607051153,AL1-20260705-1153,1,soft,False,2026-07-05 11:58:00,,,,,,
202607051252,AL1-20260705-1253,1,soft+hard,True,2026-07-05 12:58:00,2026-07-05 12:59:00,,1.0,,2.538071,
202607051417,,0,,False,,,,,,,
202607051428,AL1-20260705-1416,1,soft+hard,True,2026-07-05 14:22:00,2026-07-05 14:23:00,,1.0,,1.887054,
202607051505,,0,,False,,,,,,,
202607051533,AL1-20260705-1507,1,soft,False,2026-07-05 15:14:00,,,,,,
202607051621,AL1-20260705-1621,1,soft+hard,True,2026-07-05 16:26:00,2026-07-05 16:24:00,,-2.0,,2.504471,
202607051641,,0,,False,,,,,,,
202607051735,AL1-20260705-1735,1,soft,False,2026-07-05 17:40:00,,,,,,
202607051751,AL1-20260705-1751,1,soft+hard,True,2026-07-05 17:56:00,2026-07-05 17:55:00,2026-07-05 17:55:40,-1.0,3.085968,3.708421,0.666667
202607051856,AL1-20260705-1856,1,soft+hard,True,2026-07-05 19:04:00,2026-07-05 19:05:00,,1.0,,2.672375,
202607052007,AL1-20260705-2007,1,soft,False,2026-07-05 20:12:00,,,,,,
202607052114,AL1-20260705-2114,1,soft+hard,True,2026-07-05 21:19:00,2026-07-05 21:19:00,2026-07-05 21:18:40,0.0,2.674126,2.50853,-0.333333
202607052138,AL1-20260705-2137,1,soft,False,2026-07-05 21:42:00,,,,,,
202607060035,AL1-20260706-0033,1,soft+hard,True,2026-07-06 00:42:00,2026-07-06 00:44:00,,2.0,,2.26529,
202607060157,AL1-20260706-0158,1,soft+hard,True,2026-07-06 02:03:00,2026-07-06 02:01:00,,-2.0,,1.920645,
202607060455,AL1-20260706-0456,1,soft+hard,True,2026-07-06 05:02:00,2026-07-06 05:00:00,,-2.0,,2.077731,
202607061825,AL1-20260706-1824,1,soft+hard,True,2026-07-06 18:32:00,2026-07-06 18:30:00,,-2.0,,2.487563,
202607061853,,0,,False,,,,,,,
202607070332,AL1-20260707-0332,1,soft,False,2026-07-07 03:38:00,,,,,,
202607071202,AL1-20260707-1206,1,soft+hard,True,2026-07-07 12:12:00,2026-07-07 12:06:00,,-6.0,,1.39794,
202607071409,AL1-20260707-1414,1,soft+hard,True,2026-07-07 14:19:00,2026-07-07 14:19:00,2026-07-07 14:18:40,0.0,2.753966,3.412259,-0.333333
202607072240,AL1-20260707-2245,1,soft+hard,True,2026-07-07 22:50:00,2026-07-07 22:48:00,,-2.0,,1.927883,
202607080732,AL1-20260708-0736,1,soft+hard,True,2026-07-08 07:41:00,2026-07-08 07:40:00,,-1.0,,1.592177,
202607080940,AL1-20260708-0941,1,soft+hard,True,2026-07-08 09:47:00,2026-07-08 09:52:00,,5.0,,1.918555,
202607081120,AL1-20260708-1120,1,soft,False,2026-07-08 11:26:00,,,,,,
202607081749,AL1-20260708-1749,1,soft+hard,True,2026-07-08 17:54:00,2026-07-08 17:55:00,,1.0,,2.771808,
202607090217,AL1-20260709-0222,1,soft+hard,True,2026-07-09 02:27:00,2026-07-09 02:27:00,,0.0,,2.519697,
202607090651,AL1-20260709-0652,1,soft+hard,True,2026-07-09 06:59:00,2026-07-09 07:01:00,,2.0,,1.683047,
202607101433,AL1-20260710-1433,1,soft+hard,True,2026-07-10 14:39:00,2026-07-10 14:38:00,,-1.0,,2.020361,
202607110332,AL1-20260711-0333,1,soft,False,2026-07-11 03:38:00,,,,,,
202607111313,AL1-20260711-1313,1,soft+hard,True,2026-07-11 13:18:00,2026-07-11 13:19:00,,1.0,,1.068186,
202607112002,AL1-20260711-2002,1,soft+hard,True,2026-07-11 20:09:00,2026-07-11 20:08:00,,-1.0,,1.44248,
202607120028,AL1-20260712-0027,1,soft+hard,True,2026-07-12 00:34:00,2026-07-12 00:43:00,,9.0,,1.889302,
202607120717,AL1-20260712-0734,1,soft+hard,True,2026-07-12 07:43:00,2026-07-12 07:23:00,,-20.0,,2.254306,
202607121346,AL1-20260712-1349,1,soft+hard,True,2026-07-12 13:54:00,2026-07-12 13:52:00,,-2.0,,2.073352,
202607121523,AL1-20260712-1521,1,soft+hard,True,2026-07-12 15:30:00,2026-07-12 15:30:00,,0.0,,1.012837,
202607121536,,0,,False,,,,,,,
202607122248,AL1-20260712-2250,1,soft+hard,True,2026-07-12 22:56:00,2026-07-12 22:54:00,,-2.0,,1.033424,
202607131733,AL1-20260713-1733,1,soft+hard,True,2026-07-13 17:41:00,2026-07-13 17:41:00,,0.0,,1.658965,
202607131815,AL1-20260713-1814,1,soft+hard,True,2026-07-13 18:20:00,2026-07-13 18:18:00,,-2.0,,1.436163,
202607140949,AL1-20260714-0950,1,soft+hard,True,2026-07-14 09:56:00,2026-07-14 09:57:00,,1.0,,1.907411,
202607141218,,0,,False,,,,,,,
202607150238,AL1-20260715-0246,1,soft,False,2026-07-15 02:56:00,,,,,,
202607150835,AL1-20260715-0836,1,soft+hard,True,2026-07-15 08:41:00,2026-07-15 08:40:00,,-1.0,,2.304275,
202607151803,AL1-20260715-1802,1,soft+hard,True,2026-07-15 18:08:00,2026-07-15 18:11:00,,3.0,,1.933993,
202607152046,AL1-20260715-2121,1,soft,False,2026-07-15 21:44:00,,,,,,
202607162119,AL1-20260716-2123,2,soft+hard,True,2026-07-16 21:28:00,2026-07-16 21:28:00,,0.0,,2.032216,
202607162340,,0,,False,,,,,,,
202607162351,AL1-20260716-2339,1,soft+hard,True,2026-07-16 23:48:00,2026-07-16 23:35:00,,-13.0,,1.09691,
202607180039,AL1-20260718-0037,1,hard,True,,2026-07-18 00:47:00,,,,0.80618,
202607180356,AL1-20260718-0355,1,soft+hard,True,2026-07-18 04:02:00,2026-07-18 04:00:00,,-2.0,,1.845098,
202607182139,AL1-20260718-2141,2,soft+hard,True,2026-07-18 21:46:00,2026-07-18 21:46:00,,0.0,,1.281033,
202607191825,AL1-20260719-1824,1,soft,False,2026-07-19 18:32:00,,,,,,
202607191848,AL1-20260719-1850,1,soft,False,2026-07-19 19:07:00,,,,,,
202607200739,AL1-20260720-0739,1,soft+hard,True,2026-07-20 07:45:00,2026-07-20 07:43:00,,-2.0,,1.870989,
202607200834,AL1-20260720-0831,1,soft+hard,True,2026-07-20 08:39:00,2026-07-20 08:39:00,,0.0,,0.944483,
202607201209,,0,,False,,,,,,,
202607201220,AL1-20260720-1229,1,soft+hard,True,2026-07-20 12:36:00,2026-07-20 12:33:00,,-3.0,,1.818226,
202607201429,AL1-20260720-1428,1,soft+hard,True,2026-07-20 14:35:00,2026-07-20 14:35:00,,0.0,,3.238623,
202607201516,AL1-20260720-1515,1,soft+hard,True,2026-07-20 15:20:00,2026-07-20 15:21:00,,1.0,,2.466868,
202607201712,AL1-20260720-1712,1,soft+hard,True,2026-07-20 17:17:00,2026-07-20 17:14:00,,-3.0,,2.086716,
202607201908,AL1-20260720-1915,1,soft+hard,True,2026-07-20 19:20:00,2026-07-20 19:18:00,,-2.0,,2.704751,
202607202131,AL1-20260720-2133,1,soft+hard,True,2026-07-20 21:38:00,2026-07-20 21:39:00,,1.0,,1.991669,
202607202215,AL1-20260720-2215,1,soft+hard,True,2026-07-20 22:20:00,2026-07-20 22:21:00,2026-07-20 22:23:20,1.0,2.618048,3.428216,2.333333
202607202317,AL1-20260720-2317,1,soft+hard,True,2026-07-20 23:22:00,2026-07-20 23:24:00,,2.0,,2.686189,
202607210015,AL1-20260721-0014,1,soft+hard,True,2026-07-21 00:19:00,2026-07-21 00:19:00,,0.0,,1.89487,
202607210038,AL1-20260721-0038,1,soft+hard,True,2026-07-21 00:45:00,2026-07-21 00:47:00,,2.0,,2.5989,
202607210120,AL1-20260721-0123,1,soft,False,2026-07-21 01:28:00,,,,,,
202607210148,,0,,False,,,,,,,
202607210347,AL1-20260721-0347,1,soft+hard,True,2026-07-21 03:53:00,2026-07-21 03:54:00,,1.0,,2.423082,
202607210935,AL1-20260721-0932,1,soft+hard,True,2026-07-21 09:42:00,2026-07-21 09:40:00,,-2.0,,2.093071,
202607211136,AL1-20260721-1135,1,soft+hard,True,2026-07-21 11:41:00,2026-07-21 11:40:00,,-1.0,,2.454387,
202607211403,AL1-20260721-1359,1,soft+hard,True,2026-07-21 14:09:00,2026-07-21 14:08:00,,-1.0,,1.630428,
202607211431,,0,,False,,,,,,,
202607211443,AL1-20260721-1431,1,soft+hard,True,2026-07-21 14:36:00,2026-07-21 14:34:00,,-2.0,,1.955207,
202607211605,AL1-20260721-1604,1,soft+hard,True,2026-07-21 16:09:00,2026-07-21 16:00:00,,-9.0,,1.385606,
202607211702,AL1-20260721-1702,1,soft+hard,True,2026-07-21 17:07:00,2026-07-21 17:07:00,,0.0,,2.004751,
202607211716,AL1-20260721-1716,1,soft+hard,True,2026-07-21 17:21:00,2026-07-21 17:26:00,,5.0,,2.959757,
202607211916,AL1-20260721-1916,1,soft+hard,True,2026-07-21 19:23:00,2026-07-21 19:23:00,,0.0,,1.826075,
202607212027,AL1-20260721-2027,1,soft+hard,True,2026-07-21 20:33:00,2026-07-21 20:32:00,,-1.0,,1.755112,
202607212203,,0,,False,,,,,,,
202607212231,AL1-20260721-2231,1,soft+hard,True,2026-07-21 22:37:00,2026-07-21 22:37:00,,0.0,,1.886491,
202607212251,AL1-20260721-2251,1,soft+hard,True,2026-07-21 22:56:00,2026-07-21 22:55:00,,-1.0,,1.677607,
202607220002,AL1-20260722-0007,1,soft,False,2026-07-22 00:12:00,,,,,,
202607220102,AL1-20260722-0102,1,soft+hard,True,2026-07-22 01:07:00,2026-07-22 01:07:00,,0.0,,2.041393,
202607220314,AL1-20260722-0315,1,soft+hard,True,2026-07-22 03:21:00,2026-07-22 03:20:00,,-1.0,,1.30103,
202607220332,AL1-20260722-0332,1,soft+hard,True,2026-07-22 03:37:00,2026-07-22 03:36:00,,-1.0,,2.579555,
202607220627,AL1-20260722-0627,1,soft+hard,True,2026-07-22 06:33:00,2026-07-22 06:33:40,2026-07-22 06:33:40,0.666667,3.100956,3.489255,0.0
202607221209,AL1-20260722-1211,1,soft+hard,True,2026-07-22 12:16:00,2026-07-22 12:17:00,,1.0,,2.185825,
202607221546,,0,,False,,,,,,,
202607221842,AL1-20260722-1846,1,soft+hard,True,2026-07-22 18:51:00,2026-07-22 18:52:00,,1.0,,2.440752,
202607230249,AL1-20260723-0248,1,soft+hard,True,2026-07-23 02:53:00,2026-07-23 02:53:00,,0.0,,1.721811,
202607230303,AL1-20260723-0307,1,soft,False,2026-07-23 03:12:00,,,,,,
202607230314,AL1-20260723-0314,1,soft+hard,True,2026-07-23 03:19:00,2026-07-23 03:18:00,,-1.0,,1.454845,
202607230324,,0,,False,,,,,,,
202607230638,AL1-20260723-0633,1,soft+hard,True,2026-07-23 06:45:00,2026-07-23 06:44:00,,-1.0,,0.892095,
202607230957,AL1-20260723-0956,1,soft+hard,True,2026-07-23 10:01:00,2026-07-23 10:02:00,,1.0,,1.487138,
202607231645,AL1-20260723-1641,1,soft,False,2026-07-23 16:51:00,,,,,,
202607240005,,0,,False,,,,,,,
202607240358,,0,,False,,,,,,,
202607240414,,0,,False,,,,,,,
202607240639,,0,,False,,,,,,,
202607242052,AL1-20260724-2052,1,soft+hard,True,2026-07-24 20:58:00,2026-07-24 20:56:00,,-2.0,,1.877371,
202607242146,AL1-20260724-2145,1,soft+hard,True,2026-07-24 21:53:00,2026-07-24 21:55:00,,2.0,,1.92737,
202607250130,AL1-20260725-0133,1,soft+hard,True,2026-07-25 01:39:00,2026-07-25 01:32:00,,-7.0,,1.432969,
202607250344,,0,,False,,,,,,,
202607250536,AL1-20260725-0539,1,soft,False,2026-07-25 05:44:00,,,,,,
202607252123,AL1-20260725-2125,1,soft+hard,True,2026-07-25 21:31:00,2026-07-25 21:29:00,,-2.0,,1.296665,
202607260300,,0,,False,,,,,,,
202607260314,AL1-20260726-0256,1,soft+hard,True,2026-07-26 03:05:00,2026-07-26 03:06:00,,1.0,,1.017033,
202607260518,AL1-20260726-0521,1,soft,False,2026-07-26 05:26:00,,,,,,
202607260725,AL1-20260726-0724,1,soft+hard,True,2026-07-26 07:30:00,2026-07-26 07:31:00,,1.0,,2.153815,
202607261005,AL1-20260726-1003,1,soft+hard,True,2026-07-26 10:11:00,2026-07-26 10:13:00,,2.0,,1.342423,
202607261348,AL1-20260726-1348,1,soft,False,2026-07-26 13:55:00,,,,,,
202607261404,,0,,False,,,,,,,
202607261517,AL1-20260726-1519,1,soft+hard,True,2026-07-26 15:25:00,2026-07-26 15:24:00,2026-07-26 15:26:20,-1.0,2.678882,3.298307,2.333333
202607270232,AL1-20260727-0236,1,soft+hard,True,2026-07-27 02:41:00,2026-07-27 02:40:00,,-1.0,,2.667173,
202607271336,AL1-20260727-1335,1,soft,False,2026-07-27 13:42:00,,,,,,
202607271713,AL1-20260727-1715,1,soft+hard,True,2026-07-27 17:21:00,2026-07-27 17:22:00,,1.0,,1.880242,
202607271935,AL1-20260727-1936,1,soft+hard,True,2026-07-27 19:43:00,2026-07-27 19:44:00,,1.0,,1.892651,
202607272233,AL1-20260727-2233,1,soft,False,2026-07-27 22:40:00,,,,,,
202607272251,AL1-20260727-2252,1,soft+hard,True,2026-07-27 22:57:00,2026-07-27 22:54:00,,-3.0,,1.783189,
202607280208,AL1-20260728-0208,1,soft,False,2026-07-28 02:14:00,,,,,,
202607280307,AL1-20260728-0310,1,soft,False,2026-07-28 03:15:00,,,,,,
202607281113,AL1-20260728-1115,1,soft,False,2026-07-28 11:20:00,,,,,,
202607281740,AL1-20260728-1740,1,soft+hard,True,2026-07-28 17:47:00,2026-07-28 17:47:00,,0.0,,1.665581,
202607282336,AL1-20260728-2337,1,soft,False,2026-07-28 23:43:00,,,,,,
202607290019,,0,,False,,,,,,,
202607290431,AL1-20260729-0431,1,soft,False,2026-07-29 04:37:00,,,,,,
202607291610,AL1-20260729-1610,1,soft+hard,True,2026-07-29 16:16:00,2026-07-29 16:15:00,,-1.0,,1.448706,
202607291719,AL1-20260729-1719,1,soft,False,2026-07-29 17:24:00,,,,,,
202607300544,AL1-20260730-0543,1,soft+hard,True,2026-07-30 05:51:00,2026-07-30 05:49:00,,-2.0,,1.850033,
202607301553,AL1-20260730-1549,1,soft+hard,True,2026-07-30 15:57:00,2026-07-30 15:54:00,,-3.0,,1.90309,
202607310121,AL1-20260731-0121,1,soft+hard,True,2026-07-31 01:27:00,2026-07-31 01:25:00,,-2.0,,1.235528,
202607310231,AL1-20260731-0231,1,soft,False,2026-07-31 02:38:00,,,,,,
202607310305,AL1-20260731-0304,1,soft+hard,True,2026-07-31 03:11:00,2026-07-31 03:07:00,,-4.0,,1.187521,
202607310641,AL1-20260731-0640,1,soft+hard,True,2026-07-31 06:45:00,2026-07-31 06:44:00,,-1.0,,1.432969,
202607310825,AL1-20260731-0828,1,soft+hard,True,2026-07-31 08:33:00,2026-07-31 08:33:00,,0.0,,1.30103,
202607311109,AL1-20260731-1108,1,soft+hard,True,2026-07-31 11:13:00,2026-07-31 11:18:00,,5.0,,1.567026,
202607311136,AL1-20260731-1136,1,soft+hard,True,2026-07-31 11:41:00,2026-07-31 11:40:00,,-1.0,,1.850646,
202607311143,AL1-20260731-1143,1,soft,False,2026-07-31 11:48:00,,,,,,
202607311347,AL1-20260731-1350,1,soft+hard,True,2026-07-31 13:55:00,2026-07-31 13:55:00,,0.0,,1.363612,
202607311803,AL1-20260731-1803,1,soft+hard,True,2026-07-31 18:10:00,2026-07-31 18:10:00,,0.0,,1.245513,
202608010222,AL1-20260801-0220,1,soft,False,2026-08-01 02:26:00,,,,,,
202608011324,,0,,False,,,,,,,
202608012002,AL1-20260801-2003,1,soft+hard,True,2026-08-01 20:08:00,2026-08-01 20:08:00,,0.0,,1.477121,
202608012020,,0,,False,,,,,,,
202608012229,AL1-20260801-2229,1,soft+hard,True,2026-08-01 22:37:00,2026-08-01 22:36:00,,-1.0,,1.79588,
202608020020,AL1-20260802-0023,1,soft+hard,True,2026-08-02 00:28:00,2026-08-02 00:28:00,,0.0,,1.906335,
202608020155,AL1-20260802-0155,1,soft,False,2026-08-02 02:00:00,,,,,,
202608020519,AL1-20260802-0523,1,soft+hard,True,2026-08-02 05:28:00,2026-08-02 05:27:00,,-1.0,,2.263399,
202608031128,AL1-20260803-1128,1,soft,False,2026-08-03 11:33:00,,,,,,
202608041152,,0,,False,,,,,,,
202608041402,AL1-20260804-1401,1,soft,False,2026-08-04 14:08:00,,,,,,
202608041526,AL1-20260804-1529,1,soft+hard,True,2026-08-04 15:34:00,2026-08-04 15:33:00,,-1.0,,1.214844,
202608050556,AL1-20260805-0604,1,soft+hard,True,2026-08-05 06:11:00,2026-08-05 06:02:00,,-9.0,,1.130334,
202608061921,AL1-20260806-1924,1,soft+hard,True,2026-08-06 19:29:00,2026-08-06 19:28:00,,-1.0,,1.283301,
202608091525,AL1-20260809-1541,1,soft+hard,True,2026-08-09 15:48:00,2026-08-09 15:47:00,,-1.0,,0.740363,
202608091630,AL1-20260809-1634,1,soft+hard,True,2026-08-09 16:39:00,2026-08-09 16:38:00,,-1.0,,1.617,
202608091743,,0,,False,,,,,,,
202608091801,AL1-20260809-1750,1,soft+hard,True,2026-08-09 17:55:00,2026-08-09 17:54:00,,-1.0,,1.318063,
202608092026,AL1-20260809-2029,1,soft+hard,True,2026-08-09 20:34:00,2026-08-09 20:36:00,,2.0,,1.298853,
202608092046,,0,,False,,,,,,,
202608101212,AL1-20260810-1212,1,hard,True,,2026-08-10 12:19:00,,,,1.071882,
202608101233,AL1-20260810-1307,1,hard,True,,2026-08-10 13:12:00,,,,1.489958,
202608111800,AL1-20260811-1759,1,hard,True,,2026-08-11 18:04:00,,,,1.862728,
202608111959,AL1-20260811-1959,1,hard,True,,2026-08-11 20:04:00,,,,1.536558,
202608112255,AL1-20260811-2256,1,hard,True,,2026-08-11 23:01:00,,,,2.002598,
202608120728,AL1-20260812-0727,1,hard,True,,2026-08-12 07:32:00,,,,2.007748,
202608140638,AL1-20260814-0641,1,soft+hard,True,2026-08-14 06:46:00,2026-08-14 06:46:00,,0.0,,1.833784,
202608140944,AL1-20260814-0946,1,soft+hard,True,2026-08-14 09:51:00,2026-08-14 09:50:00,,-1.0,,1.684845,
202608141133,AL1-20260814-1136,1,soft,False,2026-08-14 11:41:00,,,,,,
202608142145,AL1-20260814-2150,1,soft+hard,True,2026-08-14 21:55:00,2026-08-14 21:53:00,,-2.0,,2.369587,
202608150025,AL1-20260815-0026,1,soft+hard,True,2026-08-15 00:31:00,2026-08-15 00:30:00,,-1.0,,1.176091,
202608150809,AL1-20260815-0808,1,soft+hard,True,2026-08-15 08:17:00,2026-08-15 08:18:00,,1.0,,2.133219,
202608150921,AL1-20260815-0921,1,soft+hard,True,2026-08-15 09:26:00,2026-08-15 09:28:00,,2.0,,1.089905,
202608151330,AL1-20260815-1333,1,soft+hard,True,2026-08-15 13:38:00,2026-08-15 13:39:00,,1.0,,1.897077,
202608151438,AL1-20260815-1439,1,soft+hard,True,2026-08-15 14:44:00,2026-08-15 14:47:00,,3.0,,2.221414,
202608160228,,0,,False,,,,,,,
202608160242,,0,,False,,,,,,,
202608160313,,0,,False,,,,,,,
202608160437,,0,,False,,,,,,,
202608160608,,0,,False,,,,,,,
202608160631,,0,,False,,,,,,,
202608160820,,0,,False,,,,,,,
202608160956,,0,,False,,,,,,,
202608161232,,0,,False,,,,,,,
202608161443,,0,,False,,,,,,,
202608161458,,0,,False,,,,,,,
202608161902,,0,,False,,,,,,,
202608170213,AL1-20260817-0216,1,soft+hard,True,2026-08-17 02:21:00,2026-08-17 02:20:00,,-1.0,,1.742725,
202608170557,AL1-20260817-0600,1,hard,True,,2026-08-17 06:06:00,,,,0.361728,
202608171009,,0,,False,,,,,,,
202608171027,,0,,False,,,,,,,
202608171051,,0,,False,,,,,,,
202608171618,,0,,False,,,,,,,
202608171705,,0,,False,,,,,,,
202608171742,,0,,False,,,,,,,
202608171928,,0,,False,,,,,,,
202608180549,,0,,False,,,,,,,
202608180640,AL1-20260818-0638,1,hard,True,,2026-08-18 06:43:00,,,,2.142389,
202608180700,AL1-20260818-0702,1,soft+hard,True,2026-08-18 07:07:00,2026-08-18 07:07:00,,0.0,,1.456366,
202608181951,AL1-20260818-1951,1,hard,True,,2026-08-18 19:56:00,,,,1.906874,
202608182238,AL1-20260818-2237,1,soft+hard,True,2026-08-18 22:43:00,2026-08-18 22:42:00,,-1.0,,1.85187,
202608182328,AL1-20260818-2328,1,soft+hard,True,2026-08-18 23:35:00,2026-08-18 23:34:00,,-1.0,,1.944976,
202608190006,AL1-20260819-0029,1,soft+hard,True,2026-08-19 00:36:00,2026-08-19 00:36:00,,0.0,,1.716003,
202608190227,AL1-20260819-0222,1,hard,True,,2026-08-19 02:30:00,,,,1.571709,
202608190251,AL1-20260819-0252,1,soft+hard,True,2026-08-19 02:57:00,2026-08-19 02:57:00,,0.0,,2.161068,
202608190330,AL1-20260819-0332,1,soft+hard,True,2026-08-19 03:37:00,2026-08-19 03:36:00,,-1.0,,1.857332,
202608190445,AL1-20260819-0444,1,soft+hard,True,2026-08-19 04:49:00,2026-08-19 04:48:00,,-1.0,,2.527372,
202608190631,AL1-20260819-0630,1,soft+hard,True,2026-08-19 06:35:00,2026-08-19 06:35:00,,0.0,,1.40824,
202608190830,AL1-20260819-0832,1,soft+hard,True,2026-08-19 08:38:00,2026-08-19 08:38:00,,0.0,,1.841359,
202608190901,,0,,False,,,,,,,
202608191101,AL1-20260819-1101,1,soft+hard,True,2026-08-19 11:06:00,2026-08-19 11:04:00,,-2.0,,1.127105,
202608191129,AL1-20260819-1129,1,soft+hard,True,2026-08-19 11:34:00,2026-08-19 11:32:00,,-2.0,,1.737193,
202608191228,AL1-20260819-1227,1,soft,False,2026-08-19 12:32:00,,,,,,
202608191327,AL1-20260819-1325,1,soft+hard,True,2026-08-19 13:34:00,2026-08-19 13:38:00,,4.0,,2.191451,
202608191402,AL1-20260819-1402,1,soft+hard,True,2026-08-19 14:07:00,2026-08-19 14:07:00,,0.0,,2.198382,
202608191509,AL1-20260819-1512,1,soft+hard,True,2026-08-19 15:17:00,2026-08-19 15:17:00,,0.0,,2.565376,
202608191633,AL1-20260819-1632,1,soft+hard,True,2026-08-19 16:37:00,2026-08-19 16:36:00,,-1.0,,1.864511,
202608191712,AL1-20260819-1711,1,soft+hard,True,2026-08-19 17:16:00,2026-08-19 17:17:00,,1.0,,1.753583,
202608191824,AL1-20260819-1822,1,soft+hard,True,2026-08-19 18:31:00,2026-08-19 18:30:00,,-1.0,,1.992995,
202608192151,AL1-20260819-2152,1,soft,False,2026-08-19 21:58:00,,,,,,
202608192346,AL1-20260819-2347,1,soft+hard,True,2026-08-19 23:52:00,2026-08-19 23:49:00,,-3.0,,1.761176,
202608200041,AL1-20260820-0040,1,soft+hard,True,2026-08-20 00:47:00,2026-08-20 00:45:00,,-2.0,,1.50515,
202608200100,,0,,False,,,,,,,
202608200336,AL1-20260820-0337,1,soft,False,2026-08-20 03:43:00,,,,,,
202608200359,AL1-20260820-0404,1,soft+hard,True,2026-08-20 04:09:00,2026-08-20 04:09:00,,0.0,,2.056905,
202608200437,AL1-20260820-0438,1,soft+hard,True,2026-08-20 04:44:00,2026-08-20 04:44:00,,0.0,,1.996074,
202608200627,,0,,False,,,,,,,
202608200730,AL1-20260820-0733,1,soft+hard,True,2026-08-20 07:38:00,2026-08-20 07:43:00,,5.0,,2.849419,
202608201012,AL1-20260820-1012,1,soft,False,2026-08-20 10:18:00,,,,,,
202608201119,AL1-20260820-1121,1,soft+hard,True,2026-08-20 11:26:00,2026-08-20 11:27:00,,1.0,,2.644143,
202608201132,AL1-20260820-1132,1,soft+hard,True,2026-08-20 11:37:00,2026-08-20 11:34:20,2026-08-20 11:34:40,-2.666667,2.831486,3.583573,0.333333
202608201551,AL1-20260820-1553,1,soft+hard,True,2026-08-20 15:58:00,2026-08-20 15:57:00,,-1.0,,2.855156,
202608201717,AL1-20260820-1717,1,soft+hard,True,2026-08-20 17:22:00,2026-08-20 16:24:20,,-57.666667,,1.659916,
202608201745,AL1-20260820-1745,1,soft+hard,True,2026-08-20 17:50:00,2026-08-20 17:48:00,,-2.0,,1.726727,
202608201939,,0,,False,,,,,,,
202608202003,AL1-20260820-1938,1,soft+hard,True,2026-08-20 19:45:00,2026-08-20 19:44:00,,-1.0,,1.575188,
202608202058,AL1-20260820-2058,1,soft+hard,True,2026-08-20 21:05:00,2026-08-20 21:05:00,,0.0,,1.992995,
202608202230,,0,,False,,,,,,,
202608202334,AL1-20260820-2337,1,soft+hard,True,2026-08-20 23:42:00,2026-08-20 23:40:00,,-2.0,,1.691081,
202608210013,AL1-20260821-0012,1,soft+hard,True,2026-08-21 00:20:00,2026-08-21 00:18:00,,-2.0,,1.744293,
202608210137,AL1-20260821-0146,1,soft,False,2026-08-21 01:55:00,,,,,,
202608210206,AL1-20260821-0206,1,soft+hard,True,2026-08-21 02:11:00,2026-08-21 02:09:00,,-2.0,,2.523616,
202608210347,AL1-20260821-0347,1,soft+hard,True,2026-08-21 03:52:00,2026-08-21 03:50:00,,-2.0,,1.352183,
202608210502,AL1-20260821-0503,1,soft,False,2026-08-21 05:08:00,,,,,,
202608210539,AL1-20260821-0538,1,soft+hard,True,2026-08-21 05:46:00,2026-08-21 05:46:00,,0.0,,1.181844,
202608210626,AL1-20260821-0627,1,soft+hard,True,2026-08-21 06:32:00,2026-08-21 06:30:00,,-2.0,,2.449787,
202608210704,AL1-20260821-0705,1,soft,False,2026-08-21 07:11:00,,,,,,
202608210727,AL1-20260821-0726,1,soft+hard,True,2026-08-21 07:31:00,2026-08-21 07:31:00,,0.0,,1.595496,
202608210909,AL1-20260821-0910,1,soft+hard,True,2026-08-21 09:17:00,2026-08-21 09:16:00,,-1.0,,2.089198,
202608211009,,0,,False,,,,,,,
202608211745,AL1-20260821-1741,1,soft,False,2026-08-21 17:51:00,,,,,,
202608211825,AL1-20260821-1824,1,soft+hard,True,2026-08-21 18:31:00,2026-08-21 18:28:00,,-3.0,,1.271842,
202608212045,AL1-20260821-2045,1,soft+hard,True,2026-08-21 20:53:00,2026-08-21 20:54:00,,1.0,,2.137354,
202608221814,AL1-20260822-1814,1,soft+hard,True,2026-08-22 18:20:00,2026-08-22 18:19:00,,-1.0,,1.238046,
202608230423,AL1-20260823-0423,1,soft,False,2026-08-23 04:30:00,,,,,,
202608230457,AL1-20260823-0500,1,soft,False,2026-08-23 05:05:00,,,,,,
202608230624,AL1-20260823-0625,1,soft+hard,True,2026-08-23 06:31:00,2026-08-23 06:31:00,,0.0,,2.137987,
202608231001,AL1-20260823-1001,1,soft,False,2026-08-23 10:07:00,,,,,,
202608231311,AL1-20260823-1311,1,soft+hard,True,2026-08-23 13:16:00,2026-08-23 13:15:00,,-1.0,,1.699838,
202608231334,AL1-20260823-1336,1,soft+hard,True,2026-08-23 13:42:00,2026-08-23 13:42:00,,0.0,,0.869232,
202608231616,AL1-20260823-1616,1,soft+hard,True,2026-08-23 16:22:00,2026-08-23 16:23:00,,1.0,,1.033424,
202608231928,AL1-20260823-1929,1,soft,False,2026-08-23 19:34:00,,,,,,
202608232147,AL1-20260823-2150,1,soft+hard,True,2026-08-23 21:55:00,2026-08-23 21:55:00,,0.0,,1.993877,
202608240706,AL1-20260824-0710,1,hard,True,,2026-08-24 07:15:00,,,,1.799341,
202608241809,,0,,False,,,,,,,
202608241851,AL1-20260824-1901,2,hard,True,,2026-08-24 19:06:00,,,,2.568084,
202608250104,AL1-20260825-0101,1,soft+hard,True,2026-08-25 01:08:00,2026-08-25 01:11:00,,3.0,,2.40671,
202608250335,AL1-20260825-0338,1,soft+hard,True,2026-08-25 03:43:00,2026-08-25 03:46:00,,3.0,,1.823474,
202608250355,AL1-20260825-0354,1,soft+hard,True,2026-08-25 04:00:00,2026-08-25 03:59:00,,-1.0,,2.590953,
202608250548,,0,,False,,,,,,,
202608250630,AL1-20260825-0631,1,soft+hard,True,2026-08-25 06:36:00,2026-08-25 06:38:00,,2.0,,2.87454,
202608250722,AL1-20260825-0722,1,soft+hard,True,2026-08-25 07:27:00,2026-08-25 07:28:00,,1.0,,2.429429,
202608250932,AL1-20260825-0946,1,soft+hard,True,2026-08-25 09:54:00,2026-08-25 09:53:00,2026-08-25 09:56:20,-1.0,3.104794,3.678236,3.333333
202608251238,AL1-20260825-1234,1,soft+hard,True,2026-08-25 12:45:00,2026-08-25 10:26:20,,-138.666667,,1.647383,
202608260027,AL1-20260826-0028,1,soft+hard,True,2026-08-26 00:34:00,2026-08-26 00:32:00,,-2.0,,0.959041,
202608260629,AL1-20260826-0628,1,soft+hard,True,2026-08-26 06:33:00,2026-08-26 06:32:00,2026-08-26 06:31:40,-1.0,2.897792,3.028734,-0.333333
202608261140,AL1-20260826-1141,1,soft,False,2026-08-26 11:46:00,,,,,,
202608261206,AL1-20260826-1206,1,soft+hard,True,2026-08-26 12:12:00,2026-08-26 12:14:00,,2.0,,2.708761,
202608261905,AL1-20260826-1906,1,soft+hard,True,2026-08-26 19:11:00,2026-08-26 19:10:00,,-1.0,,1.283301,
202608262129,AL1-20260826-2133,1,soft+hard,True,2026-08-26 21:38:00,2026-08-26 21:40:00,,2.0,,2.037028,
202608270132,AL1-20260827-0133,1,soft+hard,True,2026-08-27 01:38:00,2026-08-27 01:39:00,,1.0,,2.361161,
202608270341,AL1-20260827-0344,1,soft,False,2026-08-27 03:49:00,,,,,,
202608270548,AL1-20260827-0548,1,soft+hard,True,2026-08-27 05:53:00,2026-08-27 05:53:00,,0.0,,1.788168,
202608270631,AL1-20260827-0634,1,soft+hard,True,2026-08-27 06:39:00,2026-08-27 06:38:00,,-1.0,,1.447158,
202608270703,AL1-20260827-0703,1,soft+hard,True,2026-08-27 07:08:00,2026-08-27 07:07:00,,-1.0,,1.558709,
202608280412,AL1-20260828-0414,1,soft,False,2026-08-28 04:19:00,,,,,,
202608291201,AL1-20260829-1201,1,soft+hard,True,2026-08-29 12:09:00,2026-08-29 12:06:00,,-3.0,,1.383815,
202608291315,AL1-20260829-1315,1,soft+hard,True,2026-08-29 13:21:00,2026-08-29 13:25:00,,4.0,,1.09691,
202608300110,AL1-20260830-0114,1,soft+hard,True,2026-08-30 01:19:00,2026-08-30 01:18:00,,-1.0,,2.328176,
202608301642,AL1-20260830-1642,1,soft+hard,True,2026-08-30 16:50:00,2026-08-30 16:51:00,,1.0,,1.423246,
202608310331,AL1-20260831-0329,1,soft,False,2026-08-31 03:34:00,,,,,,
202608311357,AL1-20260831-1357,1,soft+hard,True,2026-08-31 14:02:00,2026-08-31 14:01:00,,-1.0,,1.959041,
202608311417,,0,,False,,,,,,,
202608311429,,0,,False,,,,,,,
202608311509,AL1-20260831-1509,1,soft+hard,True,2026-08-31 15:14:00,2026-08-31 15:13:00,,-1.0,,2.01157,
202609012103,AL1-20260901-2105,1,soft+hard,True,2026-09-01 21:10:00,2026-09-01 21:09:00,,-1.0,,2.582063,
202609012240,AL1-20260901-2239,1,soft,False,2026-09-01 22:44:00,,,,,,
202609012317,AL1-20260901-2316,1,soft+hard,True,2026-09-01 23:24:00,2026-09-01 23:33:00,,9.0,,1.184691,
202609021309,AL1-20260902-1311,1,soft+hard,True,2026-09-02 13:16:00,2026-09-02 13:18:00,,2.0,,1.466868,
202609021532,AL1-20260902-1535,1,soft+hard,True,2026-09-02 15:40:00,2026-09-02 15:39:00,,-1.0,,1.547775,
202609021618,AL1-20260902-1620,1,soft+hard,True,2026-09-02 16:26:00,2026-09-02 16:28:00,,2.0,,1.563481,
202609021857,AL1-20260902-1900,1,soft+hard,True,2026-09-02 19:05:00,2026-09-02 19:05:00,2026-09-02 19:13:00,0.0,2.356026,2.832062,8.0
202609030935,AL1-20260903-0933,1,soft+hard,True,2026-09-03 09:39:00,2026-09-03 09:41:00,,2.0,,2.065953,
202609031140,AL1-20260903-1143,1,soft+hard,True,2026-09-03 11:48:00,2026-09-03 11:46:00,,-2.0,,1.25042,
202609031152,AL1-20260903-1154,1,soft+hard,True,2026-09-03 11:59:00,2026-09-03 11:56:00,,-3.0,,2.429429,
202609031436,AL1-20260903-1440,1,soft+hard,True,2026-09-03 14:45:00,2026-09-03 14:45:00,,0.0,,2.541704,
202609031614,AL1-20260903-1616,1,soft+hard,True,2026-09-03 16:21:00,2026-09-03 16:19:00,,-2.0,,2.605844,
202609031822,AL1-20260903-1825,1,soft,False,2026-09-03 18:30:00,,,,,,
202609031955,AL1-20260903-1958,1,soft+hard,True,2026-09-03 20:03:00,2026-09-03 20:02:00,,-1.0,,1.883093,
202609040608,AL1-20260904-0608,1,soft+hard,True,2026-09-04 06:13:00,2026-09-04 06:12:00,,-1.0,,0.612784,
202609040745,AL1-20260904-0748,1,soft+hard,True,2026-09-04 07:53:00,2026-09-04 07:52:00,,-1.0,,2.745543,
202609041111,AL1-20260904-1112,1,soft+hard,True,2026-09-04 11:17:00,2026-09-04 11:16:00,,-1.0,,2.418633,
202609041258,AL1-20260904-1300,1,soft+hard,True,2026-09-04 13:05:00,2026-09-04 13:05:00,,0.0,,1.670246,
202609041513,AL1-20260904-1512,1,soft+hard,True,2026-09-04 15:20:00,2026-09-04 15:18:00,,-2.0,,0.612784,
202609041902,AL1-20260904-1902,1,soft+hard,True,2026-09-04 19:07:00,2026-09-04 19:07:00,,0.0,,1.941014,
202609042102,AL1-20260904-2104,1,soft,False,2026-09-04 21:10:00,,,,,,
202609051024,AL1-20260905-1035,1,soft+hard,True,2026-09-05 10:40:00,2026-09-05 10:40:00,,0.0,,2.266937,
202609051156,AL1-20260905-1155,1,soft+hard,True,2026-09-05 12:00:00,2026-09-05 12:01:00,,1.0,,1.559907,
202609051504,AL1-20260905-1504,1,soft+hard,True,2026-09-05 15:12:00,2026-09-05 15:13:00,,1.0,,2.269746,
202609051731,AL1-20260905-1735,1,soft+hard,True,2026-09-05 17:40:00,2026-09-05 17:41:00,,1.0,,2.118265,
202609061030,AL1-20260906-1035,1,soft+hard,True,2026-09-06 10:40:00,2026-09-06 10:40:00,,0.0,,1.988113,
202609061315,AL1-20260906-1317,1,soft,False,2026-09-06 13:22:00,,,,,,
202609071929,AL1-20260907-1931,1,soft,False,2026-09-07 19:36:00,,,,,,
202609081219,AL1-20260908-1217,1,soft+hard,True,2026-09-08 12:22:00,2026-09-08 12:23:00,,1.0,,1.889862,
202609081735,AL1-20260908-1737,1,soft+hard,True,2026-09-08 17:42:00,2026-09-08 17:42:00,,0.0,,1.990339,
202609082033,AL1-20260908-2035,1,soft,False,2026-09-08 20:40:00,,,,,,
202609082139,AL1-20260908-2142,2,soft+hard,True,2026-09-08 21:48:00,2026-09-08 21:45:00,,-3.0,,0.832509,
202609082217,AL1-20260908-2217,1,soft+hard,True,2026-09-08 22:22:00,2026-09-08 22:22:00,,0.0,,1.794488,
202609082322,AL1-20260908-2323,1,soft+hard,True,2026-09-08 23:29:00,2026-09-08 23:35:00,,6.0,,2.049218,
202609090553,AL1-20260909-0554,1,soft+hard,True,2026-09-09 05:59:00,2026-09-09 06:01:00,,2.0,,1.139879,
202609091023,AL1-20260909-1024,1,soft+hard,True,2026-09-09 10:29:00,2026-09-09 10:29:00,,0.0,,2.053463,
202609100025,AL1-20260910-0028,1,soft+hard,True,2026-09-10 00:33:00,2026-09-10 00:36:00,,3.0,,0.838849,
202609101652,AL1-20260910-1654,1,soft+hard,True,2026-09-10 16:59:00,2026-09-10 16:58:00,,-1.0,,0.755875,
202609121709,AL1-20260912-1714,1,soft+hard,True,2026-09-12 17:19:00,2026-09-12 17:20:00,,1.0,,2.360593,
202609191757,AL1-20260919-1759,1,soft+hard,True,2026-09-19 18:04:00,2026-09-19 18:04:00,,0.0,,1.485721,
202609202225,AL1-20260920-2224,1,soft+hard,True,2026-09-20 22:29:00,2026-09-20 22:29:00,,0.0,,2.14145,
202609210059,,0,,False,,,,,,,
202609210621,,0,,False,,,,,,,
