goes_flare_id,onset_status,hel1os_in_onset_study,hxr_peak_sigma,neupert_valid,neupert_r0,neupert_r_best,neupert_lag_s,hxr_peak_minus_impulsive_s,dec_hxr_sigma,onset_to_impulsive_min
202603302040,ok,True,1.762379,False,,,,,1.599196,0.333333
202603302358,ok,True,2.130322,False,,,,,2.130322,2.0
202603310055,ok,True,2.012385,False,,,,,1.273217,0.0
202603311027,ok,True,1.958199,False,,,,,1.914683,1.666667
202603312116,ok,True,2.041826,False,,,,,-0.133063,2.0
202604010638,ok,True,3.29105,False,,,,,2.104876,4.0
202604011049,ok,True,2.144881,False,,,,,2.144881,1.666667
202604011337,ok,True,1.440226,False,,,,,0.563567,4.333333
202604011738,ok,True,1.517604,False,,,,,0.789154,0.666667
202604011947,ok,True,0.384523,False,,,,,0.107162,4.333333
202604012054,ok,True,2.305056,False,,,,,2.305056,6.333333
202604012134,ok,True,4.112571,False,,,,,4.112571,9.333333
202604012241,ok,True,2.929652,False,,,,,2.312412,12.666667
202604012308,no_onset,False,,False,,,,,,
202604020707,ok,True,3.796662,False,,,,,1.293834,3.333333
202604020726,no_onset,False,,False,,,,,,
202604021223,ok,True,1.238687,False,,,,,0.55147,1.0
202604021447,ok,True,2.939122,False,,,,,0.746085,4.0
202604021658,ok,True,2.199232,False,,,,,1.048316,0.0
202604021724,ok,True,3.929072,False,,,,,2.147893,44.0
202604022121,ok,True,2.127483,False,,,,,0.685522,1.666667
202604022246,ok,True,3.129615,False,,,,,3.129615,2.0
202604022308,no_onset,False,,False,,,,,,
202604022353,ok,True,2.384167,False,,,,,1.243723,0.0
202604030049,ok,True,3.605689,False,,,,,2.565586,7.666667
202604030059,ok,True,7.071776,True,0.547524,0.734799,80.0,-20.0,7.071776,1.0
202604030324,ok,True,1.725499,False,,,,,-0.006234,3.333333
202604030520,ok,True,2.862523,False,,,,,1.637469,17.0
202604030745,ok,True,3.181973,False,,,,,0.615161,8.0
202604031003,ok,True,3.004282,False,,,,,1.398632,7.666667
202604031105,ok,True,2.659964,False,,,,,0.113998,0.666667
202604031153,ok,True,1.296424,False,,,,,1.296424,1.333333
202604031219,ok,True,1.117125,False,,,,,0.092164,2.0
202604031246,ok,True,2.125318,False,,,,,2.125318,1.0
202604031604,ok,True,2.080081,False,,,,,2.080081,0.666667
202604031731,ok,True,2.08584,False,,,,,2.08584,0.666667
202604031855,ok,True,1.159651,False,,,,,0.875655,1.333333
202604031906,ok,True,2.216931,False,,,,,2.216931,2.0
202604031917,ok,True,0.729777,False,,,,,-1.172066,0.333333
202604032006,ok,True,1.106958,False,,,,,0.067449,1.0
202604032125,ok,True,1.256239,False,,,,,1.256239,4.333333
202604032142,ok,True,1.029803,False,,,,,-0.1084,5.0
202604032336,ok,True,3.204853,False,,,,,1.242698,3.0
202604040026,ok,True,2.617667,False,,,,,0.484073,6.333333
202604040107,ok,True,41.431139,True,0.78204,0.955914,-40.0,40.0,0.902947,4.333333
202604040251,ok,True,1.711024,False,,,,,1.711024,2.0
202604040316,ok,True,2.677769,False,,,,,1.563041,4.0
202604040419,ok,True,2.473133,False,,,,,0.816489,5.333333
202604040549,ok,True,1.430738,False,,,,,1.430738,0.0
202604040601,ok,True,1.049208,False,,,,,0.724453,3.666667
202604040652,ok,True,1.986458,False,,,,,1.418898,2.333333
202604040738,ok,True,2.050097,False,,,,,2.005723,12.666667
202604041122,ok,True,2.160134,False,,,,,1.744481,3.0
202604041157,ok,True,3.98338,False,,,,,3.98338,6.0
202604041329,ok,True,2.770101,False,,,,,-0.30298,6.666667
202604041500,ok,True,1.76966,False,,,,,1.260279,2.333333
202604041618,no_onset,False,,False,,,,,,
202604041702,ok,True,1.27078,False,,,,,0.566963,6.333333
202604041848,ok,True,3.402719,False,,,,,1.396542,6.666667
202604041935,ok,True,1.787648,False,,,,,1.635929,3.0
202604042254,ok,True,2.0539,False,,,,,1.222198,6.0
202604050021,ok,True,3.421893,False,,,,,1.472579,8.333333
202604050151,ok,True,1.03332,False,,,,,0.74194,4.333333
202604050323,ok,True,5.075795,True,0.080531,0.171571,-120.0,-780.0,0.908046,12.666667
202604050334,ok,True,4.370054,False,,,,,4.370054,0.0
202604050355,ok,True,3.017459,False,,,,,1.526479,1.333333
202604050420,ok,True,2.7622,False,,,,,2.7622,2.0
202604050501,ok,True,3.511471,False,,,,,1.235708,0.333333
202604050535,ok,True,1.975861,False,,,,,1.658454,8.333333
202604050559,ok,True,1.351953,False,,,,,0.895112,3.0
202604050641,ok,True,3.52387,False,,,,,2.31254,5.333333
202604050821,ok,True,3.088831,False,,,,,2.167056,5.333333
202604051052,ok,True,5.235735,True,-0.113677,0.115422,40.0,-240.0,5.235735,4.333333
202604051257,ok,True,2.593578,False,,,,,2.593578,0.0
202604052339,ok,True,7.069253,True,0.059137,0.260623,-40.0,180.0,2.277788,2.0
202604060506,ok,True,3.013682,False,,,,,1.736455,7.0
202604071332,solexs_gap,False,,False,,,,,,
202604071536,solexs_gap,False,,False,,,,,,
202604071815,solexs_gap,False,,False,,,,,,
202604072040,no_background,False,,False,,,,,,
202604072204,ok,True,2.130659,False,,,,,0.572533,1.333333
202604072310,ok,True,1.359745,False,,,,,0.735482,3.666667
202604080038,ok,True,2.017517,False,,,,,1.823954,5.0
202604080457,ok,True,2.671338,False,,,,,1.499854,1.333333
202604081222,solexs_gap,False,,False,,,,,,
202604081531,solexs_gap,False,,False,,,,,,
202604082338,ok,True,2.617024,False,,,,,2.194343,9.0
202604090057,ok,True,2.409218,False,,,,,2.337032,6.666667
202604090521,ok,True,1.812962,False,,,,,1.692671,3.0
202604090628,no_onset,False,,False,,,,,,
202604090807,ok,True,3.839409,False,,,,,2.153182,4.0
202604111007,ok,True,2.937232,False,,,,,1.443864,6.0
202604112315,ok,True,1.419112,False,,,,,1.419112,1.333333
202604120047,ok,True,2.498785,False,,,,,0.516053,6.333333
202604120217,ok,True,1.763604,False,,,,,0.473019,0.666667
202604120309,ok,True,1.373215,False,,,,,-0.323109,4.0
202604120455,ok,True,1.696088,False,,,,,1.696088,3.333333
202604120731,ok,True,3.423167,False,,,,,3.423167,3.0
202604120829,ok,True,2.475274,False,,,,,1.473173,1.666667
202604131120,ok,True,2.70629,False,,,,,0.982591,10.0
202604160039,not in onset study,False,,False,,,,,,
202604161216,not in onset study,False,,False,,,,,,
202604161300,not in onset study,False,,False,,,,,,
202604162115,not in onset study,False,,False,,,,,,
202604170427,not in onset study,False,,False,,,,,,
202604180640,ok,True,3.364611,False,,,,,1.37251,10.333333
202604200833,ok,True,2.124646,False,,,,,0.020235,7.0
202604201457,ok,True,2.36969,False,,,,,0.561196,5.666667
202604210103,ok,True,2.233797,False,,,,,0.362629,5.666667
202604210553,ok,True,2.582141,False,,,,,0.619986,8.666667
202604210647,ok,True,2.830916,False,,,,,2.772546,2.0
202604210700,ok,True,1.819643,False,,,,,0.44546,0.0
202604210942,ok,True,3.17129,False,,,,,1.438914,0.333333
202604211126,ok,True,1.025226,False,,,,,0.926943,1.0
202604211145,ok,True,2.6735,False,,,,,1.163759,1.666667
202604211341,ok,True,1.763025,False,,,,,1.763025,15.666667
202604211415,ok,True,2.735817,False,,,,,1.703433,5.333333
202604211629,ok,True,3.0677,False,,,,,3.0677,6.0
202604211817,ok,True,2.052958,False,,,,,0.748206,6.0
202604212120,ok,True,2.720297,False,,,,,0.978235,9.333333
202604212313,ok,True,3.235609,False,,,,,3.126134,5.0
202604220132,ok,True,1.507065,False,,,,,1.507065,2.666667
202604220422,ok,True,3.669687,False,,,,,3.361022,2.0
202604220610,ok,True,4.625079,False,,,,,1.666956,5.0
202604220949,ok,True,2.483738,False,,,,,2.483738,0.333333
202604221635,solexs_gap,False,,False,,,,,,
202604221701,solexs_gap,False,,False,,,,,,
202604221905,solexs_gap,False,,False,,,,,,
202604222302,solexs_gap,False,,False,,,,,,
202604230102,not in onset study,False,,False,,,,,,
202604230216,not in onset study,False,,False,,,,,,
202604230424,not in onset study,False,,False,,,,,,
202604230450,not in onset study,False,,False,,,,,,
202604230748,not in onset study,False,,False,,,,,,
202604230806,not in onset study,False,,False,,,,,,
202604230840,not in onset study,False,,False,,,,,,
202604230947,not in onset study,False,,False,,,,,,
202604231151,not in onset study,False,,False,,,,,,
202604231226,not in onset study,False,,False,,,,,,
202604231259,not in onset study,False,,False,,,,,,
202604231342,not in onset study,False,,False,,,,,,
202604231514,not in onset study,False,,False,,,,,,
202604231542,not in onset study,False,,False,,,,,,
202604231700,not in onset study,False,,False,,,,,,
202604231959,not in onset study,False,,False,,,,,,
202604232304,not in onset study,False,,False,,,,,,
202604240051,ok,True,332.944018,True,0.755991,0.965329,-60.0,80.0,2.014684,8.666667
202604240357,ok,True,3.191493,False,,,,,1.210323,0.666667
202604240522,ok,True,4.289481,False,,,,,2.623799,0.666667
202604240707,ok,True,1.415226,False,,,,,0.169827,1.333333
202604240801,ok,True,292.365351,True,0.561857,0.938764,-80.0,120.0,-0.278594,5.0
202604240857,ok,True,2.302538,False,,,,,0.671532,5.333333
202604241050,ok,True,2.112691,False,,,,,2.112691,4.666667
202604241216,ok,True,3.481657,False,,,,,3.481657,0.0
202604241234,ok,True,1.250183,False,,,,,0.403337,14.0
202604241433,ok,True,1.957668,False,,,,,1.381884,1.666667
202604241555,ok,True,2.884029,False,,,,,2.884029,2.333333
202604241640,ok,True,2.455146,False,,,,,1.296022,0.666667
202604241704,ok,True,2.347228,False,,,,,0.368722,9.333333
202604241754,ok,True,12.544123,True,0.966827,0.975423,-20.0,100.0,1.166307,7.0
202604250117,ok,True,3.116472,False,,,,,1.604963,3.0
202604250703,ok,True,3.069312,False,,,,,2.109362,1.333333
202604250740,ok,True,3.698884,False,,,,,1.221163,0.333333
202604250756,ok,True,2.525919,False,,,,,2.525919,0.666667
202604250930,ok,True,1.831345,False,,,,,1.031494,1.0
202604250947,ok,True,2.21347,False,,,,,-0.151998,0.333333
202604251225,ok,True,1.903639,False,,,,,-0.041086,5.666667
202604251308,ok,True,2.53737,False,,,,,1.718346,4.333333
202604251422,ok,True,1.878321,False,,,,,1.878321,1.0
202604251553,ok,True,1.174544,False,,,,,0.703564,4.0
202604251926,ok,True,3.200973,False,,,,,2.12128,5.333333
202604252124,no_onset,False,,False,,,,,,
202604252342,ok,True,1.921662,False,,,,,1.08173,1.333333
202604260008,ok,True,9.760227,True,0.867807,0.867807,0.0,0.0,1.409513,12.666667
202604260519,ok,True,2.662464,False,,,,,1.206983,7.666667
202604260708,ok,True,0.610145,False,,,,,0.610145,1.333333
202604261103,ok,True,1.848604,False,,,,,1.586302,4.333333
202604261132,ok,True,2.044261,False,,,,,1.316643,2.666667
202604261218,ok,True,1.76173,False,,,,,1.76173,1.0
202604261231,ok,True,1.180359,False,,,,,0.650402,0.0
202604261354,ok,True,0.926409,False,,,,,0.60948,5.0
202604261418,ok,True,0.103238,False,,,,,-0.052558,0.333333
202604261504,ok,True,1.498868,False,,,,,1.481235,1.333333
202604261518,no_onset,False,,False,,,,,,
202604261549,ok,True,1.026542,False,,,,,0.427726,4.666667
202604261607,no_onset,False,,False,,,,,,
202604261734,ok,True,2.157182,False,,,,,0.927053,2.666667
202604261757,ok,True,0.671794,False,,,,,0.216554,1.666667
202604261900,ok,True,1.986296,False,,,,,1.795101,5.333333
202604261918,ok,True,1.680295,False,,,,,1.680295,0.0
202604261954,ok,True,2.442573,False,,,,,2.442573,8.0
202604262130,ok,True,2.196168,False,,,,,1.453251,4.0
202604262139,ok,True,2.901838,False,,,,,0.64288,11.333333
202604262243,ok,True,0.725311,False,,,,,0.613207,0.0
202604262251,ok,True,62.731559,True,0.883454,0.898922,-20.0,20.0,0.734383,8.666667
202604270058,ok,True,2.045166,False,,,,,1.035402,1.666667
202604270107,ok,True,2.616481,False,,,,,0.172018,0.0
202604270128,ok,True,0.900872,False,,,,,-0.032562,0.666667
202604270153,ok,True,1.035343,False,,,,,0.251248,7.0
202604270209,no_onset,False,,False,,,,,,
202604270330,ok,True,3.657815,False,,,,,3.478816,2.0
202604270405,ok,True,1.776707,False,,,,,1.033122,2.333333
202604270537,ok,True,2.326096,False,,,,,0.38982,1.0
202604270602,ok,True,2.870698,False,,,,,2.508777,3.0
202604270639,ok,True,12.390645,True,0.881334,0.89929,-20.0,20.0,4.946266,7.0
202604270738,ok,True,2.815442,False,,,,,1.361135,3.0
202604271000,ok,True,0.724453,False,,,,,0.216503,0.333333
202604271837,ok,True,2.331573,False,,,,,2.331573,2.666667
202604272140,ok,True,2.77432,False,,,,,1.654411,1.666667
202604272245,ok,True,2.603419,False,,,,,2.603419,6.0
202604272306,ok,True,1.432138,False,,,,,0.837724,4.0
202604280054,ok,True,2.32484,False,,,,,2.009121,4.666667
202604280122,ok,True,1.31708,False,,,,,0.824884,2.333333
202604280458,ok,True,5.28139,True,0.06339,0.06339,0.0,-380.0,5.28139,6.333333
202604280809,ok,True,0.905013,False,,,,,0.648877,3.333333
202604280913,ok,True,2.619164,False,,,,,2.257829,2.666667
202604280928,ok,True,2.14806,False,,,,,0.897121,0.0
202604281112,ok,True,2.71312,False,,,,,1.735487,3.666667
202604281141,ok,True,4.268626,False,,,,,4.268626,2.666667
202604281200,ok,True,1.247587,False,,,,,-1.315184,0.0
202604281217,ok,True,2.045708,False,,,,,-0.647313,0.0
202604281349,ok,True,6.205212,True,0.845881,0.845881,0.0,0.0,6.205212,0.666667
202604281403,ok,True,5.39344,True,0.85043,0.85043,0.0,,1.364728,
202604281430,ok,True,2.287706,False,,,,,1.369842,1.666667
202604281549,ok,True,1.877071,False,,,,,1.197352,1.0
202604281601,ok,True,0.945139,False,,,,,0.076633,0.0
202604281810,ok,True,5.067042,True,-0.041537,-0.041537,0.0,-920.0,3.662318,18.0
202604281843,ok,True,1.537825,False,,,,,0.681501,0.333333
202604281949,ok,True,1.07497,False,,,,,0.822036,1.0
202604282202,ok,True,1.150294,False,,,,,0.274876,0.333333
202604282239,ok,True,2.652997,False,,,,,0.299774,0.333333
202604290000,solexs_gap,False,,False,,,,,,
202604290037,not in onset study,False,,False,,,,,,
202604290100,not in onset study,False,,False,,,,,,
202604290344,not in onset study,False,,False,,,,,,
202604290439,not in onset study,False,,False,,,,,,
202604290605,not in onset study,False,,False,,,,,,
202604290645,not in onset study,False,,False,,,,,,
202604290659,not in onset study,False,,False,,,,,,
202604290720,not in onset study,False,,False,,,,,,
202604291118,not in onset study,False,,False,,,,,,
202604291155,not in onset study,False,,False,,,,,,
202604291403,not in onset study,False,,False,,,,,,
202604291505,not in onset study,False,,False,,,,,,
202604291544,not in onset study,False,,False,,,,,,
202604291608,not in onset study,False,,False,,,,,,
202604291930,not in onset study,False,,False,,,,,,
202604300016,ok,True,2.511518,False,,,,,-0.071288,1.0
202604300024,ok,True,4.106334,False,,,,,1.696832,9.666667
202604300133,ok,True,1.516693,False,,,,,0.28438,14.666667
202604300208,ok,True,2.838117,False,,,,,2.219104,3.666667
202604300846,ok,True,3.983141,False,,,,,1.23049,13.666667
202604300911,no_onset,False,,False,,,,,,
202604300935,ok,True,1.872056,False,,,,,1.872056,0.333333
202604302245,ok,True,1.384633,False,,,,,0.319213,1.333333
202605010246,ok,True,2.163166,False,,,,,1.72532,1.0
202605010412,ok,True,1.933779,False,,,,,1.108604,5.0
202605010654,ok,True,2.237166,False,,,,,2.237166,0.666667
202605010847,ok,True,3.162114,False,,,,,0.743202,0.0
202605010929,ok,True,2.160818,False,,,,,2.160818,7.333333
202605011410,ok,True,1.65168,False,,,,,1.059444,0.666667
202605011524,ok,True,6.13676,True,0.524615,0.790875,40.0,-40.0,6.13676,1.333333
202605012310,ok,True,3.535877,False,,,,,3.535877,0.666667
202605012321,ok,True,1.248525,False,,,,,1.087796,0.666667
202605020230,ok,True,1.942284,False,,,,,1.767416,4.0
202605020537,ok,True,1.505729,False,,,,,0.341995,6.0
202605020616,ok,True,2.702315,False,,,,,1.266302,3.333333
202605020756,ok,True,4.169894,False,,,,,0.914329,4.0
202605020922,ok,True,1.412914,False,,,,,0.549822,0.0
202605021020,ok,True,2.209356,False,,,,,2.209356,2.0
202605021044,ok,True,3.14558,False,,,,,1.306059,13.333333
202605021144,ok,True,1.488052,False,,,,,-0.01043,1.0
202605021155,no_onset,False,,False,,,,,,
202605021205,no_onset,False,,False,,,,,,
202605021356,ok,True,3.983406,False,,,,,2.575773,1.333333
202605021511,ok,True,1.238792,False,,,,,1.198724,2.666667
202605021531,no_onset,False,,False,,,,,,
202605021830,ok,True,1.407727,False,,,,,1.377267,1.0
202605022017,ok,True,2.333286,False,,,,,-0.164589,4.0
202605030220,ok,True,2.712499,False,,,,,2.712499,3.666667
202605030333,ok,True,2.637335,False,,,,,0.431977,2.333333
202605030656,ok,True,1.896509,False,,,,,0.0,2.0
202605040113,ok,True,3.054552,False,,,,,3.054552,14.666667
202605041039,ok,True,1.772947,False,,,,,0.629525,3.0
202605041133,ok,True,2.416538,False,,,,,0.453537,14.0
202605050419,ok,True,2.397333,False,,,,,0.740013,0.333333
202605050504,ok,True,1.906561,False,,,,,1.265045,3.333333
202605050521,ok,True,2.187399,False,,,,,-0.685712,1.333333
202605050537,no_onset,False,,False,,,,,,
202605050830,ok,True,4.176299,False,,,,,1.15495,0.0
202605051409,ok,True,1.409686,False,,,,,0.951032,0.333333
202605051459,ok,True,2.162543,False,,,,,1.355935,5.333333
202605060433,ok,True,1.712421,False,,,,,1.404643,4.0
202605061719,ok,True,2.860771,False,,,,,2.011843,1.333333
202605070128,ok,True,1.435087,False,,,,,-0.334854,6.666667
202605071035,ok,True,2.305565,False,,,,,2.305565,3.0
202605071253,ok,True,4.147282,False,,,,,-0.07804,1.333333
202605071420,ok,True,1.686227,False,,,,,0.659828,25.333333
202605071745,ok,True,1.997022,False,,,,,1.997022,3.333333
202605080149,solexs_gap,False,,False,,,,,,
202605080358,solexs_gap,False,,False,,,,,,
202605081113,solexs_gap,False,,False,,,,,,
202605081541,ok,True,2.408033,False,,,,,-0.239595,2.333333
202605081756,ok,True,3.436156,False,,,,,2.222072,0.0
202605081820,ok,True,3.437309,False,,,,,3.437309,2.0
202605081901,ok,True,1.11929,False,,,,,0.317193,1.333333
202605081916,ok,True,1.606692,False,,,,,0.895766,0.666667
202605082005,ok,True,1.360815,False,,,,,0.295829,10.333333
202605082200,ok,True,1.61469,False,,,,,-0.265708,4.333333
202605082319,ok,True,1.95236,False,,,,,1.607572,4.0
202605090011,ok,True,2.704548,False,,,,,0.954823,5.333333
202605090218,ok,True,2.735435,False,,,,,1.348982,2.333333
202605090321,ok,True,2.678413,False,,,,,1.534711,6.666667
202605090514,ok,True,2.267924,False,,,,,2.267924,0.0
202605090622,ok,True,2.064852,False,,,,,0.211037,0.0
202605090753,ok,True,3.075221,False,,,,,1.794831,7.666667
202605090919,ok,True,2.915541,False,,,,,1.23149,1.0
202605091315,ok,True,1.508977,False,,,,,1.013305,0.0
202605091359,ok,True,1.825679,False,,,,,0.573459,1.0
202605091422,no_onset,False,,False,,,,,,
202605091516,ok,True,3.038874,False,,,,,3.038874,9.333333
202605091620,ok,True,2.095227,False,,,,,0.136333,0.333333
202605091848,ok,True,2.33964,False,,,,,2.33964,3.0
202605091912,no_onset,False,,False,,,,,,
202605092021,ok,True,1.38544,False,,,,,1.38544,4.0
202605092137,ok,True,2.053017,False,,,,,1.390056,11.333333
202605092157,no_onset,False,,False,,,,,,
202605100227,ok,True,1.966204,False,,,,,0.706306,3.0
202605100236,ok,True,1.980857,False,,,,,1.980857,8.666667
202605100356,ok,True,1.846557,False,,,,,1.581183,0.0
202605100459,ok,True,1.355004,False,,,,,1.355004,1.333333
202605100632,ok,True,1.224323,False,,,,,1.224323,2.666667
202605100728,ok,True,2.384999,False,,,,,2.384999,2.333333
202605100915,ok,True,2.040126,False,,,,,2.040126,3.0
202605100932,ok,True,2.716676,False,,,,,1.187071,14.333333
202605101036,ok,True,3.484602,False,,,,,1.337767,3.0
202605101319,ok,True,29.477422,True,0.96683,0.96683,0.0,80.0,1.168703,17.333333
202605101927,ok,True,5.004286,True,0.038145,0.530711,100.0,-80.0,1.610075,0.666667
202605102058,ok,True,1.809609,False,,,,,0.501755,5.666667
202605102311,ok,True,1.638573,False,,,,,1.396636,2.666667
202605110045,ok,True,2.19549,False,,,,,1.860508,3.0
202605110821,ok,True,3.257,False,,,,,0.226856,7.666667
202605111149,ok,True,1.330332,False,,,,,0.721115,1.666667
202605111405,ok,True,2.209413,False,,,,,1.956631,8.666667
202605120048,ok,True,2.48419,False,,,,,2.48419,2.666667
202605120644,no_onset,False,,False,,,,,,
202605120926,ok,True,3.339498,False,,,,,0.241674,2.333333
202605121019,ok,True,1.408621,False,,,,,1.221183,2.0
202605121038,ok,True,0.781526,False,,,,,0.598037,2.333333
202605121240,ok,True,2.055021,False,,,,,1.989748,12.0
202605121711,ok,True,2.692775,False,,,,,0.762693,13.333333
202605122142,ok,True,1.859139,False,,,,,1.767631,0.333333
202605122211,ok,True,1.813271,False,,,,,0.796915,4.0
202605130143,ok,True,3.978651,False,,,,,3.978651,6.666667
202605130631,ok,True,1.128935,False,,,,,1.119368,0.333333
202605131028,ok,True,1.909295,False,,,,,1.021251,4.0
202605131646,ok,True,1.356203,False,,,,,1.356203,4.0
202605131706,ok,True,2.689029,False,,,,,2.117276,1.666667
202605131800,ok,True,5.712094,True,-0.050249,0.589981,120.0,-140.0,0.948503,0.333333
202605131935,ok,True,3.689171,False,,,,,0.826984,4.0
202605140205,ok,True,3.22792,False,,,,,1.108092,5.0
202605140327,ok,True,2.829114,False,,,,,2.804133,0.666667
202605140520,ok,True,1.577193,False,,,,,0.069309,12.333333
202605140556,ok,True,1.792777,False,,,,,1.47997,5.333333
202605140631,ok,True,3.145507,False,,,,,2.62972,10.333333
202605140848,ok,True,4.198976,False,,,,,4.198976,1.333333
202605140913,ok,True,1.737595,False,,,,,-0.031268,2.0
202605141033,ok,True,3.678223,False,,,,,3.048698,0.0
202605141046,ok,True,3.054298,False,,,,,0.157805,3.666667
202605141126,ok,True,1.879848,False,,,,,1.879848,5.666667
202605141321,ok,True,2.568373,False,,,,,0.526165,0.0
202605141424,ok,True,1.773911,False,,,,,0.466748,6.0
202605141704,ok,True,2.109068,False,,,,,0.958667,4.0
202605141718,ok,True,1.128224,False,,,,,0.342133,0.0
202605141821,ok,True,2.697963,False,,,,,-0.13907,1.666667
202605142155,ok,True,3.705232,False,,,,,2.936938,0.333333
202605142214,ok,True,2.118138,False,,,,,2.118138,0.333333
202605142258,ok,True,2.697963,False,,,,,2.596327,0.666667
202605142316,no_onset,False,,False,,,,,,
202605150148,ok,True,1.634648,False,,,,,1.51562,0.333333
202605150252,ok,True,3.055283,False,,,,,0.887277,6.666667
202605151143,ok,True,2.978782,False,,,,,2.6376,2.0
202605151308,ok,True,16.833737,True,0.602231,0.750326,20.0,-20.0,16.833737,0.666667
202605151340,ok,True,3.362387,False,,,,,1.600657,6.666667
202605151605,ok,True,1.961385,False,,,,,1.847014,1.333333
202605161419,ok,True,2.669056,False,,,,,0.819024,4.333333
202605161508,ok,True,2.294819,False,,,,,2.294819,2.0
202605161550,ok,True,4.471599,False,,,,,-0.071267,12.333333
202605161622,no_onset,False,,False,,,,,,
202605161739,ok,True,8.515914,True,0.881267,0.893643,20.0,0.0,0.798616,8.0
202605161902,ok,True,1.16702,False,,,,,-0.42549,0.666667
202605161957,ok,True,2.244323,False,,,,,1.002783,0.666667
202605162222,ok,True,3.097382,False,,,,,0.180869,0.333333
202605162313,ok,True,2.801201,False,,,,,0.006883,9.333333
202605170329,ok,True,3.468126,False,,,,,3.468126,4.0
202605170436,solexs_gap,False,,False,,,,,,
202605170521,solexs_gap,False,,False,,,,,,
202605171123,solexs_gap,False,,False,,,,,,
202605171201,solexs_gap,False,,False,,,,,,
202605171225,solexs_gap,False,,False,,,,,,
202605172042,solexs_gap,False,,False,,,,,,
202605181810,ok,True,4.627007,False,,,,,1.092675,11.0
202605190729,ok,True,1.243394,False,,,,,0.827968,2.666667
202605191640,ok,True,2.590184,False,,,,,1.15776,1.333333
202605191944,ok,True,2.485623,False,,,,,2.098416,12.0
202605192113,ok,True,2.080838,False,,,,,0.826634,4.666667
202605192140,ok,True,1.685323,False,,,,,1.685323,0.333333
202605192158,ok,True,1.781674,False,,,,,0.28634,1.666667
202605200412,ok,True,2.701073,False,,,,,1.0683,28.0
202605200959,ok,True,2.526229,False,,,,,1.908983,5.666667
202605211309,ok,True,3.018346,False,,,,,3.018346,6.666667
202605211804,ok,True,2.355365,False,,,,,1.092033,6.0
202605211819,ok,True,2.695272,False,,,,,0.267289,1.0
202605212304,ok,True,1.579577,False,,,,,0.432366,0.0
202605220022,not in onset study,False,,False,,,,,,
202605220323,not in onset study,False,,False,,,,,,
202605220438,not in onset study,False,,False,,,,,,
202605220452,not in onset study,False,,False,,,,,,
202605220640,not in onset study,False,,False,,,,,,
202605220928,not in onset study,False,,False,,,,,,
202605220949,not in onset study,False,,False,,,,,,
202605221003,not in onset study,False,,False,,,,,,
202605221255,not in onset study,False,,False,,,,,,
202605222011,not in onset study,False,,False,,,,,,
202605222125,not in onset study,False,,False,,,,,,
202605222252,not in onset study,False,,False,,,,,,
202605222333,not in onset study,False,,False,,,,,,
202605230217,ok,True,2.752306,False,,,,,1.256279,3.0
202605230322,ok,True,2.037579,False,,,,,0.494627,0.666667
202605230346,ok,True,2.532017,False,,,,,0.990324,0.666667
202605230535,ok,True,2.646079,False,,,,,1.300676,4.666667
202605230711,ok,True,1.714331,False,,,,,1.152255,0.0
202605230910,ok,True,1.52463,False,,,,,1.52463,0.333333
202605231135,ok,True,4.091533,False,,,,,2.227898,6.333333
202605231402,ok,True,1.697544,False,,,,,1.231285,3.0
202605231708,ok,True,1.85434,False,,,,,1.783019,0.333333
202605231734,ok,True,1.983308,False,,,,,0.670336,0.333333
202605231907,ok,True,1.813662,False,,,,,1.729175,3.666667
202605231945,ok,True,2.128101,False,,,,,2.128101,0.0
202605232100,ok,True,1.39921,False,,,,,1.252113,2.0
202605232157,ok,True,3.244988,False,,,,,1.353441,4.666667
202605232223,ok,True,1.61092,False,,,,,0.982268,3.666667
202605232343,ok,True,1.931057,False,,,,,1.931057,9.333333
202605240048,ok,True,2.312423,False,,,,,2.189639,11.333333
202605240218,ok,True,1.42708,False,,,,,1.42708,0.0
202605240233,no_onset,False,,False,,,,,,
202605250051,ok,True,2.264804,False,,,,,1.534621,4.333333
202605250641,ok,True,1.894025,False,,,,,1.280851,2.0
202605260711,ok,True,5.571533,True,0.144948,0.213788,80.0,-40.0,5.571533,0.666667
202605261230,ok,True,5.669213,True,0.322279,0.76899,80.0,-120.0,5.669213,2.333333
202605261350,ok,True,2.813905,False,,,,,0.226153,4.0
202605262010,ok,True,1.725617,False,,,,,0.620531,0.666667
202605262040,ok,True,3.639534,False,,,,,3.639534,3.666667
202605262051,no_onset,False,,False,,,,,,
202605262339,ok,True,1.436578,False,,,,,1.436578,1.0
202605270149,ok,True,2.087174,False,,,,,1.255302,4.0
202605271207,ok,True,1.673096,False,,,,,1.442501,5.0
202605271320,ok,True,1.407852,False,,,,,1.407852,1.0
202605280958,solexs_gap,False,,False,,,,,,
202605281509,ok,True,1.750217,False,,,,,1.117233,1.0
202605281628,ok,True,2.344347,False,,,,,2.009648,3.666667
202605290450,ok,True,0.672033,False,,,,,0.672033,10.666667
202605290524,ok,True,3.451144,False,,,,,2.533088,4.0
202605290640,ok,True,1.889353,False,,,,,0.057639,15.333333
202605291541,ok,True,2.091775,False,,,,,2.091775,1.0
202605291901,ok,True,2.207424,False,,,,,2.207424,4.333333
202605291928,ok,True,1.85485,False,,,,,1.462916,0.333333
202605291936,ok,True,2.764427,False,,,,,2.235174,0.0
202605292111,ok,True,3.236193,False,,,,,0.838004,7.333333
202605300235,ok,True,1.772332,False,,,,,1.772332,0.333333
202605300729,ok,True,2.058229,False,,,,,1.797556,6.666667
202605300840,ok,True,4.127883,False,,,,,3.7082,2.666667
202605301145,ok,True,1.206148,False,,,,,1.206148,2.666667
202605301437,ok,True,1.984182,False,,,,,0.785814,1.0
202605301727,ok,True,1.135984,False,,,,,0.686324,3.666667
202605302222,ok,True,3.217187,False,,,,,3.217187,0.666667
202605302231,ok,True,2.066297,False,,,,,1.069091,0.0
202605310159,solexs_gap,False,,False,,,,,,
202605310253,solexs_gap,False,,False,,,,,,
202605310422,solexs_gap,False,,False,,,,,,
202605310444,solexs_gap,False,,False,,,,,,
202605310802,solexs_gap,False,,False,,,,,,
202605310859,solexs_gap,False,,False,,,,,,
202605311012,solexs_gap,False,,False,,,,,,
202605311239,ok,True,1.989423,False,,,,,1.989423,1.0
202605311246,ok,True,2.987497,False,,,,,2.596015,6.333333
202605311756,ok,True,1.717453,False,,,,,0.11866,1.666667
202605311831,ok,True,3.707044,False,,,,,1.911942,1.666667
202605311939,ok,True,3.815088,False,,,,,1.214083,1.333333
202605312142,ok,True,2.17318,False,,,,,1.110737,1.0
202606010511,ok,True,2.324554,False,,,,,2.324554,1.666667
202606020228,ok,True,1.959414,False,,,,,1.507242,2.666667
202606020240,ok,True,2.59543,False,,,,,1.237829,0.666667
202606020411,ok,True,2.113404,False,,,,,0.779412,7.333333
202606020442,ok,True,4.302178,False,,,,,4.302178,1.0
202606020646,ok,True,4.024209,False,,,,,3.377506,13.333333
202606020751,ok,True,0.912197,False,,,,,0.912197,0.333333
202606020821,ok,True,2.09661,False,,,,,2.09661,3.0
202606020831,ok,True,1.468512,False,,,,,-0.039843,10.0
202606020951,ok,True,2.972614,False,,,,,1.468423,7.666667
202606021057,ok,True,1.385403,False,,,,,1.385403,2.0
202606021353,ok,True,1.283131,False,,,,,0.879076,1.0
202606021631,ok,True,6.791318,True,0.710342,0.900263,80.0,-100.0,1.417049,7.666667
202606021807,ok,True,2.553507,False,,,,,0.322583,3.0
202606021835,ok,True,1.557927,False,,,,,0.903098,0.0
202606022024,ok,True,2.328015,False,,,,,1.469572,6.0
202606030022,ok,True,2.279069,False,,,,,0.660291,8.0
202606030111,ok,True,2.97063,False,,,,,2.97063,3.0
202606030122,ok,True,65.12604,True,0.932045,0.947697,-20.0,0.0,0.455972,16.333333
202606030324,ok,True,2.995311,False,,,,,1.208843,0.666667
202606030450,ok,True,1.602605,False,,,,,1.602605,0.666667
202606030649,ok,True,129.50076,True,0.87828,0.87828,0.0,-20.0,2.998551,7.333333
202606031053,ok,True,3.829814,False,,,,,3.829814,3.0
202606031119,ok,True,59.743583,True,0.903701,0.939087,-20.0,0.0,42.005689,3.333333
202606031526,ok,True,2.511694,False,,,,,2.511694,0.666667
202606031921,ok,True,2.114929,False,,,,,1.251994,0.666667
202606032046,ok,True,1.234469,False,,,,,0.407715,0.333333
202606032327,ok,True,1.467501,False,,,,,1.316283,9.0
202606040154,not in onset study,False,,False,,,,,,
202606040341,not in onset study,False,,False,,,,,,
202606040616,not in onset study,False,,False,,,,,,
202606040631,not in onset study,False,,False,,,,,,
202606041250,not in onset study,False,,False,,,,,,
202606041554,not in onset study,False,,False,,,,,,
202606041625,not in onset study,False,,False,,,,,,
202606042337,not in onset study,False,,False,,,,,,
202606050154,ok,True,1.904225,False,,,,,0.689397,1.333333
202606050217,ok,True,2.004201,False,,,,,1.464609,0.0
202606051140,ok,True,2.296123,False,,,,,1.575064,8.333333
202606051151,ok,True,3.193973,False,,,,,0.682792,7.0
202606051320,ok,True,0.403672,False,,,,,0.153293,1.666667
202606051452,ok,True,1.806462,False,,,,,1.431093,5.666667
202606051510,no_onset,False,,False,,,,,,
202606051815,ok,True,0.923464,False,,,,,0.502473,1.0
202606051831,ok,True,1.75003,False,,,,,0.741332,12.333333
202606052218,ok,True,4.235512,False,,,,,4.235512,19.666667
202606060352,ok,True,2.248303,False,,,,,0.22483,7.666667
202606060410,no_onset,False,,False,,,,,,
202606060623,ok,True,1.314157,False,,,,,0.808289,2.333333
202606061149,ok,True,1.434631,False,,,,,1.434631,4.0
202606061304,ok,True,3.125028,False,,,,,0.827014,7.666667
202606061340,ok,True,5.259665,True,0.614129,0.614129,0.0,-20.0,3.644975,3.333333
202606070145,ok,True,1.197396,False,,,,,1.146443,0.333333
202606070221,ok,True,2.036073,False,,,,,1.094307,1.666667
202606070238,no_onset,False,,False,,,,,,
202606070410,ok,True,3.210576,False,,,,,1.252626,5.333333
202606070527,ok,True,1.642096,False,,,,,0.16421,0.0
202606070541,ok,True,3.159069,False,,,,,0.480728,14.0
202606070636,ok,True,4.266154,False,,,,,4.190274,7.666667
202606070755,ok,True,1.707974,False,,,,,1.707974,1.666667
202606070816,ok,True,3.758913,False,,,,,3.758913,9.666667
202606070917,ok,True,2.232797,False,,,,,1.034994,2.666667
202606071321,ok,True,2.734155,False,,,,,2.734155,4.0
202606071342,no_onset,False,,False,,,,,,
202606071350,ok,True,2.789264,False,,,,,1.137985,10.0
202606071541,ok,True,2.84271,False,,,,,0.716273,12.0
202606071640,ok,True,1.694257,False,,,,,1.694257,4.0
202606071855,ok,True,3.589531,False,,,,,1.938192,2.333333
202606071927,ok,True,1.08349,False,,,,,0.403259,0.333333
202606080214,ok,True,1.778568,False,,,,,1.778568,8.0
202606080236,ok,True,0.519212,False,,,,,0.072787,4.0
202606080413,ok,True,3.205619,False,,,,,1.117796,4.666667
202606080500,ok,True,2.696598,False,,,,,1.240207,6.666667
202606080631,ok,True,1.368554,False,,,,,1.368554,4.666667
202606080821,ok,True,1.78925,False,,,,,0.4931,0.333333
202606081235,ok,True,2.206446,False,,,,,0.728307,1.0
202606081729,ok,True,1.011736,False,,,,,0.590179,0.333333
202606090032,not in onset study,False,,False,,,,,,
202606090054,not in onset study,False,,False,,,,,,
202606090153,not in onset study,False,,False,,,,,,
202606090232,not in onset study,False,,False,,,,,,
202606090416,not in onset study,False,,False,,,,,,
202606090522,not in onset study,False,,False,,,,,,
202606090551,not in onset study,False,,False,,,,,,
202606090601,not in onset study,False,,False,,,,,,
202606090628,not in onset study,False,,False,,,,,,
202606090657,not in onset study,False,,False,,,,,,
202606090904,not in onset study,False,,False,,,,,,
202606090939,not in onset study,False,,False,,,,,,
202606091247,not in onset study,False,,False,,,,,,
202606091322,not in onset study,False,,False,,,,,,
202606091902,not in onset study,False,,False,,,,,,
202606091935,not in onset study,False,,False,,,,,,
202606092010,not in onset study,False,,False,,,,,,
202606092059,not in onset study,False,,False,,,,,,
202606092117,not in onset study,False,,False,,,,,,
202606100051,ok,True,4.346718,False,,,,,4.346718,3.333333
202606100128,ok,True,2.119356,False,,,,,1.186971,1.333333
202606101317,ok,True,0.897003,False,,,,,0.841375,5.333333
202606102330,ok,True,2.431249,False,,,,,1.767427,11.333333
202606110037,ok,True,2.950164,False,,,,,1.339917,0.0
202606110638,ok,True,1.725441,False,,,,,0.452648,3.666667
202606110800,ok,True,1.37964,False,,,,,1.216127,2.0
202606110822,ok,True,6.036651,True,0.739253,0.888641,20.0,-40.0,6.036651,1.666667
202606111124,ok,True,2.632952,False,,,,,2.559814,4.333333
202606111706,ok,True,3.400953,False,,,,,1.377481,0.666667
202606112005,ok,True,2.023472,False,,,,,1.818192,1.666667
202606112132,ok,True,2.722715,False,,,,,2.722715,0.333333
202606120204,solexs_gap,False,,False,,,,,,
202606120225,solexs_gap,False,,False,,,,,,
202606121212,ok,True,1.393948,False,,,,,0.965041,2.333333
202606130200,ok,True,2.856667,False,,,,,2.420232,10.333333
202606131240,ok,True,1.641532,False,,,,,0.69887,13.0
202606140848,ok,True,1.705637,False,,,,,-0.312983,3.666667
202606141231,no_onset,False,,False,,,,,,
202606141250,ok,True,1.710473,False,,,,,0.793519,7.666667
202606150150,ok,True,4.493741,False,,,,,1.838739,9.0
202606150731,ok,True,2.585785,False,,,,,1.180004,0.666667
202606150948,ok,True,1.407633,False,,,,,1.407633,2.666667
202606151144,ok,True,1.615341,False,,,,,1.116991,5.333333
202606151846,ok,True,1.49668,False,,,,,-0.34463,1.0
202606160043,ok,True,2.152392,False,,,,,1.636714,0.0
202606161528,ok,True,1.869071,False,,,,,0.731376,0.0
202606170513,solexs_gap,False,,False,,,,,,
202606171208,solexs_gap,False,,False,,,,,,
202606171457,solexs_gap,False,,False,,,,,,
202606180738,ok,True,2.053738,False,,,,,0.981471,12.333333
202606181142,ok,True,1.572228,False,,,,,0.360995,2.333333
202606182149,ok,True,3.008194,False,,,,,2.324989,3.333333
202606191926,ok,True,3.517657,False,,,,,2.365402,15.333333
202606200126,ok,True,3.041869,False,,,,,1.064008,23.0
202606200259,ok,True,2.545181,False,,,,,1.543664,3.333333
202606201115,ok,True,1.936441,False,,,,,1.196677,7.333333
202606201206,ok,False,,False,,,,,,9.0
202606201450,ok,True,11.118117,True,0.804724,0.804724,0.0,0.0,2.237845,2.666667
202606202122,ok,True,1.156848,False,,,,,0.364649,11.666667
202606202301,ok,True,5.42928,True,0.586147,0.586147,0.0,-20.0,5.42928,1.333333
202606210101,ok,True,2.729025,False,,,,,2.729025,1.333333
202606210225,ok,True,2.332204,False,,,,,2.09918,12.0
202606210831,ok,True,2.111256,False,,,,,0.563002,0.666667
202606211807,ok,True,1.783002,False,,,,,1.043994,8.666667
202606211917,ok,True,40.656867,True,0.773874,0.885938,40.0,-20.0,1.511464,6.0
202606212230,ok,True,2.485368,False,,,,,0.137651,0.0
202606232201,ok,True,2.934035,False,,,,,0.888568,2.0
202606232303,ok,True,1.098839,False,,,,,0.058069,8.0
202606232318,ok,True,1.017083,False,,,,,1.017083,0.0
202606240034,ok,True,2.674297,False,,,,,0.38655,28.333333
202606240328,ok,True,1.646916,False,,,,,0.546213,0.333333
202606240344,ok,True,2.04523,False,,,,,1.080636,0.333333
202606240640,ok,True,2.732259,False,,,,,0.712598,9.333333
202606240707,ok,True,1.516834,False,,,,,1.516834,1.333333
202606240856,ok,True,1.599507,False,,,,,1.599507,0.333333
202606240908,ok,True,1.752719,False,,,,,1.752719,0.0
202606240958,ok,True,2.682634,False,,,,,1.142035,0.333333
202606241428,ok,True,1.617365,False,,,,,0.515579,12.0
202606241608,ok,True,2.363756,False,,,,,2.363756,2.666667
202606241832,ok,True,3.20215,False,,,,,1.086804,7.666667
202606242022,ok,True,2.019725,False,,,,,1.573812,5.0
202606242202,ok,True,1.480092,False,,,,,0.483652,2.333333
202606250237,ok,True,1.653845,False,,,,,1.230511,6.0
202606250532,ok,True,1.92825,False,,,,,0.595139,10.666667
202606250757,ok,True,5.815239,True,-0.010747,0.522695,120.0,-140.0,2.096563,0.333333
202606250858,ok,True,1.226027,False,,,,,0.665357,3.333333
202606251327,ok,False,,False,,,,,,0.0
202606251453,ok,False,,False,,,,,,7.666667
202606252111,ok,False,,False,,,,,,0.0
202606252154,ok,False,,False,,,,,,0.333333
202606252335,ok,False,,False,,,,,,6.0
202606261223,ok,True,1.907935,False,,,,,1.907935,13.333333
202606261346,ok,True,2.740712,False,,,,,2.740712,1.333333
202606261357,ok,True,1.662915,False,,,,,1.662915,9.666667
202606261452,ok,True,1.83143,False,,,,,1.826746,1.666667
202606262012,ok,True,2.457216,False,,,,,0.976917,4.666667
202606270622,ok,True,1.88472,False,,,,,0.481779,0.333333
202606270648,ok,True,2.637513,False,,,,,0.454963,16.0
202606270717,ok,True,2.556603,False,,,,,1.344943,1.666667
202606270908,ok,True,3.874734,False,,,,,1.530759,6.0
202606271046,ok,True,3.090148,False,,,,,1.460551,0.333333
202606271215,ok,True,2.015145,False,,,,,2.015145,6.333333
202606271509,ok,True,1.136926,False,,,,,1.136926,3.666667
202606272053,ok,True,2.670736,False,,,,,2.670736,0.666667
202606272106,no_onset,False,,False,,,,,,
202606280144,ok,True,1.672961,False,,,,,1.002659,4.666667
202606280646,ok,True,3.180837,False,,,,,1.26467,1.666667
202606280703,no_onset,False,,False,,,,,,
202606281501,ok,True,3.133461,False,,,,,0.998459,3.666667
202606282038,ok,True,1.3028,False,,,,,0.598621,1.0
202606282050,ok,True,2.185941,False,,,,,2.185941,0.0
202606282118,ok,True,4.285131,False,,,,,1.185367,22.0
202606282155,ok,True,8.740693,True,0.383683,0.773034,60.0,-100.0,-0.168798,0.0
202606290032,ok,True,1.447733,False,,,,,-0.236631,5.666667
202606290226,ok,True,3.164486,False,,,,,1.714331,2.666667
202606290243,ok,True,3.420368,False,,,,,3.420368,2.666667
202606290307,ok,True,2.407234,False,,,,,0.025584,3.333333
202606290322,no_onset,False,,False,,,,,,
202606290351,no_onset,False,,False,,,,,,
202606290740,ok,True,1.305336,False,,,,,0.472831,6.666667
202606290806,ok,True,1.392423,False,,,,,1.392423,1.0
202606291120,ok,True,1.33493,False,,,,,0.267864,2.333333
202606291208,ok,True,1.630019,False,,,,,-0.252934,0.0
202606291229,ok,True,2.338896,False,,,,,0.878822,2.0
202606291721,ok,True,2.736142,False,,,,,2.736142,10.666667
202606291732,ok,True,1.333652,False,,,,,1.333652,7.666667
202606291928,ok,True,2.057624,False,,,,,1.562428,5.333333
202606291943,ok,True,1.576934,False,,,,,1.31151,0.0
202606292024,ok,True,2.95553,False,,,,,0.384497,7.333333
202606292056,ok,True,3.921532,False,,,,,3.921532,0.333333
202606292113,ok,True,1.856807,False,,,,,0.663678,19.666667
202606292347,ok,True,0.779552,False,,,,,0.437754,1.666667
202606300039,ok,True,2.382244,False,,,,,2.382244,26.333333
202606300311,ok,True,2.536936,False,,,,,0.859824,4.333333
202606300617,ok,True,2.886392,False,,,,,1.987071,2.666667
202606300911,ok,True,2.335708,False,,,,,0.371349,0.666667
202606300932,ok,True,1.922213,False,,,,,1.180788,0.0
202606301220,ok,True,1.392355,False,,,,,0.3986,5.666667
202606301237,ok,True,17.441418,True,0.402695,0.667916,120.0,-140.0,17.441418,3.333333
202606301623,ok,True,1.210371,False,,,,,-0.782162,0.333333
202606301639,ok,True,2.867782,False,,,,,1.628823,1.666667
202606301714,ok,True,3.574801,False,,,,,1.157876,9.0
202606301831,ok,True,2.394922,False,,,,,1.375194,17.666667
202606301949,ok,True,3.381239,False,,,,,0.065465,6.666667
202606302034,ok,True,33.366711,True,0.941411,0.948261,-20.0,20.0,0.213918,8.666667
202606302306,ok,True,1.176859,False,,,,,0.353305,6.333333
202607010441,ok,True,1.819522,False,,,,,1.136455,9.666667
202607010619,ok,True,13.590582,True,0.818699,0.818699,0.0,0.0,0.808576,4.666667
202607010637,no_onset,False,,False,,,,,,
202607010728,ok,True,82.186156,True,0.535411,0.668659,20.0,-40.0,1.981996,4.0
202607010807,ok,True,74.650897,True,0.787516,0.842324,20.0,-20.0,0.229151,3.666667
202607010845,ok,True,2.611097,False,,,,,2.555619,2.0
202607011004,ok,True,39.536065,True,0.765193,0.796112,20.0,0.0,39.536065,0.666667
202607011422,ok,True,28.821933,True,0.642839,0.642839,0.0,0.0,1.899428,8.333333
202607011439,ok,True,0.680886,False,,,,,0.680886,0.333333
202607011705,ok,True,1.082735,False,,,,,0.298365,1.666667
202607011844,ok,True,3.560559,False,,,,,1.023829,63.666667
202607012015,ok,True,31.414083,True,0.869372,0.875302,20.0,0.0,0.322653,4.333333
202607012257,ok,True,220.975076,True,0.814497,0.83682,-20.0,-100.0,2.413619,10.0
202607012349,ok,True,1.348982,False,,,,,1.348982,8.333333
202607020137,ok,True,41.823332,True,0.562643,0.562643,0.0,-120.0,2.624382,17.0
202607020407,ok,True,2.154133,False,,,,,0.868716,13.333333
202607020455,ok,True,2.850748,False,,,,,0.708029,2.333333
202607020602,ok,True,1.54242,False,,,,,0.381787,2.333333
202607020714,ok,True,2.579783,False,,,,,0.631254,4.666667
202607021021,ok,True,33.997249,True,0.937978,0.937978,0.0,0.0,33.997249,1.0
202607022303,ok,True,6.501131,True,0.702257,0.702257,0.0,0.0,-0.236637,8.666667
202607030041,ok,True,1.910322,False,,,,,0.881687,5.333333
202607030221,ok,True,2.023472,False,,,,,0.867202,9.0
202607030241,no_onset,False,,False,,,,,,
202607031303,ok,True,5.322172,True,0.515986,0.515986,0.0,0.0,1.70982,4.0
202607031416,ok,True,1.744373,False,,,,,1.069882,6.0
202607031426,no_onset,False,,False,,,,,,
202607031456,ok,True,1.074274,False,,,,,0.437383,3.0
202607031632,ok,True,0.746477,False,,,,,0.586777,4.333333
202607031731,ok,True,2.041024,False,,,,,2.041024,0.333333
202607031749,ok,True,6.42193,True,0.659139,0.876018,-120.0,0.0,0.901483,17.333333
202607031857,ok,True,205.289841,True,0.938508,0.938508,0.0,-20.0,205.289841,1.333333
202607031959,ok,True,3.229162,False,,,,,1.806507,4.333333
202607032227,ok,True,3.590258,False,,,,,2.128861,4.333333
202607032350,ok,True,1.508832,False,,,,,1.508832,4.666667
202607040013,ok,True,4.536342,False,,,,,2.733864,4.0
202607040059,ok,True,4.549568,False,,,,,4.549568,11.0
202607040152,ok,True,2.351235,False,,,,,1.217474,1.666667
202607040321,ok,True,9.831811,True,0.881733,0.886473,-20.0,-680.0,2.865355,16.666667
202607040504,ok,True,4.081534,False,,,,,1.148364,2.666667
202607040543,ok,True,3.013451,False,,,,,0.837674,2.666667
202607040612,ok,True,4.209131,False,,,,,0.413742,4.0
202607040726,ok,True,1.008878,False,,,,,1.008878,1.666667
202607040748,ok,True,4.28197,False,,,,,0.772686,9.666667
202607040841,ok,True,2.524274,False,,,,,2.524274,3.0
202607041104,ok,True,7.760983,True,0.759745,0.759745,0.0,-20.0,1.9497,2.333333
202607041341,ok,True,4.15861,False,,,,,0.095285,4.666667
202607041426,ok,True,0.713346,False,,,,,0.247081,1.333333
202607041435,no_onset,False,,False,,,,,,
202607041526,ok,True,4.057708,False,,,,,4.057708,3.333333
202607041602,ok,True,2.342322,False,,,,,2.342322,3.333333
202607041656,ok,True,1.64188,False,,,,,1.047833,4.666667
202607041837,ok,True,2.4345,False,,,,,1.234983,7.0
202607041923,ok,True,2.057835,False,,,,,1.759094,10.0
202607042029,ok,True,86.767441,True,0.817734,0.817734,0.0,0.0,0.41011,9.666667
202607042216,ok,True,1.073383,False,,,,,0.548296,5.666667
202607042332,ok,True,2.815659,False,,,,,2.815659,7.0
202607050024,ok,True,1.95903,False,,,,,1.95903,3.0
202607050109,ok,True,1.401076,False,,,,,1.028187,9.0
202607050316,ok,True,0.430076,False,,,,,-1.121018,3.666667
202607050419,ok,False,,False,,,,,,6.0
202607050441,no_onset,False,,False,,,,,,
202607050521,ok,True,1.868508,False,,,,,0.145012,8.333333
202607050610,ok,False,,False,,,,,,2.333333
202607050711,ok,True,2.531128,False,,,,,2.531128,1.666667
202607050721,ok,True,4.041505,False,,,,,2.43143,10.666667
202607050820,ok,False,,False,,,,,,2.0
202607050849,ok,False,,False,,,,,,5.0
202607050915,ok,True,1.892321,False,,,,,-0.27167,6.0
202607051041,ok,True,0.562076,False,,,,,0.360665,1.0
202607051056,ok,True,0.295283,False,,,,,0.295283,1.0
202607051104,ok,True,3.378273,False,,,,,1.368853,0.666667
202607051153,ok,False,,False,,,,,,3.0
202607051252,ok,True,2.584783,False,,,,,2.119828,2.666667
202607051417,ok,True,1.570645,False,,,,,1.570645,2.0
202607051428,ok,True,2.318461,False,,,,,0.803042,0.0
202607051505,ok,True,2.540638,False,,,,,2.540638,2.666667
202607051533,ok,True,1.421343,False,,,,,1.421343,0.333333
202607051621,ok,True,4.242229,False,,,,,0.973125,0.333333
202607051641,no_onset,False,,False,,,,,,
202607051735,ok,True,1.285402,False,,,,,0.829292,2.666667
202607051751,ok,True,27.550381,True,0.835827,0.94481,-20.0,0.0,27.550381,1.333333
202607051856,ok,True,1.725748,False,,,,,0.61477,4.0
202607052007,ok,True,0.720219,False,,,,,0.034296,4.666667
202607052114,ok,True,8.773701,True,0.789981,0.857766,20.0,-20.0,8.773701,1.666667
202607052138,ok,True,3.232437,False,,,,,1.867396,2.333333
202607060035,ok,True,4.679015,False,,,,,1.510181,5.333333
202607060157,ok,True,2.922793,False,,,,,2.922793,4.666667
202607060455,ok,True,1.982177,False,,,,,0.803883,12.0
202607061825,ok,True,2.193908,False,,,,,0.409771,3.0
202607061853,ok,True,3.083386,False,,,,,1.252626,0.0
202607070332,ok,True,4.646492,False,,,,,1.292774,1.0
202607071202,ok,True,2.571959,False,,,,,0.919086,3.333333
202607071409,ok,True,17.959308,True,0.896914,0.902904,-20.0,20.0,5.848232,3.333333
202607072240,ok,True,2.403283,False,,,,,2.403283,1.0
202607080732,ok,True,2.926881,False,,,,,2.926881,0.0
202607080940,ok,True,2.254726,False,,,,,0.661643,7.333333
202607081120,ok,True,3.433771,False,,,,,0.512836,3.666667
202607081749,ok,True,2.634813,False,,,,,2.634813,1.666667
202607090217,ok,True,3.121721,False,,,,,3.121721,7.0
202607090651,ok,True,1.989321,False,,,,,0.273211,5.0
202607101433,ok,True,2.31959,False,,,,,0.871903,21.666667
202607110332,ok,True,2.169892,False,,,,,0.589108,1.666667
202607111313,ok,True,3.63443,False,,,,,2.398841,7.666667
202607112002,ok,True,2.208336,False,,,,,1.737457,2.333333
202607120028,ok,True,2.928818,False,,,,,1.606126,15.0
202607120717,ok,True,3.786784,False,,,,,2.746141,43.333333
202607121346,ok,True,1.63903,False,,,,,1.63903,3.0
202607121523,ok,True,3.385712,False,,,,,0.349675,6.666667
202607121536,no_onset,False,,False,,,,,,
202607122248,ok,True,4.195128,False,,,,,0.822674,17.333333
202607131733,ok,True,3.151989,False,,,,,1.947074,4.0
202607131815,ok,True,2.319459,False,,,,,2.319459,1.333333
202607140949,ok,True,1.037099,False,,,,,0.917252,1.0
202607141218,solexs_gap,False,,False,,,,,,
202607150238,ok,True,3.729537,False,,,,,1.571167,12.0
202607150835,ok,True,1.28293,False,,,,,0.031756,2.666667
202607151803,ok,True,2.608193,False,,,,,0.541048,6.0
202607152046,ok,True,2.811961,False,,,,,2.241969,8.333333
202607162119,ok,True,2.97063,False,,,,,0.636222,14.333333
202607162340,ok,True,1.894956,False,,,,,1.152291,3.0
202607162351,no_onset,False,,False,,,,,,
202607180039,solexs_gap,False,,False,,,,,,
202607180356,ok,True,0.649323,False,,,,,0.145972,2.333333
202607182139,ok,True,3.185454,False,,,,,3.185454,7.0
202607191825,ok,False,,False,,,,,,10.333333
202607191848,ok,False,,False,,,,,,11.0
202607200739,ok,True,1.650413,False,,,,,1.608631,1.666667
202607200834,ok,True,2.630061,False,,,,,2.630061,2.0
202607201209,ok,True,2.367081,False,,,,,0.364819,0.0
202607201220,ok,True,2.115045,False,,,,,0.081891,20.666667
202607201429,ok,True,5.499033,True,0.878958,0.878958,0.0,20.0,0.103107,2.333333
202607201516,ok,True,1.544229,False,,,,,0.201164,2.333333
202607201712,ok,True,3.2748,False,,,,,1.348982,11.333333
202607201908,ok,True,1.577854,False,,,,,0.88669,7.666667
202607202131,ok,True,1.843608,False,,,,,-0.14614,0.666667
202607202215,ok,True,9.668803,True,0.834411,0.964023,-40.0,20.0,2.088497,6.0
202607202317,ok,True,0.930797,False,,,,,-0.585458,2.333333
202607210015,ok,True,2.01936,False,,,,,2.01936,0.666667
202607210038,ok,True,2.597547,False,,,,,2.597547,3.666667
202607210120,ok,True,3.310106,False,,,,,2.304982,6.666667
202607210148,ok,True,1.794422,False,,,,,1.300719,0.0
202607210347,ok,True,2.542074,False,,,,,1.106659,12.333333
202607210935,ok,True,1.752156,False,,,,,1.305178,11.0
202607211136,ok,True,1.345224,False,,,,,1.19492,2.333333
202607211403,ok,True,2.546051,False,,,,,1.452282,10.666667
202607211431,ok,True,4.073288,False,,,,,1.448888,0.333333
202607211443,no_onset,False,,False,,,,,,
202607211605,ok,True,3.042195,False,,,,,1.746563,7.0
202607211702,ok,True,2.238686,False,,,,,1.008066,1.0
202607211716,ok,True,1.285166,False,,,,,-0.090405,4.666667
202607211916,ok,True,2.52934,False,,,,,1.124151,5.0
202607212027,ok,True,3.102657,False,,,,,2.49344,6.666667
202607212203,ok,True,3.10074,False,,,,,0.274911,1.333333
202607212231,ok,True,0.977415,False,,,,,-0.059689,2.666667
202607212251,ok,True,3.069422,False,,,,,3.069422,1.0
202607220002,ok,True,3.774278,False,,,,,0.674491,4.0
202607220102,ok,True,0.670805,False,,,,,0.619205,0.333333
202607220314,ok,True,2.93048,False,,,,,2.93048,4.333333
202607220332,ok,True,2.336717,False,,,,,0.903696,2.666667
202607220627,ok,True,29.779003,True,0.868142,0.868142,0.0,0.0,18.41258,2.333333
202607221209,ok,True,2.187731,False,,,,,1.833028,4.666667
202607221546,ok,True,9.472537,True,0.358133,0.704777,40.0,-40.0,9.472537,0.666667
202607221842,ok,True,3.258182,False,,,,,2.579074,6.0
202607230249,ok,True,2.805882,False,,,,,1.028823,1.0
202607230303,no_onset,False,,False,,,,,,
202607230314,ok,True,1.634516,False,,,,,1.297271,9.0
202607230324,ok,True,0.876838,False,,,,,-0.232522,0.0
202607230638,ok,True,1.40422,False,,,,,0.433186,0.0
202607230957,ok,True,3.130701,False,,,,,1.607657,1.0
202607231645,ok,True,1.844966,False,,,,,1.589386,5.666667
202607240005,solexs_gap,False,,False,,,,,,
202607240358,solexs_gap,False,,False,,,,,,
202607240414,solexs_gap,False,,False,,,,,,
202607240639,solexs_gap,False,,False,,,,,,
202607242052,ok,True,2.282599,False,,,,,1.642404,7.0
202607242146,ok,True,4.604697,False,,,,,0.53181,6.333333
202607250130,ok,True,3.366992,False,,,,,3.366992,8.0
202607250344,ok,True,3.805336,False,,,,,2.50669,2.333333
202607250536,ok,True,3.290697,False,,,,,3.290697,1.333333
202607252123,ok,True,2.126778,False,,,,,1.115832,6.333333
202607260300,ok,True,1.684296,False,,,,,0.722011,4.666667
202607260314,no_onset,False,,False,,,,,,
202607260518,ok,True,1.877549,False,,,,,0.885269,3.333333
202607260725,ok,True,1.981426,False,,,,,1.981426,2.0
202607261005,ok,True,4.618061,False,,,,,4.300774,4.333333
202607261348,ok,True,1.173294,False,,,,,0.675719,1.333333
202607261404,no_onset,False,,False,,,,,,
202607261517,ok,True,26.232353,True,0.729575,0.858354,40.0,-40.0,10.83423,2.666667
202607270232,ok,True,3.022718,False,,,,,3.022718,2.0
202607271336,ok,True,0.779263,False,,,,,0.779263,0.333333
202607271713,ok,True,2.135375,False,,,,,2.135375,3.333333
202607271935,ok,True,4.238826,False,,,,,1.046624,4.0
202607272233,ok,True,2.57873,False,,,,,2.543918,10.333333
202607272251,no_onset,False,,False,,,,,,
202607280208,ok,True,2.43716,False,,,,,1.142138,3.333333
202607280307,ok,True,2.650164,False,,,,,2.650164,5.666667
202607281113,ok,True,1.99747,False,,,,,0.563389,0.333333
202607281740,ok,True,4.452347,False,,,,,1.1153,7.0
202607282336,ok,True,2.215481,False,,,,,2.215481,4.666667
202607290019,ok,True,1.192177,False,,,,,1.192177,0.666667
202607290431,ok,True,2.976557,False,,,,,2.382712,0.666667
202607291610,ok,True,2.588929,False,,,,,1.092878,3.0
202607291719,ok,True,1.475944,False,,,,,1.095056,1.0
202607300544,ok,True,3.99142,False,,,,,0.989377,7.666667
202607301553,ok,True,3.24716,False,,,,,1.600122,29.333333
202607310121,ok,True,2.225639,False,,,,,1.406847,2.0
202607310231,ok,True,1.702118,False,,,,,0.840465,2.333333
202607310305,ok,True,1.852224,False,,,,,0.737497,2.666667
202607310641,ok,True,5.146467,True,-0.026616,0.51898,100.0,-180.0,1.94227,1.666667
202607310825,ok,True,1.88262,False,,,,,1.100602,0.666667
202607311109,ok,True,2.040767,False,,,,,0.527486,7.0
202607311136,ok,True,4.041505,False,,,,,3.1168,4.0
202607311143,ok,True,3.345438,False,,,,,0.850993,7.0
202607311347,ok,True,3.103082,False,,,,,3.103082,6.0
202607311803,ok,True,2.152697,False,,,,,2.152697,2.666667
202608010222,ok,True,1.049352,False,,,,,0.439716,0.0
202608011324,ok,True,2.221718,False,,,,,1.638375,0.333333
202608012002,ok,True,4.408279,False,,,,,3.09784,2.333333
202608012020,no_onset,False,,False,,,,,,
202608012229,ok,True,2.791147,False,,,,,1.902928,10.0
202608020020,ok,True,3.291602,False,,,,,1.863954,9.0
202608020155,ok,True,2.22556,False,,,,,1.28985,0.666667
202608020519,ok,True,3.604869,False,,,,,1.784556,9.0
202608031128,ok,True,2.499139,False,,,,,0.158556,1.0
202608041152,ok,True,1.827652,False,,,,,1.015362,0.333333
202608041402,ok,True,2.039019,False,,,,,1.584575,4.333333
202608041526,ok,True,2.189785,False,,,,,2.189785,1.0
202608050556,ok,True,4.497827,False,,,,,1.682561,12.0
202608061921,ok,True,2.994115,False,,,,,2.075815,2.666667
202608091525,ok,True,2.445762,False,,,,,2.187696,12.666667
202608091630,ok,True,2.292596,False,,,,,1.525594,1.666667
202608091743,ok,True,2.947447,False,,,,,1.01928,9.333333
202608091801,no_onset,False,,False,,,,,,
202608092026,ok,True,0.929219,False,,,,,0.381016,2.0
202608092046,no_onset,False,,False,,,,,,
202608101212,not in onset study,False,,False,,,,,,
202608101233,not in onset study,False,,False,,,,,,
202608111800,not in onset study,False,,False,,,,,,
202608111959,not in onset study,False,,False,,,,,,
202608112255,not in onset study,False,,False,,,,,,
202608120728,not in onset study,False,,False,,,,,,
202608140638,ok,True,2.082768,False,,,,,2.082768,8.0
202608140944,ok,True,2.587528,False,,,,,1.174982,2.333333
202608141133,ok,True,4.322561,False,,,,,3.80899,4.0
202608142145,ok,True,4.892849,False,,,,,0.981854,5.333333
202608150025,ok,True,3.292964,False,,,,,1.773315,1.666667
202608150809,ok,True,3.00518,False,,,,,1.743974,5.0
202608150921,ok,True,0.63618,False,,,,,0.546695,2.0
202608151330,ok,True,3.87486,False,,,,,2.039296,2.333333
202608151438,ok,True,1.275926,False,,,,,1.140008,6.333333
202608160228,not in onset study,False,,False,,,,,,
202608160242,not in onset study,False,,False,,,,,,
202608160313,not in onset study,False,,False,,,,,,
202608160437,not in onset study,False,,False,,,,,,
202608160608,not in onset study,False,,False,,,,,,
202608160631,not in onset study,False,,False,,,,,,
202608160820,not in onset study,False,,False,,,,,,
202608160956,not in onset study,False,,False,,,,,,
202608161232,not in onset study,False,,False,,,,,,
202608161443,not in onset study,False,,False,,,,,,
202608161458,not in onset study,False,,False,,,,,,
202608161902,not in onset study,False,,False,,,,,,
202608170213,ok,True,1.786683,False,,,,,1.341806,7.0
202608170557,solexs_gap,False,,False,,,,,,
202608171009,solexs_gap,False,,False,,,,,,
202608171027,solexs_gap,False,,False,,,,,,
202608171051,solexs_gap,False,,False,,,,,,
202608171618,solexs_gap,False,,False,,,,,,
202608171705,solexs_gap,False,,False,,,,,,
202608171742,solexs_gap,False,,False,,,,,,
202608171928,solexs_gap,False,,False,,,,,,
202608180549,no_onset,False,,False,,,,,,
202608180640,ok,True,3.483891,False,,,,,3.483891,1.0
202608180700,ok,True,1.428195,False,,,,,1.428195,7.333333
202608181951,ok,True,2.973459,False,,,,,0.930987,0.0
202608182238,no_onset,False,,False,,,,,,
202608182328,ok,True,1.952295,False,,,,,1.287972,2.666667
202608190006,ok,True,1.989059,False,,,,,0.967,27.666667
202608190227,ok,True,2.249944,False,,,,,-0.17888,0.333333
202608190251,ok,True,1.155316,False,,,,,1.155316,3.333333
202608190330,ok,True,2.316176,False,,,,,0.687217,2.666667
202608190445,ok,True,1.992912,False,,,,,1.044612,1.666667
202608190631,ok,True,1.71898,False,,,,,1.092718,0.666667
202608190830,ok,True,1.741413,False,,,,,0.746709,4.0
202608190901,ok,True,2.844364,False,,,,,1.073608,5.666667
202608191101,ok,True,2.363886,False,,,,,2.363886,0.666667
202608191129,ok,True,3.648922,False,,,,,3.228508,1.0
202608191228,ok,True,2.591793,False,,,,,1.942284,0.0
202608191327,ok,True,2.416351,False,,,,,2.416351,7.666667
202608191402,ok,True,3.637977,False,,,,,2.282892,2.333333
202608191509,ok,True,3.376819,False,,,,,2.609715,1.333333
202608191633,ok,True,1.960639,False,,,,,1.960639,1.333333
202608191712,ok,True,4.031439,False,,,,,1.442015,1.0
202608191824,ok,True,3.86465,False,,,,,0.279519,16.333333
202608192151,ok,True,2.420232,False,,,,,0.515787,4.0
202608192346,ok,True,1.075831,False,,,,,0.467232,3.666667
202608200041,ok,True,1.839849,False,,,,,1.471156,3.333333
202608200100,ok,True,2.266289,False,,,,,2.22582,0.0
202608200336,ok,True,1.329018,False,,,,,1.329018,1.0
202608200359,ok,True,3.187299,False,,,,,1.137377,5.666667
202608200437,ok,True,2.716162,False,,,,,2.716162,7.0
202608200627,ok,True,2.342796,False,,,,,1.586845,0.0
202608200730,ok,True,1.622825,False,,,,,1.2586,22.333333
202608201012,ok,True,1.728708,False,,,,,1.728708,0.666667
202608201119,ok,True,4.579807,False,,,,,1.660718,4.0
202608201132,ok,True,16.245933,True,0.790913,0.906568,60.0,-100.0,6.027586,10.333333
202608201551,ok,True,36.161326,True,0.647366,0.673823,20.0,-280.0,1.419981,11.333333
202608201717,ok,True,2.117361,False,,,,,1.113719,1.0
202608201745,ok,True,3.230456,False,,,,,1.810475,0.333333
202608201939,ok,True,2.315752,False,,,,,2.315752,3.333333
202608202003,ok,True,2.257189,False,,,,,1.341872,0.0
202608202058,ok,True,2.348739,False,,,,,0.81547,3.666667
202608202230,ok,True,1.213507,False,,,,,0.518839,0.333333
202608202334,ok,True,2.559844,False,,,,,1.323092,6.333333
202608210013,ok,True,2.909946,False,,,,,1.32971,5.0
202608210137,ok,True,3.96704,False,,,,,1.245575,19.0
202608210206,ok,True,0.874294,False,,,,,0.29991,1.333333
202608210347,ok,True,3.18192,False,,,,,1.571906,1.333333
202608210502,ok,True,2.217726,False,,,,,1.527047,1.333333
202608210539,ok,True,1.438562,False,,,,,0.511138,1.333333
202608210626,ok,True,1.887884,False,,,,,1.362092,3.666667
202608210704,ok,True,2.849021,False,,,,,0.727185,2.0
202608210727,ok,True,2.444696,False,,,,,0.871773,3.333333
202608210909,ok,True,3.811949,False,,,,,1.1391,23.0
202608211009,ok,True,1.706964,False,,,,,1.592002,1.333333
202608211745,ok,True,2.379113,False,,,,,1.490011,4.333333
202608211825,ok,True,1.080542,False,,,,,0.305265,3.0
202608212045,ok,True,2.588117,False,,,,,0.475998,6.0
202608221814,ok,True,2.945879,False,,,,,0.088326,0.0
202608230423,ok,True,2.876975,False,,,,,2.876975,1.333333
202608230457,ok,True,2.404706,False,,,,,0.753084,0.333333
202608230624,ok,True,4.127324,False,,,,,0.335498,14.0
202608231001,ok,True,1.996054,False,,,,,0.58858,3.333333
202608231311,ok,True,4.28238,False,,,,,2.903704,0.666667
202608231334,ok,True,0.672528,False,,,,,-0.007235,1.0
202608231616,ok,True,3.50652,False,,,,,1.953203,4.333333
202608231928,ok,True,3.000529,False,,,,,3.000529,3.333333
202608232147,ok,True,3.806096,False,,,,,2.090296,9.0
202608240706,not in onset study,False,,False,,,,,,
202608241809,not in onset study,False,,False,,,,,,
202608241851,not in onset study,False,,False,,,,,,
202608250104,ok,True,1.394909,False,,,,,1.394909,16.0
202608250335,ok,True,1.804856,False,,,,,0.669407,8.666667
202608250355,ok,True,1.173549,False,,,,,-0.046855,1.0
202608250548,ok,True,4.000198,False,,,,,2.63786,1.333333
202608250630,ok,True,3.96312,False,,,,,0.95214,3.666667
202608250722,ok,True,1.706314,False,,,,,1.1325,1.666667
202608250932,ok,True,35.876219,True,0.904008,0.904008,0.0,-20.0,2.380228,21.333333
202608251238,ok,True,1.839937,False,,,,,1.784877,10.666667
202608260027,ok,True,2.034178,False,,,,,0.68355,18.0
202608260629,ok,True,17.186192,True,0.681062,0.940582,40.0,-40.0,17.186192,1.666667
202608261140,ok,True,1.591798,False,,,,,1.591798,1.333333
202608261206,ok,True,2.46098,False,,,,,0.820327,1.666667
202608261905,ok,True,1.750734,False,,,,,0.328569,1.0
202608262129,ok,True,3.936963,False,,,,,1.094953,5.0
202608270132,ok,True,1.562163,False,,,,,0.740192,2.333333
202608270341,ok,True,2.195129,False,,,,,2.004399,4.333333
202608270548,ok,True,1.386065,False,,,,,1.252322,1.666667
202608270631,ok,True,3.763865,False,,,,,3.654989,5.0
202608270703,ok,True,1.632802,False,,,,,1.632802,2.666667
202608280412,ok,True,2.145002,False,,,,,1.063386,6.333333
202608291201,ok,True,1.942658,False,,,,,1.874276,3.666667
202608291315,ok,True,2.753991,False,,,,,1.814445,7.333333
202608300110,ok,True,3.252749,False,,,,,3.252749,3.0
202608301642,ok,True,1.194411,False,,,,,0.299011,7.666667
202608310331,no_onset,False,,False,,,,,,
202608311357,ok,True,3.132141,False,,,,,0.514956,1.666667
202608311417,no_onset,False,,False,,,,,,
202608311429,ok,True,3.618492,False,,,,,0.566376,1.666667
202608311509,ok,True,3.150497,False,,,,,3.150497,4.0
202609012103,ok,True,2.283023,False,,,,,0.418355,2.333333
202609012240,ok,True,2.43373,False,,,,,2.43373,5.0
202609012317,ok,True,1.350521,False,,,,,1.15957,11.666667
202609021309,ok,True,2.730029,False,,,,,1.701707,1.333333
202609021532,ok,True,2.096555,False,,,,,1.75398,3.333333
202609021618,ok,True,2.008889,False,,,,,2.008889,5.333333
202609021857,ok,True,6.250589,True,0.724693,0.724693,0.0,-60.0,0.720022,9.0
202609030935,ok,True,2.209301,False,,,,,2.209301,4.0
202609031140,ok,True,2.147191,False,,,,,0.135356,1.666667
202609031152,ok,True,2.417591,False,,,,,2.417591,12.0
202609031436,ok,True,1.457806,False,,,,,0.620264,1.333333
202609031614,ok,True,2.211217,False,,,,,2.211217,8.0
202609031822,ok,True,2.339191,False,,,,,0.597953,1.0
202609031955,ok,True,2.70632,False,,,,,1.667723,4.666667
202609040608,ok,True,1.934178,False,,,,,1.097044,0.0
202609040745,ok,True,3.914646,False,,,,,3.914646,2.0
202609041111,ok,True,3.244697,False,,,,,0.473356,3.666667
202609041258,ok,True,2.626696,False,,,,,1.175905,2.0
202609041513,ok,True,2.566544,False,,,,,1.623416,8.333333
202609041902,ok,True,2.154109,False,,,,,0.986721,3.333333
202609042102,ok,True,4.803528,False,,,,,1.395575,6.666667
202609051024,ok,True,1.981426,False,,,,,1.567972,16.333333
202609051156,ok,True,4.265388,False,,,,,2.847424,1.333333
202609051504,ok,True,3.927818,False,,,,,3.927818,6.0
202609051731,ok,True,6.694744,True,0.124815,0.309183,100.0,-120.0,3.552991,5.0
202609061030,ok,True,4.273968,False,,,,,4.273968,3.0
202609061315,ok,True,3.088215,False,,,,,2.055737,9.0
202609071929,ok,True,1.936791,False,,,,,1.151239,0.333333
202609081219,ok,True,2.309863,False,,,,,2.309863,1.333333
202609081735,ok,True,1.680005,False,,,,,1.44356,2.333333
202609082033,ok,True,2.585548,False,,,,,1.552193,5.0
202609082139,ok,True,2.150195,False,,,,,1.357157,2.666667
202609082217,ok,True,1.938656,False,,,,,0.327148,4.0
202609082322,ok,True,2.605153,False,,,,,0.366923,8.0
202609090553,ok,True,2.502419,False,,,,,1.172351,8.333333
202609091023,ok,True,1.696967,False,,,,,0.021481,3.333333
202609100025,ok,True,3.045127,False,,,,,0.694329,14.0
202609101652,ok,True,3.065164,False,,,,,1.291002,10.666667
202609121709,ok,True,3.090248,False,,,,,0.532387,4.0
202609191757,ok,True,2.578399,False,,,,,2.556953,12.0
202609202225,ok,True,2.389696,False,,,,,1.734525,4.333333
202609210059,not in onset study,False,,False,,,,,,
202609210621,not in onset study,False,,False,,,,,,
