analysis,outcome,head_min,feature,sample,statistic,value,ci95_low,ci95_high,n_flares,n_days,predicted_sign,p_permutation,p_holm,verdict,n_origins
descriptive,dL_60min,60,,primary,mean_dL_min,1.220842,-0.7541,3.1496,483,140,,,,,
descriptive,dL_60min,60,,primary,fraction_E4_earlier,0.300207,0.2518,0.348,483,140,,,,,
descriptive,dL_60min,60,,primary,fraction_same,0.47412,0.4297,0.5195,483,140,,,,,
descriptive,dL_60min,60,,primary,fraction_E4_later,0.194617,0.1551,0.2409,483,140,,,,,
descriptive,L_E1_60min,60,,primary,mean_lead_min,21.886818,19.6691,24.3081,483,140,,,,,
descriptive,L_E1_60min,60,,primary,fraction_warned_before_peak,0.971014,0.9555,0.9852,483,140,,,,,
descriptive,L_E4_60min,60,,primary,mean_lead_min,23.10766,20.8014,25.5317,483,140,,,,,
descriptive,L_E4_60min,60,,primary,fraction_warned_before_peak,0.981366,0.9672,0.9935,483,140,,,,,
descriptive,dL_30min,30,,primary,mean_dL_min,-3.942029,-5.9213,-1.8718,483,140,,,,,
descriptive,dL_30min,30,,primary,fraction_E4_earlier,0.182195,0.1431,0.2222,483,140,,,,,
descriptive,dL_30min,30,,primary,fraction_same,0.461698,0.4201,0.5041,483,140,,,,,
descriptive,dL_30min,30,,primary,fraction_E4_later,0.333333,0.2926,0.3768,483,140,,,,,
descriptive,L_E1_30min,30,,primary,mean_lead_min,28.371981,25.9746,30.7572,483,140,,,,,
descriptive,L_E1_30min,30,,primary,fraction_warned_before_peak,0.991718,0.9832,0.998,483,140,,,,,
descriptive,L_E4_30min,30,,primary,mean_lead_min,24.429952,22.1514,26.7551,483,140,,,,,
descriptive,L_E4_30min,30,,primary,fraction_warned_before_peak,0.991718,0.9831,0.9981,483,140,,,,,
descriptive,dL_15min,15,,primary,mean_dL_min,-4.345066,-5.9795,-2.5502,483,140,,,,,
descriptive,dL_15min,15,,primary,fraction_E4_earlier,0.175983,0.1393,0.2134,483,140,,,,,
descriptive,dL_15min,15,,primary,fraction_same,0.492754,0.4509,0.5346,483,140,,,,,
descriptive,dL_15min,15,,primary,fraction_E4_later,0.310559,0.2696,0.3492,483,140,,,,,
descriptive,L_E1_15min,15,,primary,mean_lead_min,28.007591,25.8769,30.1426,483,140,,,,,
descriptive,L_E1_15min,15,,primary,fraction_warned_before_peak,0.991718,0.9833,0.998,483,140,,,,,
descriptive,L_E4_15min,15,,primary,mean_lead_min,23.662526,21.4599,25.8999,483,140,,,,,
descriptive,L_E4_15min,15,,primary,fraction_warned_before_peak,0.993789,0.9859,1.0,483,140,,,,,
descriptive,dC_60min,60,,primary,mean_dC,-0.039156,-0.0458,-0.0323,483,140,,,,,
descriptive by class,dL_60min,60,,"primary, class C",mean_dL_min,0.869021,-0.9955,2.6372,453,140,,,,,
descriptive by class,dL_60min,60,,"primary, class M+",mean_dL_min,6.533333,-4.1941,16.1826,30,24,,,,,
primary,dL_60min,60,P1_hard_minus_soft_alert_min,primary,spearman_rho,0.00946,-0.1062,0.1138,332,128,-,0.869613,1.0,not supported (no significant association),
primary,dL_60min,60,P1_hard_minus_soft_alert_min,primary,partial_spearman_rho_given_log10_goes_peak_flux,-0.01707,-0.1384,0.0962,332,128,-,,,,
primary,dL_60min,60,P2_log10_czt_20_40_peak_cps,primary,spearman_rho,0.081908,-0.3946,0.8125,15,12,+,0.776522,1.0,inconclusive (fewer than 30 flares),
primary,dL_60min,60,P2_log10_czt_20_40_peak_cps,primary,partial_spearman_rho_given_log10_goes_peak_flux,-0.11154,-0.5573,0.5654,15,12,+,,,,
secondary: confidence outcome,dC_60min,60,P1_hard_minus_soft_alert_min,primary,spearman_rho,-0.00668,-0.0999,0.0882,332,128,-,0.908909,,,
secondary: confidence outcome,dC_60min,60,P1_hard_minus_soft_alert_min,primary,partial_spearman_rho_given_log10_goes_peak_flux,-0.035289,-0.1352,0.0642,332,128,-,,,,
secondary: placebo (E4 with HEL1OS withheld - E1),dL_placebo_60min,60,P1_hard_minus_soft_alert_min,primary,spearman_rho,0.054434,-0.0558,0.1613,332,128,,0.325167,,,
secondary: confidence outcome,dC_60min,60,P2_log10_czt_20_40_peak_cps,primary,spearman_rho,0.139286,-0.4011,0.9416,15,12,+,0.620138,,,
secondary: confidence outcome,dC_60min,60,P2_log10_czt_20_40_peak_cps,primary,partial_spearman_rho_given_log10_goes_peak_flux,-0.058292,-0.5582,0.7757,15,12,+,,,,
secondary: placebo (E4 with HEL1OS withheld - E1),dL_placebo_60min,60,P2_log10_czt_20_40_peak_cps,primary,spearman_rho,-0.147203,-0.6666,0.4106,15,12,,0.60054,,,
secondary: detection contrast,dL_60min,60,hel1os_detected,primary,mean_dL_detected,0.969874,-1.3398,3.1095,343,129,,,,,
secondary: detection contrast,dL_60min,60,hel1os_detected,primary,mean_dL_not_detected,1.835714,-1.6909,5.1375,140,84,,,,,
secondary: detection contrast,dL_60min,60,hel1os_detected,primary,mean_dL_detected_minus_not_detected,-0.865841,-4.4359,3.168,483,140,+,,,,
sensitivity: horizon,dL_30min,30,P1_hard_minus_soft_alert_min,primary,spearman_rho,-0.133506,-0.2382,-0.022,332,128,-,0.013199,,,
sensitivity: horizon,dL_15min,15,P1_hard_minus_soft_alert_min,primary,spearman_rho,-0.054116,-0.16,0.0419,332,128,-,0.328367,,,
sensitivity: censored flares included,dL_60min,60,P1_hard_minus_soft_alert_min,primary + left-censored,spearman_rho,-0.045256,-0.1336,0.0466,552,136,-,0.287571,,,
sensitivity: isolated flares,dL_60min,60,P1_hard_minus_soft_alert_min,"primary, isolated",spearman_rho,-0.036291,-0.1579,0.088,270,126,-,0.560544,,,
sensitivity: horizon,dL_30min,30,P2_log10_czt_20_40_peak_cps,primary,spearman_rho,0.214583,-0.2564,0.8767,15,12,+,0.441456,,,
sensitivity: horizon,dL_15min,15,P2_log10_czt_20_40_peak_cps,primary,spearman_rho,0.058106,-0.597,0.9044,15,12,+,0.837616,,,
sensitivity: censored flares included,dL_60min,60,P2_log10_czt_20_40_peak_cps,primary + left-censored,spearman_rho,0.113163,-0.2856,0.5885,35,23,+,0.513749,,,
sensitivity: isolated flares,dL_60min,60,P2_log10_czt_20_40_peak_cps,"primary, isolated",spearman_rho,-0.280493,-0.8116,0.8585,10,9,+,0.428757,,,
exploratory,dL_60min,60,gamma,primary,spearman_rho,-0.107552,-0.7558,0.5476,13,11,,0.721828,,,
exploratory,dL_60min,60,gamma,primary,partial_spearman_rho_given_log10_goes_peak_flux,-0.000706,-0.702,0.5784,13,11,,,,,
exploratory,dL_60min,60,max_energy_keV,primary,spearman_rho,0.15596,0.01,0.2758,343,129,,0.0035,,,
exploratory,dL_60min,60,max_energy_keV,primary,partial_spearman_rho_given_log10_goes_peak_flux,0.086584,-0.0369,0.1942,343,129,,,,,
exploratory,dL_60min,60,neupert_r_best,primary,spearman_rho,0.065375,-0.3496,0.4347,23,18,,0.760124,,,
exploratory,dL_60min,60,neupert_r_best,primary,partial_spearman_rho_given_log10_goes_peak_flux,-0.302486,-0.648,0.3059,23,18,,,,,
exploratory,dL_60min,60,neupert_lag_s,primary,spearman_rho,-0.213292,-0.6025,0.2185,23,18,,0.323368,,,
exploratory,dL_60min,60,neupert_lag_s,primary,partial_spearman_rho_given_log10_goes_peak_flux,-0.137177,-0.5695,0.3139,23,18,,,,,
exploratory,dL_60min,60,hxr_peak_minus_impulsive_s,primary,spearman_rho,0.058544,-0.382,0.4276,23,18,,0.789921,,,
exploratory,dL_60min,60,hxr_peak_minus_impulsive_s,primary,partial_spearman_rho_given_log10_goes_peak_flux,-0.095157,-0.4462,0.2387,23,18,,,,,
exploratory,dL_60min,60,dec_hxr_sigma,primary,spearman_rho,-0.066608,-0.1532,0.014,478,140,,0.152885,,,
exploratory,dL_60min,60,dec_hxr_sigma,primary,partial_spearman_rho_given_log10_goes_peak_flux,-0.070182,-0.1556,0.0121,478,140,,,,,
exploratory,dL_60min,60,hxr_rise_min,primary,spearman_rho,0.558847,0.0101,0.765,15,12,,0.033097,,,
exploratory,dL_60min,60,hxr_rise_min,primary,partial_spearman_rho_given_log10_goes_peak_flux,0.522712,-0.064,0.7961,15,12,,,,,
exploratory,dL_60min,60,onset_to_impulsive_min,primary,spearman_rho,-0.022313,-0.1114,0.0708,478,140,,0.622338,,,
exploratory,dL_60min,60,onset_to_impulsive_min,primary,partial_spearman_rho_given_log10_goes_peak_flux,-0.084528,-0.1687,0.0044,478,140,,,,,
descriptive: E4 earlier vs not,dL_60min,60,P1_hard_minus_soft_alert_min,primary,median_E4_earlier,0.0,,,102,,,,,,
descriptive: E4 earlier vs not,dL_60min,60,P1_hard_minus_soft_alert_min,primary,median_E4_not_earlier,0.0,,,219,,,,,,
descriptive: E4 earlier vs not,dL_60min,60,P1_hard_minus_soft_alert_min,primary,median_difference_earlier_minus_not,0.0,-1.0,1.0,321,128,,,,,
descriptive: E4 earlier vs not,dL_60min,60,P2_log10_czt_20_40_peak_cps,primary,median_E4_earlier,2.753966,,,9,,,,,,
descriptive: E4 earlier vs not,dL_60min,60,P2_log10_czt_20_40_peak_cps,primary,median_E4_not_earlier,2.648465,,,6,,,,,,
descriptive: E4 earlier vs not,dL_60min,60,P2_log10_czt_20_40_peak_cps,primary,median_difference_earlier_minus_not,0.105501,-0.3235,0.6612,15,12,,,,,
descriptive: E4 earlier vs not,dL_60min,60,gamma,primary,median_E4_earlier,3.5525,,,8,,,,,,
descriptive: E4 earlier vs not,dL_60min,60,gamma,primary,median_E4_not_earlier,3.505,,,5,,,,,,
descriptive: E4 earlier vs not,dL_60min,60,gamma,primary,median_difference_earlier_minus_not,0.0475,-0.915,0.6135,13,11,,,,,
descriptive: E4 earlier vs not,dL_60min,60,max_energy_keV,primary,median_E4_earlier,20.0,,,102,,,,,,
descriptive: E4 earlier vs not,dL_60min,60,max_energy_keV,primary,median_E4_not_earlier,20.0,,,230,,,,,,
descriptive: E4 earlier vs not,dL_60min,60,max_energy_keV,primary,median_difference_earlier_minus_not,0.0,0.0,0.0,332,129,,,,,
descriptive: E4 earlier vs not,dL_60min,60,neupert_r_best,primary,median_E4_earlier,0.830512,,,12,,,,,,
descriptive: E4 earlier vs not,dL_60min,60,neupert_r_best,primary,median_E4_not_earlier,0.800418,,,10,,,,,,
descriptive: E4 earlier vs not,dL_60min,60,neupert_r_best,primary,median_difference_earlier_minus_not,0.030093,-0.1988,0.1499,22,18,,,,,
descriptive: E4 earlier vs not,dL_60min,60,neupert_lag_s,primary,median_E4_earlier,0.0,,,12,,,,,,
descriptive: E4 earlier vs not,dL_60min,60,neupert_lag_s,primary,median_E4_not_earlier,30.0,,,10,,,,,,
descriptive: E4 earlier vs not,dL_60min,60,neupert_lag_s,primary,median_difference_earlier_minus_not,-30.0,-60.0,40.0,22,18,,,,,
descriptive: E4 earlier vs not,dL_60min,60,hxr_peak_minus_impulsive_s,primary,median_E4_earlier,-30.0,,,12,,,,,,
descriptive: E4 earlier vs not,dL_60min,60,hxr_peak_minus_impulsive_s,primary,median_E4_not_earlier,-30.0,,,10,,,,,,
descriptive: E4 earlier vs not,dL_60min,60,hxr_peak_minus_impulsive_s,primary,median_difference_earlier_minus_not,0.0,-120.0,60.0,22,18,,,,,
descriptive: E4 earlier vs not,dL_60min,60,dec_hxr_sigma,primary,median_E4_earlier,1.273217,,,143,,,,,,
descriptive: E4 earlier vs not,dL_60min,60,dec_hxr_sigma,primary,median_E4_not_earlier,1.440707,,,320,,,,,,
descriptive: E4 earlier vs not,dL_60min,60,dec_hxr_sigma,primary,median_difference_earlier_minus_not,-0.16749,-0.3999,0.0878,463,140,,,,,
descriptive: E4 earlier vs not,dL_60min,60,hxr_rise_min,primary,median_E4_earlier,3.333333,,,9,,,,,,
descriptive: E4 earlier vs not,dL_60min,60,hxr_rise_min,primary,median_E4_not_earlier,1.166667,,,6,,,,,,
descriptive: E4 earlier vs not,dL_60min,60,hxr_rise_min,primary,median_difference_earlier_minus_not,2.166667,-1.8333,7.3333,15,12,,,,,
descriptive: E4 earlier vs not,dL_60min,60,onset_to_impulsive_min,primary,median_E4_earlier,3.333333,,,143,,,,,,
descriptive: E4 earlier vs not,dL_60min,60,onset_to_impulsive_min,primary,median_E4_not_earlier,3.333333,,,320,,,,,,
descriptive: E4 earlier vs not,dL_60min,60,onset_to_impulsive_min,primary,median_difference_earlier_minus_not,0.0,-0.6667,1.5,463,140,,,,,
"post hoc: equal test false-alarm rate (ROC-style, descriptive)",dL_fpr0.05_60min,60,,"primary, not censored at false-positive rate 0.05",mean_dL_min,-1.94479,-3.7443,-0.3236,483,140,,,,,
"post hoc: equal test false-alarm rate (ROC-style, descriptive)",dL_fpr0.05_60min,60,,"primary, not censored at false-positive rate 0.05",fraction_E4_earlier,0.190476,0.1491,0.2361,483,140,,,,,
"post hoc: equal test false-alarm rate (ROC-style, descriptive)",dL_fpr0.05_60min,60,,"primary, not censored at false-positive rate 0.05",fraction_E4_later,0.227743,0.1822,0.2782,483,140,,,,,
"post hoc: equal test false-alarm rate (ROC-style, descriptive)",dL_fpr0.05_60min,60,P1_hard_minus_soft_alert_min,"primary, not censored at false-positive rate 0.05",spearman_rho,0.022802,-0.0836,0.1237,332,128,,0.685131,,,
"post hoc: equal test false-alarm rate (ROC-style, descriptive)",dL_fpr0.05_60min,60,P1_hard_minus_soft_alert_min,"primary, not censored at false-positive rate 0.05",partial_spearman_rho_given_log10_goes_peak_flux,0.005907,-0.1001,0.1115,332,128,,,,,
"post hoc: equal test false-alarm rate (ROC-style, descriptive)",dL_fpr0.05_60min,60,P2_log10_czt_20_40_peak_cps,"primary, not censored at false-positive rate 0.05",spearman_rho,0.259759,-0.3807,0.9748,15,12,,0.348165,,,
"post hoc: equal test false-alarm rate (ROC-style, descriptive)",dL_fpr0.05_60min,60,P2_log10_czt_20_40_peak_cps,"primary, not censored at false-positive rate 0.05",partial_spearman_rho_given_log10_goes_peak_flux,0.028301,-0.5291,0.9705,15,12,,,,,
"post hoc: equal test false-alarm rate (ROC-style, descriptive)",dL_fpr0.05_60min,60,P2b_log10_cdte_5_20_peak_cps,"primary, not censored at false-positive rate 0.05",spearman_rho,0.123401,0.021,0.2172,343,129,,0.022298,,,
"post hoc: equal test false-alarm rate (ROC-style, descriptive)",dL_fpr0.05_60min,60,P2b_log10_cdte_5_20_peak_cps,"primary, not censored at false-positive rate 0.05",partial_spearman_rho_given_log10_goes_peak_flux,-0.009967,-0.1366,0.1043,343,129,,,,,
"post hoc: equal test false-alarm rate (ROC-style, descriptive)",dL_fpr0.05_30min,30,,"primary, not censored at false-positive rate 0.05",mean_dL_min,-2.148383,-3.8477,-0.4731,474,140,,,,,
"post hoc: equal test false-alarm rate (ROC-style, descriptive)",dL_fpr0.05_30min,30,,"primary, not censored at false-positive rate 0.05",fraction_E4_earlier,0.179325,0.1382,0.2227,474,140,,,,,
"post hoc: equal test false-alarm rate (ROC-style, descriptive)",dL_fpr0.05_30min,30,,"primary, not censored at false-positive rate 0.05",fraction_E4_later,0.21519,0.1743,0.2592,474,140,,,,,
"post hoc: equal test false-alarm rate (ROC-style, descriptive)",dL_fpr0.05_15min,15,,"primary, not censored at false-positive rate 0.05",mean_dL_min,0.113276,-1.524,1.8406,462,139,,,,,
"post hoc: equal test false-alarm rate (ROC-style, descriptive)",dL_fpr0.05_15min,15,,"primary, not censored at false-positive rate 0.05",fraction_E4_earlier,0.238095,0.1914,0.2828,462,139,,,,,
"post hoc: equal test false-alarm rate (ROC-style, descriptive)",dL_fpr0.05_15min,15,,"primary, not censored at false-positive rate 0.05",fraction_E4_later,0.170996,0.1343,0.2096,462,139,,,,,
"post hoc: equal test false-alarm rate (ROC-style, descriptive)",dL_fpr0.10_60min,60,,"primary, not censored at false-positive rate 0.10",mean_dL_min,-0.402346,-2.3058,1.5348,483,140,,,,,
"post hoc: equal test false-alarm rate (ROC-style, descriptive)",dL_fpr0.10_60min,60,,"primary, not censored at false-positive rate 0.10",fraction_E4_earlier,0.246377,0.2004,0.2931,483,140,,,,,
"post hoc: equal test false-alarm rate (ROC-style, descriptive)",dL_fpr0.10_60min,60,,"primary, not censored at false-positive rate 0.10",fraction_E4_later,0.219462,0.176,0.2697,483,140,,,,,
"post hoc: equal test false-alarm rate (ROC-style, descriptive)",dL_fpr0.10_60min,60,P1_hard_minus_soft_alert_min,"primary, not censored at false-positive rate 0.10",spearman_rho,0.039902,-0.0809,0.1589,332,128,,0.463754,,,
"post hoc: equal test false-alarm rate (ROC-style, descriptive)",dL_fpr0.10_60min,60,P1_hard_minus_soft_alert_min,"primary, not censored at false-positive rate 0.10",partial_spearman_rho_given_log10_goes_peak_flux,0.01463,-0.1101,0.1372,332,128,,,,,
"post hoc: equal test false-alarm rate (ROC-style, descriptive)",dL_fpr0.10_60min,60,P2_log10_czt_20_40_peak_cps,"primary, not censored at false-positive rate 0.10",spearman_rho,0.079057,-0.4718,0.7468,15,12,,0.779422,,,
"post hoc: equal test false-alarm rate (ROC-style, descriptive)",dL_fpr0.10_60min,60,P2_log10_czt_20_40_peak_cps,"primary, not censored at false-positive rate 0.10",partial_spearman_rho_given_log10_goes_peak_flux,-0.204911,-0.6317,0.3984,15,12,,,,,
"post hoc: equal test false-alarm rate (ROC-style, descriptive)",dL_fpr0.10_60min,60,P2b_log10_cdte_5_20_peak_cps,"primary, not censored at false-positive rate 0.10",spearman_rho,0.186881,0.084,0.287,343,129,,0.0007,,,
"post hoc: equal test false-alarm rate (ROC-style, descriptive)",dL_fpr0.10_60min,60,P2b_log10_cdte_5_20_peak_cps,"primary, not censored at false-positive rate 0.10",partial_spearman_rho_given_log10_goes_peak_flux,-0.015132,-0.1304,0.1068,343,129,,,,,
"post hoc: equal test false-alarm rate (ROC-style, descriptive)",dL_fpr0.10_30min,30,,"primary, not censored at false-positive rate 0.10",mean_dL_min,-1.08686,-2.8553,0.7639,449,138,,,,,
"post hoc: equal test false-alarm rate (ROC-style, descriptive)",dL_fpr0.10_30min,30,,"primary, not censored at false-positive rate 0.10",fraction_E4_earlier,0.202673,0.1613,0.2445,449,138,,,,,
"post hoc: equal test false-alarm rate (ROC-style, descriptive)",dL_fpr0.10_30min,30,,"primary, not censored at false-positive rate 0.10",fraction_E4_later,0.25167,0.2119,0.2957,449,138,,,,,
"post hoc: equal test false-alarm rate (ROC-style, descriptive)",dL_fpr0.10_15min,15,,"primary, not censored at false-positive rate 0.10",mean_dL_min,-1.458333,-3.4074,0.425,432,136,,,,,
"post hoc: equal test false-alarm rate (ROC-style, descriptive)",dL_fpr0.10_15min,15,,"primary, not censored at false-positive rate 0.10",fraction_E4_earlier,0.206019,0.1588,0.2517,432,136,,,,,
"post hoc: equal test false-alarm rate (ROC-style, descriptive)",dL_fpr0.10_15min,15,,"primary, not censored at false-positive rate 0.10",fraction_E4_later,0.268519,0.2259,0.3141,432,136,,,,,
"post hoc: equal test false-alarm rate (ROC-style, descriptive)",dL_fpr0.15_60min,60,,"primary, not censored at false-positive rate 0.15",mean_dL_min,1.783848,-0.3481,3.8849,421,134,,,,,
"post hoc: equal test false-alarm rate (ROC-style, descriptive)",dL_fpr0.15_60min,60,,"primary, not censored at false-positive rate 0.15",fraction_E4_earlier,0.325416,0.2644,0.3798,421,134,,,,,
"post hoc: equal test false-alarm rate (ROC-style, descriptive)",dL_fpr0.15_60min,60,,"primary, not censored at false-positive rate 0.15",fraction_E4_later,0.213777,0.1704,0.2616,421,134,,,,,
"post hoc: equal test false-alarm rate (ROC-style, descriptive)",dL_fpr0.15_60min,60,P1_hard_minus_soft_alert_min,"primary, not censored at false-positive rate 0.15",spearman_rho,-0.028974,-0.1637,0.0922,290,122,,0.616038,,,
"post hoc: equal test false-alarm rate (ROC-style, descriptive)",dL_fpr0.15_60min,60,P1_hard_minus_soft_alert_min,"primary, not censored at false-positive rate 0.15",partial_spearman_rho_given_log10_goes_peak_flux,-0.044916,-0.1855,0.084,290,122,,,,,
"post hoc: equal test false-alarm rate (ROC-style, descriptive)",dL_fpr0.15_60min,60,P2_log10_czt_20_40_peak_cps,"primary, not censored at false-positive rate 0.15",spearman_rho,0.011087,-0.4706,0.8942,14,11,,0.974403,,,
"post hoc: equal test false-alarm rate (ROC-style, descriptive)",dL_fpr0.15_60min,60,P2_log10_czt_20_40_peak_cps,"primary, not censored at false-positive rate 0.15",partial_spearman_rho_given_log10_goes_peak_flux,-0.125,-0.666,0.9465,14,11,,,,,
"post hoc: equal test false-alarm rate (ROC-style, descriptive)",dL_fpr0.15_60min,60,P2b_log10_cdte_5_20_peak_cps,"primary, not censored at false-positive rate 0.15",spearman_rho,0.110784,-0.0241,0.243,299,123,,0.056394,,,
"post hoc: equal test false-alarm rate (ROC-style, descriptive)",dL_fpr0.15_60min,60,P2b_log10_cdte_5_20_peak_cps,"primary, not censored at false-positive rate 0.15",partial_spearman_rho_given_log10_goes_peak_flux,-0.032605,-0.1623,0.0911,299,123,,,,,
"post hoc: equal test false-alarm rate (ROC-style, descriptive)",dL_fpr0.15_30min,30,,"primary, not censored at false-positive rate 0.15",mean_dL_min,-0.453659,-2.777,1.9373,410,134,,,,,
"post hoc: equal test false-alarm rate (ROC-style, descriptive)",dL_fpr0.15_30min,30,,"primary, not censored at false-positive rate 0.15",fraction_E4_earlier,0.25122,0.1915,0.309,410,134,,,,,
"post hoc: equal test false-alarm rate (ROC-style, descriptive)",dL_fpr0.15_30min,30,,"primary, not censored at false-positive rate 0.15",fraction_E4_later,0.307317,0.2639,0.3566,410,134,,,,,
"post hoc: equal test false-alarm rate (ROC-style, descriptive)",dL_fpr0.15_15min,15,,"primary, not censored at false-positive rate 0.15",mean_dL_min,-0.743913,-3.1623,1.5562,397,136,,,,,
"post hoc: equal test false-alarm rate (ROC-style, descriptive)",dL_fpr0.15_15min,15,,"primary, not censored at false-positive rate 0.15",fraction_E4_earlier,0.261965,0.2076,0.3118,397,136,,,,,
"post hoc: equal test false-alarm rate (ROC-style, descriptive)",dL_fpr0.15_15min,15,,"primary, not censored at false-positive rate 0.15",fraction_E4_later,0.327456,0.2791,0.3814,397,136,,,,,
"post hoc: equal test false-alarm rate (ROC-style, descriptive)",dL_fpr0.20_60min,60,,"primary, not censored at false-positive rate 0.20",mean_dL_min,1.199816,-1.3528,3.6902,362,129,,,,,
"post hoc: equal test false-alarm rate (ROC-style, descriptive)",dL_fpr0.20_60min,60,,"primary, not censored at false-positive rate 0.20",fraction_E4_earlier,0.348066,0.2882,0.4065,362,129,,,,,
"post hoc: equal test false-alarm rate (ROC-style, descriptive)",dL_fpr0.20_60min,60,,"primary, not censored at false-positive rate 0.20",fraction_E4_later,0.226519,0.1806,0.2766,362,129,,,,,
"post hoc: equal test false-alarm rate (ROC-style, descriptive)",dL_fpr0.20_60min,60,P1_hard_minus_soft_alert_min,"primary, not censored at false-positive rate 0.20",spearman_rho,-0.02491,-0.1666,0.1085,250,117,,0.683932,,,
"post hoc: equal test false-alarm rate (ROC-style, descriptive)",dL_fpr0.20_60min,60,P1_hard_minus_soft_alert_min,"primary, not censored at false-positive rate 0.20",partial_spearman_rho_given_log10_goes_peak_flux,-0.036682,-0.1846,0.1013,250,117,,,,,
"post hoc: equal test false-alarm rate (ROC-style, descriptive)",dL_fpr0.20_60min,60,P2_log10_czt_20_40_peak_cps,"primary, not censored at false-positive rate 0.20",spearman_rho,-0.358492,-0.8398,0.3997,9,9,,0.340666,,,
"post hoc: equal test false-alarm rate (ROC-style, descriptive)",dL_fpr0.20_60min,60,P2_log10_czt_20_40_peak_cps,"primary, not censored at false-positive rate 0.20",partial_spearman_rho_given_log10_goes_peak_flux,-0.423588,-0.9749,0.4592,9,9,,,,,
"post hoc: equal test false-alarm rate (ROC-style, descriptive)",dL_fpr0.20_60min,60,P2b_log10_cdte_5_20_peak_cps,"primary, not censored at false-positive rate 0.20",spearman_rho,0.05159,-0.0669,0.1654,259,119,,0.410159,,,
"post hoc: equal test false-alarm rate (ROC-style, descriptive)",dL_fpr0.20_60min,60,P2b_log10_cdte_5_20_peak_cps,"primary, not censored at false-positive rate 0.20",partial_spearman_rho_given_log10_goes_peak_flux,-0.052088,-0.1686,0.0552,259,119,,,,,
"post hoc: equal test false-alarm rate (ROC-style, descriptive)",dL_fpr0.20_30min,30,,"primary, not censored at false-positive rate 0.20",mean_dL_min,-0.843462,-3.3965,1.6822,362,127,,,,,
"post hoc: equal test false-alarm rate (ROC-style, descriptive)",dL_fpr0.20_30min,30,,"primary, not censored at false-positive rate 0.20",fraction_E4_earlier,0.262431,0.2054,0.3162,362,127,,,,,
"post hoc: equal test false-alarm rate (ROC-style, descriptive)",dL_fpr0.20_30min,30,,"primary, not censored at false-positive rate 0.20",fraction_E4_later,0.325967,0.277,0.3802,362,127,,,,,
"post hoc: equal test false-alarm rate (ROC-style, descriptive)",dL_fpr0.20_15min,15,,"primary, not censored at false-positive rate 0.20",mean_dL_min,-1.260094,-3.6442,0.8746,355,130,,,,,
"post hoc: equal test false-alarm rate (ROC-style, descriptive)",dL_fpr0.20_15min,15,,"primary, not censored at false-positive rate 0.20",fraction_E4_earlier,0.259155,0.2055,0.3092,355,130,,,,,
"post hoc: equal test false-alarm rate (ROC-style, descriptive)",dL_fpr0.20_15min,15,,"primary, not censored at false-positive rate 0.20",fraction_E4_later,0.349296,0.2991,0.4019,355,130,,,,,
post hoc: exploratory,dL_60min,60,P2b_log10_cdte_5_20_peak_cps,primary,spearman_rho,0.184461,0.0744,0.2876,343,129,,0.001,,,
post hoc: exploratory,dL_60min,60,P2b_log10_cdte_5_20_peak_cps,primary,partial_spearman_rho_given_log10_goes_peak_flux,-0.021344,-0.1271,0.0868,343,129,,,,,
"context (post hoc): alert duty cycle, common test origins",alert_E1,15,,common test origins,alert_on_fraction,0.145348,,,,,,,,,105512
"context (post hoc): alert duty cycle, common test origins",alert_E1,15,,common test origins,alert_on_when_no_flare_within_horizon,0.081256,,,,,,,,,89839
"context (post hoc): alert duty cycle, common test origins",alert_E1,15,,common test origins,alert_on_when_flare_within_horizon,0.553774,,,,,,,,,14347
"context (post hoc): alert duty cycle, common test origins",alert_E4,15,,common test origins,alert_on_fraction,0.13861,,,,,,,,,105512
"context (post hoc): alert duty cycle, common test origins",alert_E4,15,,common test origins,alert_on_when_no_flare_within_horizon,0.072107,,,,,,,,,89839
"context (post hoc): alert duty cycle, common test origins",alert_E4,15,,common test origins,alert_on_when_flare_within_horizon,0.560954,,,,,,,,,14347
"context (post hoc): alert duty cycle, common test origins",alert_E1,30,,common test origins,alert_on_fraction,0.179998,,,,,,,,,105512
"context (post hoc): alert duty cycle, common test origins",alert_E1,30,,common test origins,alert_on_when_no_flare_within_horizon,0.113717,,,,,,,,,84508
"context (post hoc): alert duty cycle, common test origins",alert_E1,30,,common test origins,alert_on_when_flare_within_horizon,0.471542,,,,,,,,,19678
"context (post hoc): alert duty cycle, common test origins",alert_E4,30,,common test origins,alert_on_fraction,0.173298,,,,,,,,,105512
"context (post hoc): alert duty cycle, common test origins",alert_E4,30,,common test origins,alert_on_when_no_flare_within_horizon,0.100097,,,,,,,,,84508
"context (post hoc): alert duty cycle, common test origins",alert_E4,30,,common test origins,alert_on_when_flare_within_horizon,0.493749,,,,,,,,,19678
"context (post hoc): alert duty cycle, common test origins",alert_E1,60,,common test origins,alert_on_fraction,0.176833,,,,,,,,,105512
"context (post hoc): alert duty cycle, common test origins",alert_E1,60,,common test origins,alert_on_when_no_flare_within_horizon,0.107224,,,,,,,,,75384
"context (post hoc): alert duty cycle, common test origins",alert_E1,60,,common test origins,alert_on_when_flare_within_horizon,0.363933,,,,,,,,,28802
"context (post hoc): alert duty cycle, common test origins",alert_E4,60,,common test origins,alert_on_fraction,0.201854,,,,,,,,,105512
"context (post hoc): alert duty cycle, common test origins",alert_E4,60,,common test origins,alert_on_when_no_flare_within_horizon,0.115064,,,,,,,,,75384
"context (post hoc): alert duty cycle, common test origins",alert_E4,60,,common test origins,alert_on_when_flare_within_horizon,0.433581,,,,,,,,,28802
